t,phase,pkg_c,ec_cpu_c,fan_rpm,pkg_w,mhz,ops,core_max_c,core_min_c,core_spread_c,core0_c,core4_c,core8_c,core9_c,core10_c,core11_c,core12_c,core13_c,core14_c,core15_c
1791039842.0,idle,41.0,50.0,1800,4.34,470,0,41.0,38.0,3.0,41.0,38.0,41.0,41.0,41.0,41.0,40.0,40.0,40.0,40.0
1791039843.0,idle,41.0,50.0,1800,3.91,478,0,41.0,38.0,3.0,41.0,38.0,41.0,41.0,41.0,41.0,40.0,40.0,40.0,40.0
1791039844.1,idle,42.0,50.0,1800,4.0,509,0,41.0,39.0,2.0,41.0,39.0,41.0,41.0,41.0,41.0,39.0,39.0,39.0,39.0
1791039845.1,idle,41.0,50.0,1800,3.92,697,0,41.0,39.0,2.0,39.0,39.0,41.0,41.0,41.0,41.0,39.0,39.0,39.0,39.0
1791039846.1,idle,41.0,50.0,1800,3.86,466,0,41.0,37.0,4.0,38.0,37.0,41.0,41.0,41.0,41.0,40.0,40.0,40.0,40.0
1791039847.1,idle,41.0,50.0,1800,3.97,508,0,41.0,39.0,2.0,39.0,39.0,41.0,40.0,40.0,40.0,39.0,39.0,39.0,39.0
1791039848.1,idle,41.0,50.0,1800,3.78,440,0,41.0,39.0,2.0,39.0,39.0,41.0,41.0,41.0,41.0,40.0,40.0,40.0,40.0
1791039849.1,idle,41.0,50.0,1800,3.77,487,0,41.0,39.0,2.0,40.0,39.0,41.0,41.0,41.0,41.0,39.0,39.0,40.0,40.0
1791039850.2,idle,41.0,50.0,1800,4.42,500,0,41.0,39.0,2.0,40.0,39.0,41.0,41.0,41.0,41.0,40.0,40.0,40.0,40.0
1791039851.2,idle,41.0,50.0,1800,3.78,585,0,41.0,39.0,2.0,41.0,39.0,41.0,41.0,41.0,41.0,39.0,39.0,40.0,40.0
1791039852.2,idle,41.0,50.0,1800,3.96,475,0,41.0,39.0,2.0,41.0,39.0,41.0,41.0,40.0,40.0,40.0,40.0,40.0,40.0
1791039853.2,idle,42.0,50.0,1800,8.84,549,0,42.0,40.0,2.0,42.0,40.0,41.0,41.0,42.0,42.0,42.0,42.0,42.0,42.0
1791039854.2,idle,42.0,50.0,1800,3.76,450,0,41.0,40.0,1.0,41.0,40.0,41.0,41.0,41.0,41.0,41.0,41.0,41.0,41.0
1791039855.2,idle,41.0,50.0,1800,3.85,453,0,41.0,40.0,1.0,41.0,40.0,41.0,41.0,41.0,41.0,41.0,41.0,41.0,41.0
1791039856.3,idle,42.0,50.0,1800,3.99,437,0,41.0,39.0,2.0,39.0,39.0,41.0,41.0,41.0,41.0,40.0,40.0,40.0,40.0
1791039857.3,idle,41.0,50.0,1800,4.03,433,0,41.0,40.0,1.0,40.0,40.0,41.0,41.0,41.0,41.0,40.0,40.0,40.0,40.0
1791039858.3,idle,42.0,50.0,1800,3.98,489,0,42.0,39.0,3.0,41.0,39.0,41.0,41.0,41.0,41.0,41.0,42.0,42.0,42.0
1791039859.3,idle,41.0,50.0,1800,3.83,720,0,41.0,39.0,2.0,41.0,39.0,41.0,41.0,41.0,40.0,40.0,40.0,40.0,40.0
1791039860.3,idle,42.0,50.0,1800,6.13,585,0,41.0,39.0,2.0,41.0,39.0,41.0,41.0,41.0,41.0,40.0,40.0,40.0,40.0
1791039861.3,idle,41.0,50.0,1800,4.12,514,0,41.0,40.0,1.0,40.0,40.0,41.0,41.0,41.0,41.0,40.0,40.0,41.0,41.0
1791039862.4,idle,41.0,50.0,1800,4.04,461,0,41.0,39.0,2.0,40.0,39.0,41.0,41.0,41.0,41.0,39.0,39.0,39.0,39.0
1791039863.4,idle,42.0,50.0,1800,4.07,519,0,41.0,39.0,2.0,41.0,39.0,41.0,41.0,40.0,40.0,40.0,40.0,40.0,40.0
1791039864.4,idle,41.0,50.0,1800,3.96,496,0,41.0,36.0,5.0,38.0,36.0,41.0,41.0,41.0,41.0,39.0,39.0,39.0,39.0
1791039865.4,idle,41.0,50.0,1800,4.14,487,0,41.0,39.0,2.0,40.0,39.0,41.0,41.0,41.0,41.0,39.0,39.0,39.0,40.0
1791039866.4,idle,42.0,50.0,1800,3.76,603,0,41.0,38.0,3.0,38.0,39.0,41.0,41.0,41.0,41.0,39.0,39.0,40.0,40.0
1791039867.4,idle,41.0,50.0,1800,4.18,596,0,41.0,39.0,2.0,41.0,39.0,41.0,41.0,41.0,41.0,40.0,40.0,40.0,40.0
1791039868.5,idle,41.0,50.0,1800,4.21,425,0,41.0,39.0,2.0,41.0,39.0,41.0,41.0,41.0,41.0,40.0,40.0,40.0,40.0
1791039869.5,idle,42.0,50.0,1800,5.59,633,0,41.0,39.0,2.0,41.0,40.0,41.0,41.0,41.0,41.0,41.0,41.0,39.0,39.0
1791039870.5,idle,41.0,50.0,1800,4.74,644,0,43.0,38.0,5.0,41.0,38.0,41.0,41.0,43.0,43.0,40.0,40.0,41.0,41.0
1791039871.5,idle,41.0,50.0,1800,4.12,520,0,41.0,39.0,2.0,41.0,39.0,41.0,41.0,41.0,41.0,40.0,40.0,40.0,39.0
1791039872.5,idle,41.0,50.0,1800,4.53,470,0,41.0,39.0,2.0,40.0,39.0,41.0,41.0,41.0,41.0,40.0,40.0,40.0,40.0
1791039873.5,idle,42.0,50.0,1800,9.33,472,0,41.0,39.0,2.0,41.0,39.0,41.0,41.0,41.0,41.0,40.0,40.0,40.0,41.0
1791039874.6,idle,41.0,50.0,1800,4.75,600,0,42.0,40.0,2.0,41.0,40.0,41.0,41.0,41.0,41.0,42.0,42.0,42.0,42.0
1791039875.6,idle,42.0,50.0,1800,4.07,544,0,41.0,39.0,2.0,40.0,39.0,41.0,41.0,41.0,41.0,40.0,40.0,40.0,40.0
1791039876.6,idle,41.0,50.0,1800,4.03,979,0,42.0,39.0,3.0,41.0,40.0,41.0,41.0,42.0,42.0,39.0,39.0,39.0,39.0
1791039877.6,idle,41.0,50.0,1800,4.11,809,0,41.0,40.0,1.0,41.0,40.0,41.0,41.0,41.0,41.0,41.0,41.0,41.0,41.0
1791039878.6,idle,41.0,50.0,1800,4.23,587,0,41.0,40.0,1.0,41.0,40.0,41.0,41.0,41.0,41.0,40.0,40.0,40.0,40.0
1791039879.6,idle,41.0,50.0,1800,4.66,1007,0,43.0,40.0,3.0,41.0,43.0,42.0,42.0,42.0,42.0,40.0,40.0,40.0,40.0
1791039880.6,idle,41.0,50.0,1800,4.7,447,0,41.0,39.0,2.0,41.0,39.0,41.0,41.0,41.0,41.0,39.0,40.0,40.0,40.0
1791039881.6,idle,42.0,50.0,1800,4.98,471,0,41.0,37.0,4.0,41.0,37.0,41.0,41.0,41.0,41.0,40.0,39.0,39.0,39.0
1791039882.7,idle,41.0,50.0,1800,3.59,490,0,41.0,39.0,2.0,41.0,40.0,40.0,40.0,41.0,41.0,39.0,39.0,40.0,40.0
1791039883.7,idle,41.0,50.0,1800,4.29,534,0,41.0,39.0,2.0,41.0,39.0,41.0,41.0,41.0,41.0,41.0,41.0,40.0,40.0
1791039884.7,idle,41.0,50.0,1800,3.69,734,0,42.0,40.0,2.0,42.0,40.0,41.0,41.0,41.0,41.0,40.0,40.0,40.0,40.0
1791039885.7,idle,41.0,50.0,1800,3.71,453,0,41.0,39.0,2.0,40.0,39.0,41.0,41.0,41.0,41.0,39.0,39.0,39.0,39.0
1791039886.7,idle,41.0,50.0,1800,3.89,514,0,41.0,38.0,3.0,41.0,38.0,41.0,41.0,41.0,41.0,40.0,40.0,39.0,39.0
1791039887.7,idle,41.0,50.0,1800,3.96,481,0,41.0,40.0,1.0,41.0,40.0,41.0,41.0,41.0,40.0,40.0,40.0,40.0,40.0
1791039888.8,idle,41.0,50.0,1800,3.76,493,0,41.0,39.0,2.0,41.0,39.0,41.0,41.0,41.0,41.0,40.0,40.0,40.0,39.0
1791039889.8,idle,42.0,50.0,1800,5.11,1400,0,46.0,40.0,6.0,46.0,44.0,41.0,41.0,41.0,42.0,40.0,40.0,40.0,40.0
1791039890.8,idle,41.0,50.0,1800,4.15,503,0,41.0,39.0,2.0,40.0,39.0,41.0,40.0,40.0,41.0,41.0,41.0,39.0,39.0
1791039891.8,idle,41.0,50.0,1800,3.74,476,0,41.0,39.0,2.0,39.0,39.0,41.0,41.0,41.0,41.0,39.0,39.0,40.0,40.0
1791039892.8,idle,41.0,50.0,1800,3.72,496,0,41.0,39.0,2.0,41.0,39.0,41.0,41.0,41.0,41.0,40.0,40.0,40.0,40.0
1791039893.8,idle,42.0,50.0,1800,8.58,446,0,41.0,40.0,1.0,41.0,40.0,41.0,41.0,41.0,41.0,41.0,41.0,41.0,41.0
1791039894.8,idle,42.0,50.0,1800,3.82,460,0,41.0,39.0,2.0,39.0,40.0,41.0,41.0,41.0,41.0,40.0,40.0,40.0,40.0
1791039895.9,idle,41.0,50.0,1800,3.82,434,0,41.0,39.0,2.0,40.0,39.0,41.0,41.0,41.0,41.0,41.0,41.0,40.0,40.0
1791039896.9,idle,42.0,50.0,1800,3.66,517,0,41.0,39.0,2.0,41.0,39.0,41.0,41.0,41.0,41.0,40.0,40.0,40.0,40.0
1791039897.9,idle,42.0,50.0,1800,3.64,442,0,41.0,39.0,2.0,40.0,39.0,41.0,41.0,41.0,41.0,40.0,40.0,40.0,40.0
1791039898.9,idle,41.0,50.0,1800,3.62,506,0,41.0,40.0,1.0,41.0,40.0,41.0,41.0,41.0,41.0,40.0,40.0,40.0,40.0
1791039899.9,idle,41.0,50.0,1800,4.54,479,0,41.0,40.0,1.0,41.0,40.0,41.0,41.0,41.0,41.0,41.0,41.0,41.0,41.0
1791039900.9,idle,41.0,50.0,1800,3.69,464,0,42.0,40.0,2.0,40.0,40.0,41.0,41.0,41.0,41.0,42.0,42.0,42.0,42.0
1791039902.0,idle,42.0,50.0,1800,4.67,1196,0,44.0,41.0,3.0,44.0,41.0,41.0,41.0,41.0,41.0,42.0,42.0,42.0,42.0
1791039903.0,idle,41.0,50.0,1800,3.82,453,0,41.0,39.0,2.0,41.0,39.0,41.0,41.0,41.0,41.0,41.0,40.0,40.0,40.0
1791039904.0,idle,41.0,50.0,1800,3.7,522,0,41.0,39.0,2.0,41.0,40.0,40.0,40.0,40.0,41.0,39.0,39.0,39.0,39.0
1791039905.0,idle,41.0,50.0,1800,3.64,453,0,41.0,39.0,2.0,40.0,39.0,40.0,40.0,41.0,41.0,40.0,40.0,40.0,40.0
1791039906.0,idle,41.0,50.0,1800,3.5,507,0,41.0,39.0,2.0,41.0,39.0,40.0,40.0,40.0,40.0,40.0,41.0,41.0,41.0
1791039907.0,idle,42.0,50.0,1800,3.6,499,0,41.0,40.0,1.0,40.0,40.0,41.0,41.0,41.0,41.0,40.0,40.0,40.0,40.0
1791039908.1,idle,42.0,50.0,1800,3.85,451,0,41.0,39.0,2.0,41.0,40.0,41.0,41.0,41.0,41.0,39.0,39.0,39.0,39.0
1791039909.1,idle,42.0,50.0,1800,3.54,469,0,41.0,40.0,1.0,40.0,40.0,41.0,40.0,40.0,41.0,40.0,40.0,40.0,40.0
1791039910.1,idle,42.0,50.0,1800,4.18,494,0,41.0,38.0,3.0,38.0,39.0,41.0,41.0,41.0,41.0,39.0,39.0,39.0,39.0
1791039911.1,idle,41.0,50.0,1800,3.69,444,0,41.0,39.0,2.0,41.0,39.0,41.0,41.0,41.0,41.0,39.0,39.0,39.0,39.0
1791039912.1,idle,41.0,50.0,1800,3.67,468,0,41.0,39.0,2.0,41.0,39.0,41.0,41.0,41.0,41.0,40.0,40.0,40.0,40.0
1791039913.1,idle,43.0,50.0,1800,8.29,482,0,43.0,40.0,3.0,43.0,40.0,43.0,43.0,42.0,42.0,43.0,43.0,43.0,43.0
1791039914.1,idle,41.0,50.0,1800,4.05,453,0,41.0,39.0,2.0,41.0,39.0,40.0,40.0,40.0,40.0,40.0,41.0,41.0,41.0
1791039915.2,idle,42.0,50.0,1800,3.59,475,0,41.0,39.0,2.0,41.0,40.0,40.0,41.0,41.0,41.0,39.0,39.0,39.0,39.0
1791039916.2,idle,41.0,50.0,1800,3.8,474,0,41.0,39.0,2.0,41.0,39.0,41.0,41.0,41.0,41.0,39.0,39.0,40.0,40.0
1791039917.2,idle,41.0,50.0,1800,3.68,500,0,41.0,39.0,2.0,41.0,40.0,40.0,41.0,41.0,41.0,39.0,39.0,39.0,39.0
1791039918.2,idle,41.0,50.0,1800,3.4,498,0,41.0,39.0,2.0,41.0,40.0,41.0,41.0,41.0,40.0,40.0,40.0,40.0,39.0
1791039919.2,idle,42.0,50.0,1800,3.96,479,0,41.0,39.0,2.0,41.0,39.0,41.0,41.0,41.0,41.0,40.0,40.0,40.0,40.0
1791039920.2,idle,42.0,50.0,1800,5.44,430,0,41.0,39.0,2.0,41.0,39.0,40.0,40.0,40.0,40.0,40.0,39.0,39.0,39.0
1791039921.3,idle,41.0,50.0,1800,3.57,498,0,41.0,39.0,2.0,41.0,39.0,40.0,41.0,41.0,41.0,41.0,41.0,41.0,40.0
1791039922.3,idle,42.0,50.0,1800,3.52,467,0,41.0,39.0,2.0,41.0,39.0,40.0,41.0,41.0,41.0,40.0,40.0,40.0,40.0
1791039923.3,idle,42.0,50.0,1800,3.55,489,0,41.0,37.0,4.0,39.0,37.0,41.0,41.0,41.0,41.0,39.0,39.0,39.0,39.0
1791039924.3,idle,42.0,50.0,1800,3.46,447,0,41.0,39.0,2.0,41.0,40.0,41.0,41.0,41.0,41.0,39.0,39.0,40.0,40.0
1791039925.3,idle,42.0,50.0,1800,3.7,492,0,41.0,39.0,2.0,40.0,39.0,41.0,41.0,41.0,41.0,39.0,39.0,39.0,39.0
1791039926.3,idle,42.0,50.0,1800,3.44,438,0,42.0,38.0,4.0,41.0,38.0,42.0,41.0,41.0,41.0,40.0,40.0,40.0,40.0
1791039927.4,idle,41.0,50.0,1800,3.54,418,0,41.0,39.0,2.0,40.0,39.0,41.0,41.0,41.0,41.0,40.0,40.0,40.0,39.0
1791039928.4,idle,41.0,50.0,1800,3.41,472,0,41.0,39.0,2.0,41.0,39.0,41.0,41.0,41.0,41.0,39.0,39.0,39.0,40.0
1791039929.4,idle,75.0,52.0,1800,19.26,1831,0,71.0,47.0,24.0,71.0,48.0,54.0,54.0,54.0,54.0,47.0,47.0,47.0,47.0
1791039930.4,idle,42.0,53.0,1800,10.68,420,0,42.0,40.0,2.0,42.0,40.0,42.0,41.0,41.0,41.0,42.0,41.0,41.0,41.0
1791039931.4,idle,43.0,55.0,1800,12.25,451,0,43.0,41.0,2.0,42.0,41.0,42.0,42.0,42.0,43.0,43.0,43.0,43.0,42.0
1791039932.4,idle,42.0,55.0,1800,3.81,486,0,42.0,39.0,3.0,41.0,39.0,41.0,41.0,41.0,41.0,41.0,41.0,41.0,42.0
1791039933.5,idle,42.0,56.0,1800,8.62,537,0,42.0,40.0,2.0,42.0,40.0,41.0,42.0,42.0,41.0,41.0,41.0,41.0,41.0
1791039934.5,idle,42.0,56.0,1800,3.85,494,0,42.0,39.0,3.0,39.0,40.0,41.0,41.0,41.0,41.0,42.0,42.0,42.0,42.0
1791039935.5,idle,42.0,53.0,1800,3.24,509,0,41.0,39.0,2.0,41.0,39.0,41.0,41.0,41.0,41.0,40.0,40.0,41.0,41.0
1791039936.5,idle,42.0,53.0,1800,3.49,472,0,42.0,39.0,3.0,42.0,39.0,42.0,42.0,41.0,41.0,40.0,40.0,40.0,40.0
1791039937.5,idle,42.0,51.0,1800,3.52,547,0,41.0,38.0,3.0,41.0,38.0,41.0,41.0,41.0,41.0,40.0,41.0,41.0,41.0
1791039938.5,idle,42.0,51.0,1800,3.52,485,0,41.0,39.0,2.0,39.0,40.0,41.0,41.0,41.0,41.0,41.0,41.0,41.0,41.0
1791039939.5,idle,41.0,51.0,1800,3.52,455,0,42.0,40.0,2.0,41.0,40.0,41.0,41.0,41.0,41.0,42.0,42.0,42.0,40.0
1791039940.6,idle,43.0,51.0,1800,4.12,484,0,41.0,39.0,2.0,39.0,40.0,41.0,41.0,41.0,41.0,41.0,40.0,40.0,40.0
1791039941.6,idle,42.0,51.0,1800,4.0,463,0,41.0,39.0,2.0,41.0,39.0,41.0,41.0,40.0,40.0,41.0,41.0,41.0,41.0
1791039942.6,idle,42.0,51.0,1800,3.71,464,0,41.0,40.0,1.0,41.0,40.0,41.0,41.0,41.0,41.0,41.0,40.0,40.0,40.0
1791039943.6,idle,42.0,50.0,1800,3.32,489,0,42.0,40.0,2.0,40.0,40.0,42.0,42.0,41.0,41.0,41.0,41.0,41.0,41.0
1791039944.6,idle,42.0,50.0,1800,3.27,433,0,41.0,39.0,2.0,39.0,39.0,41.0,41.0,41.0,41.0,41.0,41.0,41.0,41.0
1791039945.6,idle,42.0,50.0,1800,3.31,460,0,41.0,40.0,1.0,41.0,40.0,41.0,41.0,41.0,41.0,40.0,41.0,41.0,41.0
1791039946.7,idle,42.0,50.0,1800,3.44,523,0,42.0,39.0,3.0,39.0,39.0,40.0,40.0,41.0,41.0,42.0,42.0,42.0,41.0
1791039947.7,idle,42.0,50.0,1800,3.73,541,0,41.0,39.0,2.0,41.0,40.0,41.0,41.0,41.0,41.0,39.0,39.0,39.0,39.0
1791039948.7,idle,42.0,50.0,1800,3.91,556,0,42.0,39.0,3.0,42.0,39.0,42.0,42.0,41.0,41.0,40.0,40.0,40.0,40.0
1791039949.7,idle,47.0,50.0,1800,5.65,1411,0,47.0,40.0,7.0,47.0,40.0,45.0,45.0,45.0,45.0,41.0,41.0,41.0,41.0
1791039950.7,idle,42.0,50.0,1800,4.35,471,0,42.0,39.0,3.0,42.0,39.0,41.0,41.0,41.0,41.0,40.0,40.0,40.0,40.0
1791039951.7,idle,42.0,50.0,1800,4.07,488,0,42.0,40.0,2.0,41.0,40.0,41.0,41.0,41.0,42.0,41.0,40.0,41.0,41.0
1791039952.8,idle,42.0,50.0,1800,4.17,501,0,42.0,40.0,2.0,41.0,40.0,41.0,41.0,41.0,41.0,40.0,40.0,42.0,42.0
1791039953.8,idle,43.0,50.0,1800,9.18,497,0,41.0,38.0,3.0,41.0,38.0,41.0,41.0,41.0,41.0,41.0,40.0,40.0,41.0
1791039954.8,idle,42.0,50.0,1800,3.93,473,0,42.0,39.0,3.0,42.0,39.0,41.0,41.0,41.0,41.0,41.0,41.0,41.0,41.0
1791039955.8,idle,41.0,50.0,1800,4.15,450,0,41.0,39.0,2.0,39.0,41.0,41.0,41.0,41.0,41.0,41.0,41.0,40.0,40.0
1791039956.8,idle,42.0,50.0,1800,3.91,512,0,42.0,39.0,3.0,42.0,40.0,41.0,41.0,41.0,41.0,39.0,40.0,40.0,40.0
1791039957.8,idle,42.0,50.0,1800,4.13,759,0,42.0,39.0,3.0,41.0,39.0,42.0,42.0,42.0,42.0,40.0,40.0,40.0,40.0
1791039958.9,idle,43.0,50.0,1800,4.89,580,0,42.0,41.0,1.0,41.0,41.0,42.0,42.0,42.0,42.0,42.0,42.0,42.0,41.0
1791039959.9,idle,42.0,50.0,1800,5.3,1845,0,56.0,42.0,14.0,56.0,42.0,45.0,45.0,45.0,45.0,42.0,42.0,42.0,42.0
1791039960.9,idle,42.0,50.0,1800,3.95,615,0,41.0,39.0,2.0,41.0,39.0,41.0,41.0,41.0,41.0,40.0,40.0,40.0,40.0
1791039961.9,idle,42.0,50.0,1800,3.55,493,0,41.0,39.0,2.0,39.0,40.0,41.0,41.0,40.0,40.0,41.0,41.0,41.0,40.0
1791039962.9,idle,42.0,50.0,1800,3.31,464,0,41.0,39.0,2.0,41.0,39.0,41.0,41.0,41.0,41.0,40.0,40.0,40.0,40.0
1791039963.9,idle,42.0,50.0,1800,3.48,546,0,42.0,39.0,3.0,41.0,39.0,42.0,42.0,42.0,41.0,40.0,40.0,40.0,40.0
1791039964.9,idle,41.0,50.0,1800,3.77,443,0,41.0,39.0,2.0,41.0,40.0,41.0,41.0,41.0,41.0,39.0,39.0,39.0,39.0
1791039966.0,idle,42.0,50.0,1800,3.47,509,0,41.0,39.0,2.0,39.0,39.0,41.0,40.0,40.0,40.0,40.0,41.0,41.0,41.0
1791039967.0,idle,42.0,50.0,1800,3.43,540,0,42.0,39.0,3.0,41.0,39.0,42.0,42.0,41.0,41.0,39.0,39.0,39.0,39.0
1791039968.0,idle,41.0,50.0,1800,3.62,456,0,41.0,39.0,2.0,39.0,39.0,41.0,41.0,41.0,41.0,40.0,40.0,40.0,40.0
1791039969.0,idle,41.0,50.0,1800,3.48,461,0,41.0,39.0,2.0,41.0,39.0,41.0,41.0,41.0,41.0,40.0,40.0,40.0,40.0
1791039970.0,idle,42.0,50.0,1800,4.24,448,0,41.0,39.0,2.0,41.0,39.0,41.0,41.0,41.0,41.0,41.0,40.0,40.0,40.0
1791039971.0,idle,42.0,50.0,1800,4.22,772,0,41.0,37.0,4.0,41.0,37.0,41.0,41.0,40.0,40.0,40.0,40.0,40.0,40.0
1791039972.1,idle,41.0,50.0,1800,4.95,472,0,41.0,39.0,2.0,41.0,39.0,41.0,41.0,41.0,41.0,40.0,40.0,40.0,40.0
1791039973.1,idle,45.0,50.0,1800,8.74,495,0,44.0,42.0,2.0,42.0,43.0,44.0,44.0,44.0,44.0,43.0,43.0,43.0,43.0
1791039974.1,idle,42.0,50.0,1800,3.39,417,0,41.0,39.0,2.0,41.0,39.0,41.0,40.0,40.0,41.0,40.0,40.0,40.0,41.0
1791039975.1,idle,41.0,50.0,1800,3.37,467,0,41.0,39.0,2.0,41.0,39.0,41.0,41.0,41.0,41.0,39.0,39.0,39.0,39.0
1791039976.1,idle,42.0,50.0,1800,3.82,442,0,41.0,39.0,2.0,41.0,39.0,41.0,41.0,41.0,41.0,39.0,40.0,40.0,40.0
1791039977.1,idle,41.0,50.0,1800,3.78,671,0,41.0,40.0,1.0,41.0,40.0,41.0,41.0,41.0,41.0,40.0,40.0,40.0,40.0
1791039978.1,idle,41.0,50.0,1800,3.84,574,0,41.0,39.0,2.0,41.0,39.0,41.0,41.0,41.0,41.0,39.0,39.0,39.0,39.0
1791039979.2,idle,42.0,50.0,1800,3.58,461,0,42.0,40.0,2.0,41.0,40.0,41.0,41.0,42.0,40.0,40.0,40.0,40.0,41.0
1791039980.2,idle,42.0,50.0,1800,5.14,467,0,42.0,39.0,3.0,42.0,39.0,41.0,41.0,41.0,41.0,40.0,41.0,41.0,41.0
1791039981.2,idle,41.0,50.0,1800,3.54,454,0,41.0,40.0,1.0,41.0,40.0,41.0,41.0,41.0,41.0,40.0,40.0,40.0,40.0
1791039982.2,idle,41.0,50.0,1800,3.54,484,0,41.0,39.0,2.0,41.0,39.0,41.0,41.0,41.0,41.0,40.0,39.0,39.0,39.0
1791039983.2,idle,42.0,50.0,1800,3.3,451,0,41.0,39.0,2.0,41.0,39.0,41.0,41.0,41.0,41.0,39.0,39.0,39.0,39.0
1791039984.2,idle,41.0,50.0,1800,3.56,509,0,41.0,40.0,1.0,40.0,40.0,41.0,41.0,41.0,41.0,41.0,40.0,40.0,40.0
1791039985.3,idle,42.0,50.0,1800,3.62,547,0,41.0,39.0,2.0,41.0,39.0,41.0,41.0,41.0,41.0,39.0,39.0,39.0,39.0
1791039986.3,idle,41.0,50.0,1800,3.83,473,0,41.0,39.0,2.0,41.0,39.0,41.0,41.0,41.0,41.0,40.0,40.0,40.0,39.0
1791039987.3,idle,42.0,50.0,1800,3.3,475,0,41.0,39.0,2.0,39.0,40.0,41.0,41.0,41.0,41.0,40.0,40.0,40.0,40.0
1791039988.3,idle,41.0,50.0,1800,3.34,447,0,41.0,40.0,1.0,40.0,40.0,41.0,41.0,41.0,41.0,40.0,40.0,40.0,40.0
1791039989.3,idle,42.0,50.0,1800,3.22,477,0,41.0,39.0,2.0,41.0,39.0,41.0,41.0,41.0,41.0,39.0,40.0,40.0,40.0
1791039990.3,idle,42.0,50.0,1800,4.42,475,0,41.0,39.0,2.0,41.0,40.0,41.0,41.0,41.0,41.0,40.0,39.0,39.0,39.0
1791039991.4,idle,41.0,50.0,1800,3.33,439,0,41.0,39.0,2.0,40.0,39.0,41.0,40.0,40.0,40.0,39.0,39.0,39.0,39.0
1791039992.4,idle,41.0,50.0,1800,3.3,519,0,41.0,39.0,2.0,39.0,39.0,41.0,41.0,41.0,41.0,39.0,39.0,39.0,39.0
1791039993.4,idle,42.0,50.0,1800,8.64,513,0,42.0,39.0,3.0,42.0,39.0,41.0,41.0,41.0,41.0,40.0,40.0,40.0,40.0
1791039994.4,idle,41.0,50.0,1800,4.07,462,0,41.0,39.0,2.0,40.0,39.0,41.0,41.0,41.0,41.0,40.0,40.0,40.0,40.0
1791039995.4,idle,41.0,50.0,1800,3.56,460,0,41.0,39.0,2.0,40.0,39.0,41.0,41.0,41.0,41.0,41.0,41.0,40.0,40.0
1791039996.4,idle,41.0,50.0,1800,3.4,451,0,41.0,39.0,2.0,41.0,39.0,41.0,41.0,41.0,41.0,39.0,40.0,40.0,39.0
1791039997.5,idle,41.0,50.0,1800,3.37,428,0,41.0,39.0,2.0,41.0,39.0,41.0,40.0,40.0,41.0,40.0,40.0,40.0,40.0
1791039998.5,idle,41.0,50.0,1800,3.34,487,0,41.0,39.0,2.0,41.0,39.0,40.0,40.0,40.0,40.0,40.0,39.0,39.0,39.0
1791039999.5,idle,42.0,50.0,1800,3.22,479,0,41.0,36.0,5.0,40.0,36.0,41.0,41.0,41.0,41.0,40.0,40.0,40.0,40.0
1791040000.5,idle,42.0,50.0,1800,4.01,457,0,41.0,39.0,2.0,41.0,39.0,40.0,40.0,40.0,40.0,40.0,40.0,40.0,40.0
1791040001.5,idle,42.0,50.0,1800,4.24,465,0,41.0,36.0,5.0,41.0,36.0,40.0,40.0,41.0,41.0,39.0,39.0,40.0,40.0
1791040002.5,idle,41.0,50.0,1800,3.19,455,0,41.0,39.0,2.0,40.0,39.0,41.0,41.0,41.0,41.0,40.0,39.0,39.0,39.0
1791040003.6,idle,41.0,49.0,1800,3.41,482,0,41.0,39.0,2.0,41.0,39.0,41.0,41.0,40.0,40.0,39.0,39.0,40.0,40.0
1791040004.6,idle,42.0,49.0,1800,3.24,425,0,41.0,39.0,2.0,39.0,39.0,41.0,41.0,41.0,41.0,39.0,39.0,39.0,39.0
1791040005.6,idle,41.0,49.0,1800,3.42,512,0,41.0,39.0,2.0,40.0,39.0,41.0,41.0,41.0,41.0,39.0,39.0,39.0,39.0
1791040006.6,idle,41.0,49.0,1800,3.94,487,0,41.0,39.0,2.0,41.0,39.0,41.0,41.0,41.0,41.0,39.0,39.0,39.0,39.0
1791040007.6,idle,41.0,49.0,1800,3.18,515,0,41.0,39.0,2.0,40.0,39.0,41.0,41.0,41.0,41.0,39.0,39.0,39.0,39.0
1791040008.6,idle,41.0,49.0,1800,3.46,451,0,41.0,37.0,4.0,39.0,37.0,41.0,41.0,41.0,41.0,39.0,39.0,39.0,39.0
1791040009.7,idle,41.0,50.0,1800,3.5,493,0,41.0,39.0,2.0,41.0,39.0,40.0,40.0,40.0,40.0,39.0,40.0,40.0,40.0
1791040010.7,idle,41.0,50.0,1800,5.13,467,0,41.0,39.0,2.0,40.0,39.0,41.0,41.0,41.0,41.0,39.0,39.0,39.0,40.0
1791040011.7,idle,41.0,50.0,1800,3.47,440,0,41.0,39.0,2.0,41.0,39.0,41.0,41.0,41.0,41.0,40.0,40.0,39.0,39.0
1791040012.7,idle,41.0,50.0,1800,3.51,467,0,41.0,37.0,4.0,39.0,37.0,41.0,41.0,40.0,40.0,39.0,40.0,40.0,40.0
1791040013.7,idle,41.0,50.0,1800,8.23,485,0,41.0,39.0,2.0,41.0,39.0,41.0,41.0,41.0,41.0,40.0,40.0,40.0,40.0
1791040014.7,idle,41.0,50.0,1800,3.41,427,0,41.0,39.0,2.0,41.0,39.0,40.0,41.0,41.0,41.0,39.0,39.0,39.0,39.0
1791040015.8,idle,41.0,50.0,1800,3.26,486,0,41.0,38.0,3.0,38.0,39.0,41.0,41.0,41.0,41.0,38.0,38.0,38.0,38.0
1791040016.8,idle,41.0,50.0,1800,3.39,461,0,41.0,37.0,4.0,41.0,37.0,41.0,41.0,41.0,41.0,39.0,39.0,39.0,39.0
1791040017.8,idle,41.0,50.0,1800,3.35,429,0,41.0,39.0,2.0,41.0,40.0,41.0,41.0,41.0,41.0,39.0,40.0,40.0,40.0
1791040018.8,idle,41.0,50.0,1800,3.15,442,0,41.0,39.0,2.0,39.0,40.0,40.0,40.0,40.0,41.0,39.0,39.0,39.0,39.0
1791040019.8,idle,42.0,50.0,1800,4.2,546,0,41.0,39.0,2.0,39.0,40.0,41.0,41.0,41.0,41.0,41.0,41.0,40.0,40.0
1791040020.8,idle,41.0,50.0,1800,3.7,488,0,41.0,39.0,2.0,41.0,39.0,41.0,41.0,41.0,41.0,39.0,39.0,39.0,39.0
1791040021.9,idle,41.0,50.0,1800,3.43,483,0,41.0,38.0,3.0,40.0,38.0,41.0,41.0,41.0,41.0,39.0,39.0,39.0,39.0
1791040022.9,idle,41.0,50.0,1800,3.25,467,0,41.0,39.0,2.0,41.0,39.0,41.0,41.0,41.0,41.0,39.0,39.0,39.0,39.0
1791040023.9,idle,42.0,50.0,1800,3.46,471,0,41.0,39.0,2.0,39.0,39.0,40.0,40.0,41.0,41.0,39.0,39.0,39.0,39.0
1791040024.9,idle,41.0,50.0,1800,3.25,542,0,41.0,37.0,4.0,40.0,37.0,41.0,41.0,41.0,41.0,39.0,39.0,39.0,38.0
1791040025.9,idle,41.0,50.0,1800,3.31,492,0,41.0,38.0,3.0,39.0,40.0,40.0,41.0,41.0,41.0,39.0,38.0,38.0,38.0
1791040026.9,idle,41.0,50.0,1800,3.48,459,0,41.0,39.0,2.0,39.0,39.0,41.0,41.0,40.0,40.0,39.0,40.0,40.0,40.0
1791040028.0,idle,41.0,50.0,1800,3.03,469,0,41.0,38.0,3.0,39.0,39.0,41.0,41.0,41.0,41.0,39.0,39.0,38.0,38.0
1791040029.0,idle,41.0,50.0,1800,3.23,537,0,41.0,39.0,2.0,41.0,39.0,41.0,41.0,40.0,40.0,39.0,39.0,39.0,39.0
1791040030.0,idle,41.0,50.0,1800,3.96,490,0,41.0,39.0,2.0,39.0,40.0,41.0,41.0,41.0,41.0,39.0,39.0,39.0,39.0
1791040031.0,idle,41.0,50.0,1800,3.06,463,0,41.0,38.0,3.0,39.0,39.0,41.0,41.0,41.0,41.0,39.0,38.0,38.0,38.0
1791040032.0,idle,41.0,50.0,1800,3.66,465,0,41.0,38.0,3.0,40.0,39.0,41.0,41.0,41.0,41.0,39.0,39.0,38.0,38.0
1791040033.0,idle,49.0,49.0,1800,8.37,1520,0,50.0,43.0,7.0,48.0,43.0,48.0,48.0,48.0,50.0,44.0,44.0,44.0,44.0
1791040034.0,idle,42.0,50.0,1800,3.92,510,0,41.0,38.0,3.0,38.0,39.0,41.0,41.0,41.0,41.0,39.0,39.0,39.0,39.0
1791040035.1,idle,41.0,50.0,1800,4.15,451,0,41.0,39.0,2.0,41.0,39.0,41.0,41.0,41.0,41.0,39.0,39.0,39.0,39.0
1791040036.1,idle,41.0,50.0,1800,3.66,498,0,41.0,38.0,3.0,38.0,39.0,41.0,41.0,41.0,41.0,39.0,39.0,39.0,39.0
1791040037.1,idle,41.0,50.0,1800,3.48,445,0,41.0,39.0,2.0,39.0,39.0,41.0,41.0,41.0,41.0,39.0,39.0,39.0,39.0
1791040038.1,idle,41.0,50.0,1800,3.07,477,0,41.0,39.0,2.0,39.0,39.0,41.0,41.0,41.0,40.0,39.0,39.0,39.0,39.0
1791040039.1,idle,41.0,50.0,1800,3.54,504,0,41.0,39.0,2.0,39.0,39.0,41.0,41.0,41.0,41.0,39.0,39.0,39.0,39.0
1791040040.1,idle,41.0,50.0,1800,5.05,548,0,42.0,39.0,3.0,39.0,40.0,40.0,41.0,41.0,42.0,39.0,39.0,39.0,39.0
1791040041.2,idle,41.0,50.0,1800,3.26,435,0,41.0,38.0,3.0,38.0,39.0,40.0,41.0,40.0,40.0,39.0,39.0,39.0,39.0
1791040042.2,idle,41.0,50.0,1800,3.09,475,0,41.0,39.0,2.0,39.0,39.0,41.0,41.0,41.0,41.0,39.0,39.0,39.0,39.0
1791040043.2,idle,41.0,50.0,1800,3.36,488,0,41.0,37.0,4.0,39.0,37.0,40.0,40.0,40.0,41.0,39.0,38.0,38.0,38.0
1791040044.2,idle,41.0,50.0,1800,3.01,505,0,41.0,39.0,2.0,39.0,39.0,40.0,40.0,40.0,41.0,39.0,39.0,39.0,39.0
1791040045.2,idle,41.0,50.0,1800,3.56,440,0,41.0,37.0,4.0,38.0,37.0,41.0,41.0,41.0,41.0,39.0,39.0,39.0,39.0
1791040046.2,idle,41.0,50.0,1800,3.24,452,0,41.0,38.0,3.0,39.0,39.0,40.0,41.0,41.0,41.0,39.0,39.0,39.0,38.0
1791040047.3,idle,42.0,50.0,1800,3.12,465,0,41.0,39.0,2.0,41.0,39.0,41.0,41.0,41.0,41.0,39.0,39.0,39.0,39.0
1791040048.3,idle,41.0,50.0,1800,3.03,459,0,41.0,39.0,2.0,39.0,39.0,41.0,41.0,41.0,41.0,39.0,39.0,39.0,39.0
1791040049.3,idle,41.0,50.0,1800,3.36,472,0,41.0,39.0,2.0,40.0,39.0,41.0,41.0,40.0,40.0,39.0,39.0,39.0,39.0
1791040050.3,idle,41.0,49.0,1800,4.28,438,0,41.0,38.0,3.0,39.0,38.0,40.0,41.0,41.0,41.0,39.0,39.0,39.0,39.0
1791040051.3,idle,41.0,49.0,1800,3.74,418,0,41.0,39.0,2.0,39.0,39.0,41.0,41.0,41.0,41.0,39.0,39.0,39.0,39.0
1791040052.3,idle,41.0,49.0,1800,3.32,440,0,41.0,37.0,4.0,40.0,37.0,41.0,41.0,40.0,40.0,39.0,39.0,39.0,39.0
1791040053.4,idle,42.0,49.0,1800,8.07,490,0,41.0,39.0,2.0,40.0,39.0,40.0,41.0,41.0,41.0,40.0,40.0,40.0,40.0
1791040054.4,idle,41.0,49.0,1800,3.46,419,0,41.0,39.0,2.0,39.0,39.0,40.0,41.0,41.0,40.0,39.0,39.0,39.0,39.0
1791040055.4,idle,41.0,49.0,1800,3.4,457,0,41.0,36.0,5.0,39.0,36.0,41.0,41.0,41.0,41.0,40.0,40.0,40.0,40.0
1791040056.4,idle,41.0,49.0,1800,3.35,465,0,41.0,39.0,2.0,40.0,39.0,41.0,41.0,41.0,40.0,39.0,39.0,39.0,39.0
1791040057.4,idle,41.0,49.0,1800,3.46,422,0,41.0,38.0,3.0,38.0,39.0,41.0,41.0,40.0,40.0,39.0,38.0,38.0,39.0
1791040058.4,idle,41.0,49.0,1800,3.24,422,0,41.0,39.0,2.0,39.0,39.0,41.0,41.0,41.0,41.0,39.0,39.0,39.0,39.0
1791040059.5,idle,41.0,49.0,1800,3.11,465,0,40.0,39.0,1.0,39.0,39.0,40.0,40.0,40.0,40.0,39.0,39.0,39.0,39.0
1791040060.5,idle,40.0,49.0,1800,3.8,417,0,40.0,38.0,2.0,38.0,39.0,40.0,40.0,40.0,40.0,39.0,39.0,39.0,39.0
1791040061.5,idle,41.0,49.0,1800,3.43,499,0,41.0,37.0,4.0,39.0,37.0,41.0,41.0,40.0,40.0,39.0,39.0,39.0,39.0
1791040062.5,idle,41.0,49.0,1800,3.29,448,0,41.0,38.0,3.0,39.0,39.0,41.0,41.0,41.0,41.0,38.0,38.0,38.0,38.0
1791040063.5,idle,41.0,49.0,1800,3.36,470,0,41.0,39.0,2.0,39.0,39.0,41.0,41.0,41.0,41.0,39.0,39.0,39.0,39.0
1791040064.6,idle,40.0,49.0,1800,3.24,470,0,41.0,39.0,2.0,39.0,39.0,41.0,41.0,40.0,41.0,39.0,39.0,39.0,39.0
1791040065.6,idle,40.0,49.0,1800,3.39,473,0,40.0,37.0,3.0,37.0,37.0,40.0,40.0,40.0,40.0,39.0,39.0,39.0,39.0
1791040066.6,idle,41.0,49.0,1800,3.53,430,0,41.0,38.0,3.0,38.0,39.0,40.0,40.0,40.0,41.0,39.0,39.0,39.0,39.0
1791040067.6,idle,41.0,49.0,1800,3.32,430,0,40.0,39.0,1.0,39.0,39.0,40.0,40.0,40.0,40.0,39.0,39.0,39.0,39.0
1791040068.6,idle,41.0,49.0,1800,3.54,442,0,40.0,37.0,3.0,38.0,37.0,40.0,40.0,40.0,40.0,38.0,38.0,38.0,39.0
1791040069.6,idle,41.0,49.0,1800,3.4,476,0,41.0,38.0,3.0,39.0,39.0,40.0,41.0,41.0,40.0,38.0,38.0,40.0,40.0
1791040070.7,idle,41.0,49.0,1800,5.18,443,0,41.0,38.0,3.0,39.0,39.0,40.0,41.0,40.0,40.0,38.0,38.0,38.0,38.0
1791040071.7,idle,41.0,49.0,1800,3.7,449,0,40.0,39.0,1.0,39.0,39.0,40.0,40.0,40.0,40.0,39.0,39.0,39.0,39.0
1791040072.7,idle,41.0,49.0,1800,3.47,454,0,40.0,37.0,3.0,39.0,37.0,40.0,40.0,40.0,40.0,39.0,39.0,39.0,39.0
1791040073.7,idle,41.0,50.0,1800,8.36,493,0,41.0,38.0,3.0,40.0,38.0,41.0,41.0,41.0,41.0,39.0,39.0,39.0,39.0
1791040074.7,idle,41.0,50.0,1800,3.32,469,0,41.0,36.0,5.0,39.0,36.0,40.0,40.0,41.0,41.0,38.0,38.0,38.0,38.0
1791040075.7,idle,41.0,50.0,1800,3.14,486,0,41.0,37.0,4.0,39.0,37.0,41.0,41.0,41.0,41.0,38.0,38.0,38.0,38.0
1791040076.8,idle,41.0,50.0,1800,3.67,509,0,41.0,37.0,4.0,41.0,37.0,40.0,40.0,40.0,40.0,39.0,39.0,39.0,39.0
1791040077.8,idle,41.0,50.0,1800,3.15,544,0,40.0,38.0,2.0,40.0,39.0,40.0,40.0,40.0,40.0,38.0,38.0,39.0,39.0
1791040078.8,idle,41.0,50.0,1800,3.07,469,0,41.0,37.0,4.0,37.0,39.0,41.0,41.0,41.0,41.0,39.0,39.0,39.0,39.0
1791040079.8,idle,45.0,49.0,1800,3.68,931,0,43.0,41.0,2.0,43.0,41.0,42.0,42.0,42.0,42.0,41.0,41.0,41.0,41.0
1791040080.8,idle,41.0,49.0,1800,3.8,569,0,41.0,37.0,4.0,39.0,37.0,41.0,41.0,41.0,41.0,39.0,39.0,39.0,39.0
1791040081.8,idle,41.0,49.0,1800,3.55,474,0,41.0,38.0,3.0,41.0,38.0,41.0,40.0,40.0,40.0,39.0,39.0,40.0,40.0
1791040082.8,idle,42.0,49.0,1800,3.29,798,0,41.0,37.0,4.0,41.0,37.0,40.0,40.0,40.0,40.0,39.0,39.0,39.0,39.0
1791040083.8,idle,41.0,49.0,1800,3.23,427,0,41.0,36.0,5.0,38.0,36.0,41.0,41.0,40.0,40.0,39.0,39.0,39.0,39.0
1791040084.9,idle,40.0,49.0,1800,3.14,449,0,40.0,39.0,1.0,39.0,39.0,40.0,40.0,40.0,40.0,39.0,39.0,39.0,39.0
1791040085.9,idle,41.0,49.0,1800,3.12,496,0,41.0,36.0,5.0,37.0,36.0,40.0,40.0,41.0,41.0,38.0,39.0,39.0,39.0
1791040086.9,idle,41.0,49.0,1800,3.33,440,0,40.0,37.0,3.0,37.0,37.0,40.0,40.0,40.0,40.0,39.0,39.0,39.0,39.0
1791040087.9,idle,41.0,49.0,1800,3.21,478,0,40.0,37.0,3.0,39.0,37.0,40.0,40.0,40.0,40.0,39.0,38.0,38.0,38.0
1791040088.9,idle,41.0,49.0,1800,3.14,478,0,40.0,37.0,3.0,39.0,37.0,40.0,40.0,40.0,40.0,38.0,38.0,38.0,38.0
1791040089.9,idle,41.0,49.0,1800,4.49,578,0,41.0,39.0,2.0,39.0,39.0,41.0,41.0,41.0,41.0,39.0,40.0,40.0,40.0
1791040091.0,idle,41.0,49.0,1800,3.41,507,0,41.0,37.0,4.0,39.0,37.0,41.0,40.0,40.0,40.0,39.0,39.0,39.0,39.0
1791040092.0,idle,40.0,48.0,1800,3.95,805,0,41.0,39.0,2.0,39.0,39.0,41.0,41.0,41.0,41.0,39.0,39.0,39.0,39.0
1791040093.0,idle,63.0,48.0,1800,7.57,2293,0,64.0,53.0,11.0,56.0,64.0,53.0,53.0,53.0,53.0,55.0,55.0,54.0,54.0
1791040094.0,idle,41.0,49.0,1800,4.38,448,0,41.0,38.0,3.0,41.0,38.0,40.0,41.0,41.0,41.0,38.0,39.0,38.0,38.0
1791040095.0,idle,41.0,49.0,1800,3.39,482,0,41.0,39.0,2.0,39.0,39.0,41.0,41.0,41.0,41.0,39.0,39.0,39.0,39.0
1791040096.0,idle,41.0,49.0,1800,3.52,456,0,40.0,39.0,1.0,40.0,39.0,40.0,40.0,40.0,40.0,39.0,39.0,39.0,39.0
1791040097.1,idle,41.0,49.0,1800,3.36,540,0,41.0,37.0,4.0,40.0,37.0,41.0,40.0,40.0,40.0,39.0,39.0,39.0,39.0
1791040098.1,idle,41.0,49.0,1800,3.36,442,0,40.0,37.0,3.0,38.0,37.0,40.0,40.0,40.0,40.0,38.0,38.0,38.0,38.0
1791040099.1,idle,41.0,49.0,1800,3.3,459,0,41.0,37.0,4.0,41.0,39.0,41.0,41.0,40.0,40.0,38.0,37.0,37.0,37.0
1791040100.1,idle,41.0,49.0,1800,4.07,705,0,41.0,38.0,3.0,41.0,39.0,41.0,41.0,41.0,41.0,38.0,38.0,38.0,38.0
1791040101.1,idle,41.0,49.0,1800,4.59,437,0,41.0,37.0,4.0,41.0,37.0,40.0,40.0,40.0,41.0,39.0,39.0,39.0,39.0
1791040102.1,idle,41.0,49.0,1800,3.53,435,0,41.0,39.0,2.0,40.0,39.0,41.0,41.0,41.0,41.0,39.0,39.0,39.0,39.0
1791040103.1,idle,40.0,49.0,1800,3.32,439,0,40.0,37.0,3.0,40.0,37.0,40.0,40.0,40.0,40.0,38.0,39.0,39.0,39.0
1791040104.2,idle,40.0,49.0,1800,3.16,464,0,41.0,37.0,4.0,40.0,37.0,41.0,41.0,41.0,41.0,38.0,38.0,38.0,38.0
1791040105.2,idle,41.0,49.0,1800,3.59,476,0,41.0,38.0,3.0,41.0,39.0,40.0,40.0,40.0,40.0,38.0,38.0,38.0,38.0
1791040106.2,idle,41.0,49.0,1800,3.3,427,0,41.0,37.0,4.0,39.0,37.0,41.0,40.0,41.0,41.0,38.0,38.0,38.0,38.0
1791040107.2,idle,41.0,49.0,1800,3.25,460,0,40.0,37.0,3.0,39.0,37.0,40.0,40.0,40.0,40.0,39.0,39.0,39.0,39.0
1791040108.2,idle,41.0,48.0,1800,3.12,467,0,41.0,37.0,4.0,40.0,37.0,40.0,41.0,41.0,41.0,38.0,38.0,38.0,38.0
1791040109.2,idle,41.0,48.0,1800,3.37,438,0,41.0,37.0,4.0,39.0,37.0,40.0,40.0,41.0,41.0,39.0,39.0,39.0,39.0
1791040110.3,idle,41.0,48.0,1800,4.32,506,0,41.0,38.0,3.0,39.0,38.0,41.0,40.0,40.0,40.0,39.0,39.0,39.0,39.0
1791040111.3,idle,40.0,48.0,1800,3.72,442,0,41.0,37.0,4.0,39.0,37.0,41.0,41.0,41.0,40.0,39.0,38.0,38.0,38.0
1791040112.3,idle,41.0,48.0,1800,3.59,486,0,41.0,37.0,4.0,39.0,37.0,40.0,40.0,41.0,40.0,37.0,37.0,37.0,37.0
1791040113.3,idle,41.0,48.0,1800,8.36,434,0,41.0,39.0,2.0,41.0,39.0,41.0,41.0,41.0,41.0,39.0,39.0,39.0,39.0
1791040114.3,idle,41.0,49.0,1800,3.45,485,0,41.0,38.0,3.0,39.0,39.0,41.0,41.0,41.0,40.0,38.0,38.0,38.0,38.0
1791040115.3,idle,40.0,49.0,1800,3.44,516,0,41.0,37.0,4.0,41.0,37.0,40.0,40.0,40.0,40.0,38.0,38.0,38.0,38.0
1791040116.4,idle,41.0,49.0,1800,3.37,456,0,41.0,37.0,4.0,39.0,37.0,41.0,41.0,41.0,41.0,39.0,39.0,39.0,38.0
1791040117.4,idle,40.0,49.0,1800,3.53,449,0,40.0,37.0,3.0,39.0,37.0,40.0,40.0,40.0,40.0,39.0,38.0,38.0,38.0
1791040118.4,idle,40.0,49.0,1800,3.24,433,0,41.0,37.0,4.0,41.0,37.0,40.0,40.0,40.0,40.0,38.0,38.0,38.0,38.0
1791040119.4,idle,41.0,49.0,1800,3.26,484,0,41.0,37.0,4.0,39.0,37.0,41.0,41.0,41.0,41.0,38.0,38.0,38.0,38.0
1791040120.4,idle,41.0,48.0,1800,3.83,498,0,40.0,38.0,2.0,39.0,39.0,40.0,40.0,40.0,40.0,38.0,39.0,39.0,39.0
1791040121.5,idle,41.0,48.0,1800,3.81,495,0,41.0,38.0,3.0,39.0,39.0,41.0,41.0,41.0,41.0,38.0,38.0,39.0,39.0
1791040122.5,idle,41.0,48.0,1800,3.9,468,0,41.0,37.0,4.0,38.0,37.0,40.0,40.0,40.0,41.0,38.0,38.0,38.0,38.0
1791040123.5,idle,41.0,48.0,1800,3.48,454,0,41.0,39.0,2.0,39.0,39.0,41.0,40.0,40.0,40.0,39.0,39.0,39.0,39.0
1791040124.5,idle,41.0,48.0,1800,3.25,468,0,40.0,37.0,3.0,39.0,37.0,40.0,40.0,40.0,40.0,38.0,38.0,38.0,38.0
1791040125.5,idle,41.0,48.0,1800,3.49,485,0,40.0,38.0,2.0,39.0,39.0,40.0,40.0,40.0,40.0,38.0,38.0,38.0,39.0
1791040126.5,idle,41.0,48.0,1800,3.65,425,0,40.0,39.0,1.0,39.0,39.0,40.0,40.0,40.0,40.0,39.0,39.0,39.0,39.0
1791040127.6,idle,40.0,48.0,1800,3.41,507,0,40.0,39.0,1.0,39.0,39.0,40.0,40.0,40.0,40.0,39.0,39.0,39.0,39.0
1791040128.6,idle,40.0,48.0,1800,3.12,472,0,40.0,38.0,2.0,40.0,39.0,40.0,40.0,40.0,40.0,39.0,38.0,38.0,38.0
1791040129.6,idle,41.0,48.0,1800,3.37,434,0,40.0,37.0,3.0,39.0,37.0,40.0,40.0,40.0,40.0,39.0,39.0,39.0,39.0
1791040130.6,idle,41.0,48.0,1800,5.35,520,0,40.0,39.0,1.0,39.0,40.0,40.0,40.0,40.0,40.0,39.0,39.0,39.0,39.0
1791040131.6,idle,41.0,48.0,1800,3.48,438,0,40.0,37.0,3.0,39.0,37.0,40.0,40.0,40.0,40.0,38.0,38.0,38.0,38.0
1791040132.6,idle,41.0,48.0,1800,3.49,449,0,41.0,39.0,2.0,39.0,39.0,41.0,40.0,40.0,40.0,39.0,39.0,39.0,39.0
1791040133.7,idle,42.0,48.0,1800,8.09,448,0,41.0,39.0,2.0,39.0,39.0,41.0,41.0,41.0,41.0,39.0,39.0,39.0,39.0
1791040134.7,idle,41.0,48.0,1800,3.22,546,0,41.0,38.0,3.0,38.0,39.0,40.0,40.0,40.0,41.0,38.0,38.0,38.0,38.0
1791040135.7,idle,41.0,48.0,1800,3.3,463,0,41.0,39.0,2.0,39.0,39.0,40.0,40.0,41.0,41.0,39.0,39.0,39.0,39.0
1791040136.7,idle,40.0,48.0,1800,3.5,458,0,40.0,39.0,1.0,39.0,39.0,40.0,40.0,40.0,40.0,39.0,39.0,39.0,39.0
1791040137.7,idle,40.0,48.0,1800,3.18,432,0,40.0,39.0,1.0,39.0,39.0,40.0,40.0,40.0,40.0,39.0,39.0,39.0,39.0
1791040138.7,idle,40.0,48.0,1800,3.03,448,0,41.0,38.0,3.0,39.0,39.0,40.0,40.0,40.0,41.0,38.0,38.0,39.0,39.0
1791040139.8,idle,41.0,48.0,1800,3.17,1129,0,41.0,37.0,4.0,40.0,37.0,41.0,41.0,41.0,41.0,37.0,37.0,40.0,40.0
1791040140.8,idle,40.0,48.0,1800,4.43,483,0,40.0,38.0,2.0,39.0,39.0,40.0,40.0,40.0,40.0,38.0,38.0,38.0,38.0
1791040141.8,idle,41.0,48.0,1800,3.74,449,0,41.0,38.0,3.0,39.0,39.0,40.0,41.0,41.0,41.0,38.0,38.0,38.0,38.0
1791040142.8,idle,41.0,48.0,1800,3.12,584,0,40.0,38.0,2.0,40.0,39.0,40.0,40.0,40.0,40.0,38.0,38.0,38.0,38.0
1791040143.8,idle,41.0,48.0,1800,3.31,500,0,41.0,37.0,4.0,39.0,37.0,41.0,41.0,41.0,41.0,38.0,38.0,38.0,38.0
1791040144.8,idle,41.0,48.0,1800,3.11,486,0,41.0,37.0,4.0,39.0,37.0,41.0,41.0,41.0,41.0,38.0,38.0,39.0,39.0
1791040145.9,idle,41.0,48.0,1800,3.57,518,0,41.0,39.0,2.0,39.0,39.0,41.0,40.0,40.0,40.0,39.0,39.0,39.0,39.0
1791040146.9,idle,41.0,48.0,1800,3.67,520,0,40.0,37.0,3.0,39.0,37.0,40.0,40.0,40.0,40.0,38.0,38.0,38.0,38.0
1791040147.9,idle,40.0,48.0,1800,3.44,507,0,41.0,38.0,3.0,39.0,39.0,40.0,41.0,41.0,40.0,38.0,38.0,38.0,38.0
1791040148.9,idle,41.0,48.0,1800,3.43,472,0,41.0,37.0,4.0,39.0,37.0,41.0,41.0,41.0,40.0,38.0,39.0,39.0,39.0
1791040149.9,idle,41.0,48.0,1800,3.95,547,0,41.0,38.0,3.0,40.0,39.0,41.0,41.0,41.0,41.0,38.0,38.0,38.0,38.0
1791040150.9,idle,41.0,48.0,1800,3.31,426,0,40.0,37.0,3.0,39.0,37.0,40.0,40.0,40.0,40.0,38.0,38.0,39.0,39.0
1791040151.9,idle,40.0,48.0,1800,3.48,436,0,41.0,37.0,4.0,40.0,37.0,41.0,41.0,40.0,40.0,38.0,38.0,38.0,38.0
1791040153.0,idle,64.0,49.0,1800,7.3,2310,0,63.0,49.0,14.0,49.0,63.0,54.0,54.0,54.0,54.0,50.0,50.0,50.0,50.0
1791040154.0,idle,40.0,49.0,1800,4.17,474,0,41.0,38.0,3.0,39.0,39.0,40.0,40.0,41.0,41.0,38.0,38.0,38.0,38.0
1791040155.0,idle,41.0,49.0,1800,3.25,472,0,40.0,38.0,2.0,38.0,39.0,40.0,40.0,40.0,40.0,39.0,39.0,39.0,39.0
1791040156.0,idle,40.0,49.0,1800,3.42,447,0,40.0,38.0,2.0,38.0,39.0,40.0,40.0,40.0,40.0,39.0,38.0,38.0,38.0
1791040157.0,idle,42.0,49.0,1800,3.32,523,0,40.0,38.0,2.0,39.0,39.0,40.0,40.0,40.0,40.0,38.0,38.0,38.0,38.0
1791040158.0,idle,41.0,49.0,1800,3.6,463,0,40.0,38.0,2.0,39.0,39.0,40.0,40.0,40.0,40.0,38.0,38.0,38.0,38.0
1791040159.1,idle,40.0,48.0,1800,3.22,507,0,40.0,36.0,4.0,39.0,36.0,40.0,40.0,40.0,40.0,38.0,38.0,38.0,38.0
1791040160.1,idle,41.0,48.0,1800,3.87,459,0,40.0,37.0,3.0,39.0,37.0,40.0,40.0,40.0,40.0,38.0,38.0,38.0,38.0
1791040161.1,idle,41.0,48.0,1800,4.61,563,0,40.0,38.0,2.0,38.0,40.0,40.0,40.0,40.0,40.0,38.0,38.0,38.0,38.0
1791040162.1,idle,41.0,48.0,1800,3.4,427,0,41.0,39.0,2.0,39.0,39.0,40.0,41.0,41.0,41.0,39.0,39.0,39.0,39.0
1791040163.1,idle,41.0,48.0,1800,3.51,470,0,40.0,37.0,3.0,39.0,37.0,39.0,39.0,39.0,40.0,38.0,39.0,39.0,39.0
1791040164.1,idle,40.0,48.0,1800,3.37,450,0,40.0,38.0,2.0,39.0,39.0,40.0,40.0,40.0,40.0,38.0,38.0,38.0,38.0
1791040165.1,idle,41.0,48.0,1800,3.25,483,0,40.0,38.0,2.0,38.0,39.0,40.0,40.0,40.0,40.0,39.0,38.0,38.0,38.0
1791040166.2,idle,40.0,48.0,1800,3.46,466,0,40.0,37.0,3.0,38.0,39.0,40.0,40.0,40.0,40.0,37.0,37.0,37.0,37.0
1791040167.2,idle,41.0,48.0,1800,3.21,488,0,40.0,38.0,2.0,39.0,39.0,40.0,40.0,40.0,40.0,38.0,38.0,38.0,38.0
1791040168.2,idle,41.0,48.0,1800,3.15,424,0,40.0,37.0,3.0,39.0,37.0,40.0,40.0,40.0,40.0,38.0,38.0,38.0,38.0
1791040169.2,idle,41.0,48.0,1800,3.23,450,0,40.0,37.0,3.0,39.0,37.0,40.0,40.0,40.0,40.0,38.0,38.0,38.0,38.0
1791040170.2,idle,40.0,48.0,1800,3.88,529,0,40.0,38.0,2.0,39.0,39.0,40.0,40.0,40.0,40.0,38.0,38.0,38.0,38.0
1791040171.2,idle,41.0,48.0,1800,3.69,437,0,41.0,37.0,4.0,39.0,39.0,41.0,40.0,40.0,40.0,37.0,38.0,38.0,38.0
1791040172.3,idle,41.0,48.0,1800,3.25,469,0,40.0,37.0,3.0,39.0,37.0,40.0,40.0,40.0,40.0,38.0,38.0,38.0,38.0
1791040173.3,idle,41.0,48.0,1800,8.31,443,0,41.0,38.0,3.0,40.0,39.0,40.0,40.0,41.0,41.0,38.0,38.0,38.0,38.0
1791040174.3,idle,40.0,48.0,1800,3.43,443,0,40.0,36.0,4.0,39.0,36.0,40.0,40.0,40.0,40.0,39.0,39.0,39.0,38.0
1791040175.3,idle,40.0,48.0,1800,3.2,438,0,40.0,38.0,2.0,39.0,39.0,40.0,40.0,40.0,40.0,39.0,39.0,38.0,38.0
1791040176.3,idle,40.0,49.0,1800,3.24,484,0,40.0,37.0,3.0,40.0,37.0,40.0,38.0,38.0,40.0,38.0,38.0,38.0,38.0
1791040177.3,idle,40.0,49.0,1800,3.23,449,0,40.0,37.0,3.0,37.0,37.0,40.0,40.0,40.0,40.0,38.0,38.0,38.0,39.0
1791040178.4,idle,40.0,49.0,1800,3.23,458,0,40.0,37.0,3.0,39.0,37.0,40.0,40.0,40.0,40.0,37.0,37.0,37.0,38.0
1791040179.4,idle,41.0,48.0,1800,3.16,465,0,41.0,37.0,4.0,39.0,37.0,40.0,40.0,40.0,41.0,39.0,39.0,39.0,39.0
1791040180.4,idle,40.0,48.0,1800,3.84,462,0,41.0,37.0,4.0,39.0,37.0,41.0,40.0,40.0,40.0,38.0,38.0,38.0,38.0
1791040181.4,idle,40.0,48.0,1800,3.17,463,0,41.0,39.0,2.0,39.0,39.0,40.0,41.0,41.0,41.0,39.0,39.0,39.0,39.0
1791040182.4,idle,40.0,48.0,1800,3.53,461,0,40.0,37.0,3.0,39.0,37.0,40.0,40.0,40.0,40.0,38.0,38.0,38.0,38.0
1791040183.4,idle,41.0,48.0,1800,3.61,615,0,40.0,36.0,4.0,40.0,36.0,40.0,40.0,40.0,40.0,38.0,38.0,38.0,38.0
1791040184.5,idle,41.0,48.0,1800,3.15,486,0,40.0,37.0,3.0,39.0,37.0,40.0,40.0,40.0,40.0,37.0,38.0,38.0,38.0
1791040185.5,idle,41.0,48.0,1800,3.27,463,0,40.0,37.0,3.0,39.0,37.0,40.0,40.0,40.0,40.0,38.0,38.0,38.0,38.0
1791040186.5,idle,41.0,48.0,1800,3.32,430,0,40.0,37.0,3.0,38.0,37.0,40.0,40.0,40.0,40.0,38.0,38.0,38.0,38.0
1791040187.5,idle,40.0,48.0,1800,3.17,459,0,40.0,37.0,3.0,39.0,37.0,39.0,40.0,40.0,40.0,39.0,39.0,39.0,39.0
1791040188.5,idle,40.0,48.0,1800,3.35,449,0,40.0,37.0,3.0,39.0,37.0,40.0,40.0,40.0,40.0,39.0,39.0,39.0,39.0
1791040189.5,idle,41.0,48.0,1800,3.41,479,0,41.0,39.0,2.0,40.0,39.0,41.0,41.0,40.0,40.0,39.0,39.0,39.0,39.0
1791040190.6,idle,52.0,48.0,1800,5.06,1230,0,49.0,40.0,9.0,41.0,49.0,40.0,40.0,40.0,40.0,42.0,42.0,42.0,42.0
1791040191.6,idle,40.0,48.0,1800,3.44,447,0,41.0,38.0,3.0,38.0,39.0,41.0,40.0,40.0,41.0,39.0,39.0,39.0,39.0
1791040192.6,idle,41.0,48.0,1800,3.51,456,0,40.0,36.0,4.0,39.0,36.0,40.0,40.0,40.0,40.0,39.0,39.0,39.0,39.0
1791040193.6,idle,41.0,48.0,1800,8.63,425,0,40.0,37.0,3.0,39.0,37.0,40.0,40.0,40.0,40.0,39.0,39.0,39.0,39.0
1791040194.6,idle,40.0,48.0,1800,3.18,451,0,40.0,39.0,1.0,39.0,39.0,40.0,40.0,40.0,40.0,39.0,39.0,39.0,39.0
1791040195.6,idle,40.0,48.0,1800,3.26,498,0,40.0,38.0,2.0,39.0,39.0,40.0,40.0,40.0,40.0,39.0,38.0,38.0,38.0
1791040196.6,idle,41.0,48.0,1800,3.27,446,0,40.0,39.0,1.0,39.0,39.0,40.0,40.0,40.0,40.0,39.0,39.0,39.0,39.0
1791040197.7,idle,41.0,48.0,1800,3.36,478,0,40.0,37.0,3.0,39.0,37.0,40.0,40.0,40.0,40.0,38.0,38.0,38.0,38.0
1791040198.7,idle,41.0,48.0,1800,3.35,517,0,40.0,38.0,2.0,40.0,39.0,40.0,40.0,40.0,40.0,38.0,38.0,38.0,38.0
1791040199.7,idle,41.0,48.0,1800,3.09,491,0,40.0,37.0,3.0,39.0,37.0,40.0,40.0,39.0,39.0,38.0,38.0,39.0,39.0
1791040200.7,idle,41.0,48.0,1800,4.27,465,0,41.0,36.0,5.0,41.0,36.0,40.0,40.0,40.0,40.0,38.0,38.0,39.0,39.0
1791040201.7,idle,40.0,48.0,1800,3.6,446,0,40.0,39.0,1.0,39.0,39.0,40.0,40.0,40.0,40.0,39.0,39.0,39.0,39.0
1791040202.7,idle,41.0,48.0,1800,3.35,626,0,41.0,38.0,3.0,41.0,39.0,40.0,40.0,40.0,40.0,39.0,39.0,38.0,38.0
1791040203.8,idle,40.0,48.0,1800,3.46,453,0,39.0,38.0,1.0,39.0,39.0,39.0,39.0,39.0,39.0,38.0,39.0,39.0,38.0
1791040204.8,idle,40.0,48.0,1800,3.19,468,0,40.0,37.0,3.0,39.0,37.0,40.0,38.0,40.0,40.0,39.0,39.0,39.0,39.0
1791040205.8,idle,39.0,48.0,1800,3.2,439,0,40.0,37.0,3.0,39.0,37.0,40.0,40.0,40.0,40.0,39.0,39.0,39.0,39.0
1791040206.8,idle,40.0,48.0,1800,3.36,521,0,40.0,37.0,3.0,39.0,37.0,40.0,40.0,40.0,40.0,38.0,38.0,38.0,38.0
1791040207.8,idle,41.0,48.0,1800,3.16,445,0,40.0,35.0,5.0,39.0,35.0,40.0,40.0,40.0,40.0,38.0,39.0,39.0,39.0
1791040208.9,idle,40.0,48.0,1800,3.37,462,0,39.0,38.0,1.0,39.0,39.0,38.0,39.0,39.0,39.0,38.0,38.0,38.0,38.0
1791040209.9,idle,41.0,48.0,1800,4.02,481,0,41.0,38.0,3.0,41.0,39.0,40.0,40.0,40.0,40.0,38.0,38.0,38.0,39.0
1791040210.9,idle,40.0,48.0,1800,3.15,440,0,40.0,38.0,2.0,39.0,39.0,40.0,40.0,40.0,40.0,38.0,38.0,38.0,38.0
1791040211.9,idle,40.0,48.0,1800,3.26,449,0,40.0,38.0,2.0,39.0,39.0,39.0,40.0,40.0,40.0,38.0,38.0,39.0,39.0
1791040212.9,idle,64.0,48.0,1800,5.44,3046,0,62.0,45.0,17.0,45.0,62.0,49.0,49.0,49.0,49.0,50.0,50.0,50.0,50.0
1791040213.9,idle,41.0,48.0,1800,6.1,451,0,40.0,39.0,1.0,39.0,39.0,40.0,40.0,40.0,40.0,39.0,39.0,39.0,39.0
1791040214.9,idle,41.0,48.0,1800,3.19,450,0,40.0,37.0,3.0,39.0,37.0,40.0,40.0,39.0,39.0,38.0,38.0,38.0,38.0
1791040216.0,idle,40.0,48.0,1800,3.19,501,0,40.0,37.0,3.0,39.0,37.0,40.0,39.0,39.0,39.0,38.0,38.0,38.0,38.0
1791040217.0,idle,40.0,48.0,1800,3.33,480,0,40.0,38.0,2.0,39.0,38.0,40.0,40.0,40.0,40.0,38.0,38.0,38.0,38.0
1791040218.0,idle,41.0,48.0,1800,3.15,505,0,41.0,37.0,4.0,39.0,37.0,41.0,41.0,41.0,40.0,39.0,39.0,39.0,39.0
1791040219.0,idle,41.0,48.0,1800,3.5,527,0,40.0,37.0,3.0,39.0,37.0,40.0,40.0,40.0,40.0,37.0,37.0,37.0,37.0
1791040220.0,idle,40.0,48.0,1800,3.93,425,0,41.0,38.0,3.0,39.0,39.0,41.0,40.0,40.0,40.0,38.0,38.0,38.0,38.0
1791040221.0,idle,41.0,48.0,1800,4.45,460,0,41.0,37.0,4.0,37.0,39.0,41.0,41.0,41.0,41.0,39.0,39.0,39.0,39.0
1791040222.1,idle,39.0,48.0,1800,3.16,427,0,40.0,39.0,1.0,39.0,39.0,40.0,40.0,40.0,40.0,39.0,39.0,39.0,39.0
1791040223.1,idle,40.0,48.0,1800,3.55,427,0,40.0,38.0,2.0,39.0,39.0,40.0,40.0,40.0,40.0,39.0,38.0,38.0,38.0
1791040224.1,idle,41.0,48.0,1800,3.23,473,0,41.0,37.0,4.0,39.0,37.0,41.0,41.0,40.0,40.0,38.0,38.0,38.0,38.0
1791040225.1,idle,40.0,48.0,1800,3.36,478,0,40.0,37.0,3.0,39.0,37.0,40.0,40.0,40.0,40.0,38.0,38.0,38.0,38.0
1791040226.1,idle,40.0,48.0,1800,3.14,467,0,40.0,37.0,3.0,38.0,37.0,40.0,40.0,40.0,40.0,38.0,38.0,38.0,38.0
1791040227.2,idle,40.0,48.0,1800,3.38,438,0,40.0,37.0,3.0,39.0,37.0,40.0,40.0,40.0,40.0,38.0,38.0,38.0,38.0
1791040228.2,idle,40.0,48.0,1800,3.21,436,0,41.0,36.0,5.0,38.0,36.0,40.0,40.0,41.0,41.0,39.0,39.0,39.0,39.0
1791040229.2,idle,40.0,48.0,1800,3.39,510,0,41.0,37.0,4.0,39.0,37.0,41.0,41.0,41.0,40.0,39.0,39.0,39.0,39.0
1791040230.2,idle,41.0,48.0,1600,3.91,453,0,40.0,37.0,3.0,39.0,37.0,40.0,40.0,40.0,40.0,37.0,37.0,37.0,38.0
1791040231.2,idle,41.0,48.0,1200,3.62,463,0,40.0,36.0,4.0,39.0,36.0,40.0,40.0,40.0,40.0,38.0,38.0,38.0,38.0
1791040232.2,idle,41.0,48.0,700,3.19,465,0,41.0,37.0,4.0,38.0,37.0,41.0,41.0,41.0,40.0,38.0,38.0,38.0,38.0
1791040233.3,idle,41.0,48.0,400,8.34,469,0,41.0,39.0,2.0,41.0,39.0,41.0,41.0,41.0,41.0,40.0,40.0,40.0,40.0
1791040234.3,idle,40.0,48.0,0,3.82,458,0,40.0,37.0,3.0,40.0,37.0,40.0,40.0,40.0,40.0,38.0,38.0,38.0,38.0
1791040235.3,idle,41.0,48.0,0,3.19,448,0,41.0,37.0,4.0,39.0,37.0,40.0,40.0,41.0,41.0,38.0,38.0,38.0,38.0
1791040236.3,idle,40.0,48.0,0,3.24,479,0,41.0,38.0,3.0,39.0,38.0,41.0,41.0,41.0,40.0,38.0,38.0,38.0,38.0
1791040237.3,idle,41.0,48.0,0,3.5,494,0,41.0,38.0,3.0,39.0,38.0,40.0,40.0,40.0,41.0,38.0,38.0,38.0,38.0
1791040238.3,idle,41.0,48.0,0,3.14,542,0,40.0,37.0,3.0,37.0,39.0,40.0,40.0,40.0,40.0,38.0,38.0,38.0,38.0
1791040239.4,idle,42.0,48.0,0,3.4,447,0,40.0,38.0,2.0,39.0,39.0,40.0,40.0,40.0,40.0,38.0,38.0,38.0,38.0
1791040240.4,idle,41.0,48.0,0,4.28,482,0,40.0,39.0,1.0,39.0,39.0,40.0,40.0,40.0,40.0,39.0,39.0,39.0,39.0
1791040241.4,idle,41.0,48.0,0,3.5,462,0,40.0,38.0,2.0,39.0,39.0,40.0,40.0,40.0,40.0,38.0,38.0,38.0,38.0
1791040242.4,idle,41.0,48.0,0,3.44,454,0,41.0,38.0,3.0,39.0,39.0,40.0,41.0,41.0,41.0,38.0,38.0,38.0,38.0
1791040243.4,idle,41.0,48.0,0,3.67,437,0,40.0,37.0,3.0,39.0,37.0,40.0,40.0,40.0,40.0,39.0,38.0,38.0,38.0
1791040244.4,idle,40.0,48.0,0,3.44,450,0,41.0,38.0,3.0,39.0,38.0,40.0,40.0,41.0,41.0,38.0,38.0,38.0,38.0
1791040245.5,idle,40.0,48.0,0,3.33,457,0,40.0,38.0,2.0,39.0,39.0,40.0,40.0,40.0,40.0,38.0,38.0,38.0,38.0
1791040246.5,idle,40.0,48.0,0,3.58,449,0,40.0,39.0,1.0,39.0,39.0,39.0,39.0,40.0,40.0,39.0,39.0,39.0,39.0
1791040247.5,idle,40.0,48.0,0,3.12,461,0,40.0,37.0,3.0,38.0,37.0,40.0,40.0,40.0,40.0,38.0,38.0,38.0,38.0
1791040248.5,idle,41.0,48.0,0,3.16,475,0,40.0,39.0,1.0,39.0,39.0,40.0,40.0,40.0,40.0,39.0,39.0,39.0,39.0
1791040249.5,idle,40.0,48.0,0,3.69,525,0,40.0,39.0,1.0,39.0,39.0,40.0,40.0,40.0,40.0,39.0,39.0,39.0,39.0
1791040250.5,idle,41.0,48.0,0,3.76,434,0,40.0,38.0,2.0,39.0,39.0,40.0,40.0,40.0,40.0,38.0,38.0,38.0,38.0
1791040251.6,idle,41.0,48.0,0,4.59,447,0,40.0,38.0,2.0,39.0,39.0,40.0,40.0,40.0,40.0,39.0,38.0,38.0,38.0
1791040252.6,idle,40.0,48.0,0,3.11,462,0,40.0,39.0,1.0,39.0,39.0,40.0,40.0,40.0,40.0,39.0,39.0,39.0,39.0
1791040253.6,idle,41.0,49.0,0,8.25,449,0,40.0,39.0,1.0,39.0,39.0,40.0,40.0,40.0,40.0,39.0,39.0,39.0,40.0
1791040254.6,idle,40.0,49.0,0,3.14,464,0,40.0,39.0,1.0,39.0,39.0,40.0,40.0,40.0,40.0,39.0,39.0,39.0,39.0
1791040255.6,idle,41.0,49.0,0,3.26,478,0,40.0,38.0,2.0,40.0,39.0,40.0,40.0,40.0,40.0,38.0,38.0,38.0,38.0
1791040256.6,idle,41.0,48.0,0,3.17,471,0,41.0,38.0,3.0,40.0,39.0,40.0,40.0,40.0,41.0,38.0,38.0,38.0,39.0
1791040257.7,idle,41.0,48.0,0,3.1,470,0,40.0,37.0,3.0,39.0,37.0,40.0,40.0,40.0,40.0,38.0,38.0,38.0,38.0
1791040258.7,idle,40.0,48.0,0,3.03,518,0,41.0,39.0,2.0,39.0,39.0,40.0,41.0,41.0,40.0,39.0,39.0,39.0,39.0
1791040259.7,idle,41.0,48.0,0,3.3,429,0,40.0,38.0,2.0,38.0,38.0,40.0,40.0,40.0,40.0,39.0,39.0,39.0,39.0
1791040260.7,idle,41.0,48.0,0,4.08,501,0,41.0,39.0,2.0,39.0,39.0,41.0,41.0,41.0,40.0,39.0,39.0,39.0,39.0
1791040261.7,idle,41.0,48.0,0,3.53,480,0,40.0,39.0,1.0,39.0,39.0,40.0,40.0,40.0,40.0,39.0,39.0,39.0,39.0
1791040262.7,idle,41.0,48.0,0,3.13,487,0,40.0,37.0,3.0,37.0,39.0,40.0,40.0,40.0,40.0,38.0,38.0,38.0,38.0
1791040263.7,idle,41.0,48.0,0,3.35,474,0,41.0,38.0,3.0,38.0,39.0,40.0,41.0,41.0,41.0,38.0,38.0,38.0,38.0
1791040264.8,idle,41.0,48.0,0,3.66,434,0,40.0,38.0,2.0,40.0,39.0,40.0,40.0,40.0,40.0,38.0,38.0,38.0,38.0
1791040265.8,idle,41.0,48.0,0,3.17,435,0,40.0,39.0,1.0,39.0,39.0,40.0,40.0,40.0,40.0,39.0,39.0,39.0,39.0
1791040266.8,idle,41.0,48.0,0,3.23,487,0,41.0,38.0,3.0,39.0,39.0,40.0,40.0,41.0,41.0,38.0,39.0,39.0,39.0
1791040267.8,idle,41.0,48.0,0,3.49,425,0,41.0,37.0,4.0,37.0,37.0,40.0,40.0,41.0,41.0,38.0,39.0,39.0,39.0
1791040268.8,idle,41.0,48.0,0,3.13,477,0,41.0,38.0,3.0,39.0,39.0,41.0,41.0,41.0,40.0,39.0,39.0,38.0,38.0
1791040269.8,idle,41.0,48.0,0,3.9,460,0,41.0,39.0,2.0,41.0,39.0,40.0,41.0,41.0,41.0,39.0,39.0,39.0,39.0
1791040270.9,idle,42.0,48.0,0,3.4,433,0,41.0,39.0,2.0,40.0,39.0,41.0,40.0,40.0,40.0,39.0,39.0,39.0,39.0
1791040271.9,idle,41.0,48.0,0,3.26,453,0,40.0,39.0,1.0,39.0,39.0,40.0,40.0,40.0,40.0,39.0,39.0,39.0,39.0
1791040272.9,idle,61.0,48.0,0,5.46,2878,0,58.0,50.0,8.0,50.0,58.0,51.0,51.0,51.0,51.0,51.0,51.0,51.0,51.0
1791040273.9,idle,41.0,48.0,0,5.95,439,0,41.0,39.0,2.0,39.0,39.0,41.0,41.0,41.0,41.0,39.0,39.0,39.0,39.0
1791040274.9,idle,41.0,48.0,0,3.47,420,0,41.0,38.0,3.0,39.0,39.0,41.0,41.0,40.0,40.0,38.0,38.0,38.0,38.0
1791040275.9,idle,41.0,48.0,0,3.31,444,0,40.0,39.0,1.0,39.0,39.0,40.0,40.0,40.0,40.0,39.0,39.0,39.0,39.0
1791040277.0,idle,41.0,48.0,0,3.36,458,0,41.0,38.0,3.0,39.0,39.0,40.0,40.0,40.0,41.0,38.0,39.0,39.0,39.0
1791040278.0,idle,41.0,48.0,0,3.1,430,0,41.0,39.0,2.0,39.0,39.0,41.0,40.0,40.0,40.0,39.0,39.0,39.0,39.0
1791040279.0,idle,42.0,48.0,0,3.32,477,0,41.0,38.0,3.0,39.0,39.0,41.0,41.0,41.0,41.0,38.0,39.0,39.0,39.0
1791040280.0,idle,40.0,48.0,0,4.43,470,0,41.0,37.0,4.0,40.0,37.0,40.0,41.0,41.0,41.0,39.0,39.0,39.0,39.0
1791040281.0,idle,41.0,48.0,0,4.31,519,0,40.0,38.0,2.0,38.0,39.0,40.0,40.0,40.0,40.0,39.0,39.0,39.0,39.0
1791040282.1,idle,41.0,48.0,0,3.24,473,0,41.0,37.0,4.0,39.0,37.0,41.0,41.0,41.0,41.0,39.0,39.0,39.0,39.0
1791040283.1,idle,41.0,48.0,0,3.41,472,0,41.0,39.0,2.0,39.0,39.0,40.0,40.0,40.0,41.0,40.0,39.0,39.0,39.0
1791040284.1,idle,41.0,48.0,0,3.18,456,0,41.0,38.0,3.0,39.0,39.0,41.0,41.0,41.0,41.0,38.0,38.0,39.0,39.0
1791040285.1,idle,41.0,48.0,0,3.39,478,0,40.0,37.0,3.0,40.0,37.0,40.0,40.0,40.0,40.0,39.0,39.0,39.0,39.0
1791040286.1,idle,40.0,48.0,0,3.11,451,0,41.0,37.0,4.0,39.0,37.0,40.0,40.0,41.0,41.0,38.0,39.0,39.0,39.0
1791040287.1,idle,41.0,48.0,0,3.32,465,0,40.0,38.0,2.0,38.0,39.0,40.0,40.0,40.0,40.0,39.0,39.0,39.0,39.0
1791040288.2,idle,41.0,48.0,0,3.03,476,0,41.0,39.0,2.0,41.0,39.0,41.0,41.0,41.0,41.0,39.0,39.0,39.0,39.0
1791040289.2,idle,41.0,48.0,0,3.87,476,0,41.0,37.0,4.0,37.0,39.0,40.0,40.0,40.0,41.0,39.0,39.0,39.0,39.0
1791040290.2,idle,41.0,48.0,0,4.08,438,0,40.0,39.0,1.0,39.0,39.0,40.0,40.0,40.0,40.0,39.0,39.0,39.0,39.0
1791040291.2,idle,41.0,48.0,0,3.51,465,0,41.0,37.0,4.0,40.0,37.0,40.0,40.0,41.0,41.0,38.0,38.0,38.0,38.0
1791040292.2,idle,40.0,48.0,0,3.36,446,0,40.0,37.0,3.0,38.0,37.0,40.0,40.0,40.0,40.0,39.0,38.0,38.0,38.0
1791040293.2,idle,42.0,48.0,0,8.57,425,0,41.0,39.0,2.0,39.0,39.0,41.0,41.0,41.0,41.0,40.0,40.0,40.0,40.0
1791040294.3,idle,41.0,48.0,0,3.25,431,0,41.0,38.0,3.0,38.0,39.0,41.0,41.0,41.0,41.0,39.0,39.0,39.0,39.0
1791040295.3,idle,41.0,48.0,0,3.32,464,0,41.0,37.0,4.0,39.0,37.0,41.0,41.0,41.0,41.0,39.0,39.0,39.0,39.0
1791040296.3,idle,41.0,48.0,0,3.13,487,0,41.0,37.0,4.0,37.0,39.0,40.0,40.0,41.0,41.0,39.0,39.0,39.0,39.0
1791040297.3,idle,41.0,48.0,0,3.53,518,0,40.0,38.0,2.0,38.0,39.0,40.0,40.0,40.0,40.0,39.0,39.0,39.0,39.0
1791040298.3,idle,41.0,49.0,0,3.06,463,0,41.0,39.0,2.0,39.0,39.0,41.0,41.0,40.0,40.0,39.0,39.0,39.0,39.0
1791040299.3,idle,41.0,49.0,0,3.18,455,0,41.0,37.0,4.0,39.0,37.0,41.0,41.0,41.0,41.0,39.0,39.0,39.0,39.0
1791040300.4,idle,41.0,48.0,0,3.98,436,0,41.0,38.0,3.0,40.0,38.0,40.0,40.0,41.0,41.0,39.0,39.0,39.0,39.0
1791040301.4,idle,40.0,48.0,0,3.34,479,0,40.0,37.0,3.0,39.0,37.0,40.0,40.0,40.0,40.0,39.0,39.0,39.0,39.0
1791040302.4,idle,41.0,48.0,0,3.09,429,0,40.0,37.0,3.0,38.0,37.0,40.0,40.0,40.0,40.0,39.0,39.0,39.0,39.0
1791040303.4,idle,41.0,48.0,0,3.58,489,0,40.0,37.0,3.0,37.0,39.0,40.0,40.0,40.0,40.0,39.0,39.0,39.0,39.0
1791040304.4,idle,41.0,48.0,0,3.21,422,0,41.0,38.0,3.0,39.0,38.0,41.0,41.0,41.0,41.0,39.0,39.0,39.0,39.0
1791040305.4,idle,42.0,48.0,0,3.6,504,0,41.0,37.0,4.0,39.0,37.0,41.0,41.0,41.0,40.0,39.0,39.0,39.0,39.0
1791040306.5,idle,41.0,48.0,0,3.91,460,0,41.0,39.0,2.0,41.0,39.0,41.0,41.0,40.0,40.0,39.0,39.0,39.0,39.0
1791040307.5,idle,41.0,48.0,0,3.37,441,0,41.0,37.0,4.0,39.0,37.0,40.0,40.0,40.0,41.0,38.0,38.0,38.0,38.0
1791040308.5,idle,41.0,48.0,0,3.22,441,0,41.0,37.0,4.0,37.0,39.0,41.0,41.0,41.0,41.0,38.0,38.0,38.0,38.0
1791040309.5,idle,41.0,48.0,0,4.04,471,0,41.0,38.0,3.0,41.0,39.0,41.0,41.0,41.0,41.0,38.0,38.0,38.0,39.0
1791040310.5,idle,41.0,48.0,0,4.07,428,0,41.0,39.0,2.0,40.0,39.0,40.0,41.0,41.0,41.0,39.0,39.0,39.0,39.0
1791040311.5,idle,41.0,48.0,0,4.46,457,0,41.0,39.0,2.0,41.0,39.0,40.0,40.0,41.0,41.0,39.0,39.0,39.0,39.0
1791040312.6,idle,41.0,48.0,0,3.38,500,0,41.0,38.0,3.0,40.0,39.0,40.0,41.0,41.0,41.0,38.0,39.0,39.0,39.0
1791040313.6,idle,41.0,48.0,0,8.24,470,0,41.0,39.0,2.0,39.0,39.0,41.0,41.0,41.0,41.0,39.0,39.0,39.0,39.0
1791040314.6,idle,41.0,49.0,0,3.32,474,0,40.0,39.0,1.0,39.0,39.0,40.0,40.0,40.0,40.0,39.0,39.0,39.0,39.0
1791040315.6,idle,41.0,49.0,0,3.4,425,0,41.0,37.0,4.0,41.0,37.0,40.0,40.0,40.0,40.0,39.0,39.0,39.0,39.0
1791040316.6,idle,41.0,49.0,0,3.12,474,0,41.0,39.0,2.0,41.0,39.0,40.0,41.0,41.0,41.0,39.0,39.0,39.0,39.0
1791040317.6,idle,41.0,49.0,0,3.45,425,0,41.0,37.0,4.0,38.0,37.0,41.0,41.0,40.0,41.0,39.0,39.0,39.0,39.0
1791040318.7,idle,41.0,49.0,0,3.11,478,0,41.0,37.0,4.0,39.0,37.0,41.0,41.0,41.0,41.0,39.0,39.0,39.0,39.0
1791040319.7,idle,41.0,49.0,0,3.21,488,0,41.0,39.0,2.0,39.0,39.0,40.0,40.0,40.0,41.0,39.0,39.0,39.0,39.0
1791040320.7,idle,41.0,49.0,0,4.19,487,0,41.0,38.0,3.0,41.0,39.0,41.0,41.0,41.0,41.0,38.0,38.0,38.0,38.0
1791040321.7,idle,41.0,49.0,0,3.6,444,0,41.0,39.0,2.0,39.0,39.0,41.0,40.0,40.0,40.0,39.0,39.0,39.0,39.0
1791040322.7,idle,41.0,49.0,0,3.04,444,0,41.0,36.0,5.0,41.0,36.0,40.0,40.0,40.0,40.0,39.0,39.0,39.0,39.0
1791040323.7,idle,41.0,49.0,0,3.28,561,0,40.0,37.0,3.0,37.0,39.0,40.0,40.0,40.0,40.0,39.0,39.0,39.0,39.0
1791040324.8,idle,40.0,49.0,0,3.05,445,0,41.0,38.0,3.0,39.0,39.0,40.0,40.0,41.0,41.0,38.0,38.0,39.0,39.0
1791040325.8,idle,41.0,49.0,0,3.63,475,0,41.0,37.0,4.0,38.0,37.0,41.0,41.0,41.0,41.0,39.0,39.0,39.0,39.0
1791040326.8,idle,41.0,49.0,0,3.18,444,0,41.0,37.0,4.0,37.0,39.0,41.0,41.0,41.0,40.0,39.0,39.0,39.0,39.0
1791040327.8,idle,41.0,49.0,0,3.41,508,0,41.0,37.0,4.0,39.0,37.0,40.0,40.0,40.0,41.0,39.0,39.0,39.0,39.0
1791040328.8,idle,41.0,49.0,0,3.04,473,0,41.0,38.0,3.0,40.0,39.0,41.0,41.0,41.0,40.0,38.0,38.0,38.0,39.0
1791040329.8,idle,41.0,49.0,0,3.84,547,0,41.0,39.0,2.0,40.0,39.0,41.0,41.0,41.0,41.0,40.0,40.0,40.0,40.0
1791040330.8,idle,41.0,49.0,0,3.09,508,0,41.0,39.0,2.0,39.0,39.0,40.0,40.0,40.0,41.0,39.0,39.0,39.0,39.0
1791040331.9,idle,41.0,49.0,0,3.13,514,0,40.0,38.0,2.0,39.0,39.0,40.0,40.0,40.0,40.0,38.0,39.0,39.0,39.0
1791040332.9,idle,64.0,49.0,0,3.7,2873,0,59.0,41.0,18.0,59.0,41.0,55.0,55.0,55.0,55.0,47.0,47.0,47.0,47.0
1791040333.9,idle,41.0,49.0,0,7.87,463,0,41.0,39.0,2.0,39.0,39.0,41.0,41.0,41.0,41.0,40.0,40.0,39.0,39.0
1791040334.9,idle,41.0,49.0,0,3.19,450,0,41.0,37.0,4.0,39.0,37.0,40.0,40.0,40.0,41.0,39.0,40.0,40.0,40.0
1791040335.9,idle,41.0,49.0,0,3.48,450,0,41.0,39.0,2.0,40.0,39.0,41.0,40.0,40.0,41.0,39.0,39.0,39.0,39.0
1791040336.9,idle,41.0,49.0,0,3.76,466,0,41.0,39.0,2.0,39.0,39.0,41.0,41.0,40.0,40.0,39.0,39.0,39.0,39.0
1791040338.0,idle,41.0,49.0,0,3.13,463,0,41.0,39.0,2.0,39.0,40.0,40.0,41.0,41.0,41.0,39.0,39.0,39.0,39.0
1791040339.0,idle,41.0,49.0,0,3.23,572,0,41.0,39.0,2.0,41.0,40.0,41.0,41.0,41.0,41.0,39.0,39.0,39.0,39.0
1791040340.0,idle,41.0,49.0,0,4.17,456,0,41.0,37.0,4.0,39.0,37.0,41.0,41.0,41.0,41.0,39.0,39.0,39.0,39.0
1791040341.0,idle,71.0,49.0,0,4.07,1060,0,63.0,40.0,23.0,63.0,42.0,49.0,49.0,49.0,49.0,40.0,40.0,40.0,40.0
1791040342.0,idle,41.0,49.0,0,3.61,438,0,41.0,39.0,2.0,40.0,39.0,40.0,41.0,41.0,40.0,40.0,40.0,40.0,40.0
1791040343.0,idle,41.0,49.0,0,3.17,462,0,41.0,39.0,2.0,41.0,39.0,40.0,41.0,41.0,41.0,39.0,39.0,39.0,39.0
1791040344.0,idle,41.0,49.0,0,3.17,446,0,40.0,38.0,2.0,38.0,39.0,40.0,40.0,40.0,40.0,39.0,39.0,39.0,39.0
1791040345.1,idle,41.0,49.0,0,3.42,483,0,41.0,39.0,2.0,39.0,39.0,40.0,41.0,41.0,40.0,39.0,39.0,39.0,39.0
1791040346.1,idle,41.0,49.0,0,3.48,464,0,41.0,38.0,3.0,39.0,38.0,41.0,41.0,41.0,41.0,39.0,39.0,39.0,39.0
1791040347.1,idle,41.0,49.0,0,3.08,431,0,41.0,37.0,4.0,39.0,37.0,41.0,41.0,40.0,40.0,39.0,39.0,39.0,39.0
1791040348.1,idle,41.0,49.0,0,3.05,455,0,40.0,39.0,1.0,39.0,39.0,40.0,40.0,40.0,40.0,40.0,40.0,40.0,40.0
1791040349.1,idle,41.0,49.0,0,3.21,534,0,41.0,39.0,2.0,40.0,39.0,40.0,41.0,41.0,41.0,40.0,40.0,40.0,40.0
1791040350.1,idle,41.0,49.0,0,3.86,439,0,41.0,37.0,4.0,40.0,37.0,41.0,41.0,41.0,41.0,39.0,40.0,40.0,40.0
1791040351.2,idle,41.0,49.0,0,3.68,501,0,41.0,37.0,4.0,39.0,37.0,41.0,41.0,41.0,41.0,39.0,39.0,39.0,39.0
1791040352.2,idle,41.0,49.0,0,3.23,473,0,41.0,39.0,2.0,40.0,39.0,41.0,41.0,40.0,40.0,39.0,39.0,39.0,39.0
1791040353.2,idle,41.0,49.0,0,8.09,465,0,42.0,41.0,1.0,41.0,41.0,41.0,41.0,41.0,41.0,42.0,42.0,42.0,42.0
1791040354.2,idle,41.0,49.0,0,3.4,480,0,41.0,39.0,2.0,39.0,39.0,41.0,41.0,41.0,41.0,39.0,39.0,39.0,39.0
1791040355.2,idle,41.0,49.0,0,3.14,440,0,41.0,39.0,2.0,39.0,39.0,41.0,41.0,41.0,41.0,39.0,39.0,39.0,39.0
1791040356.2,idle,41.0,49.0,0,3.37,458,0,41.0,39.0,2.0,40.0,39.0,41.0,41.0,41.0,41.0,39.0,39.0,39.0,39.0
1791040357.3,idle,41.0,49.0,0,3.52,524,0,41.0,39.0,2.0,40.0,39.0,41.0,41.0,41.0,41.0,39.0,39.0,39.0,39.0
1791040358.3,idle,41.0,49.0,0,3.22,444,0,41.0,39.0,2.0,39.0,39.0,41.0,41.0,41.0,41.0,39.0,39.0,39.0,39.0
1791040359.3,idle,41.0,49.0,0,3.11,476,0,40.0,39.0,1.0,39.0,39.0,40.0,40.0,40.0,40.0,40.0,39.0,39.0,39.0
1791040360.3,idle,40.0,49.0,0,3.75,482,0,40.0,37.0,3.0,39.0,37.0,40.0,40.0,40.0,40.0,39.0,40.0,40.0,40.0
1791040361.3,idle,41.0,49.0,0,3.7,456,0,41.0,38.0,3.0,40.0,40.0,40.0,40.0,41.0,41.0,39.0,39.0,38.0,38.0
1791040362.3,idle,41.0,49.0,0,4.9,448,0,41.0,38.0,3.0,39.0,38.0,40.0,41.0,41.0,41.0,40.0,39.0,39.0,39.0
1791040363.4,idle,41.0,49.0,0,3.68,437,0,41.0,39.0,2.0,41.0,39.0,41.0,40.0,40.0,40.0,40.0,40.0,39.0,39.0
1791040364.4,idle,41.0,49.0,0,3.9,495,0,41.0,39.0,2.0,40.0,39.0,41.0,41.0,41.0,41.0,39.0,39.0,39.0,39.0
1791040365.4,idle,41.0,49.0,0,3.92,503,0,41.0,39.0,2.0,39.0,39.0,40.0,40.0,40.0,41.0,40.0,40.0,40.0,40.0
1791040366.4,idle,41.0,49.0,0,3.84,438,0,41.0,38.0,3.0,39.0,38.0,41.0,41.0,40.0,40.0,39.0,39.0,39.0,39.0
1791040367.4,idle,41.0,49.0,0,4.02,473,0,41.0,37.0,4.0,40.0,37.0,41.0,40.0,40.0,41.0,39.0,39.0,39.0,39.0
1791040368.4,idle,41.0,49.0,0,3.52,472,0,41.0,39.0,2.0,39.0,39.0,41.0,41.0,41.0,41.0,39.0,39.0,39.0,39.0
1791040369.5,idle,41.0,49.0,0,3.47,609,0,40.0,38.0,2.0,39.0,39.0,40.0,40.0,40.0,40.0,39.0,38.0,38.0,38.0
1791040370.5,idle,41.0,49.0,0,3.82,459,0,40.0,38.0,2.0,39.0,38.0,40.0,40.0,40.0,40.0,39.0,39.0,39.0,39.0
1791040371.5,idle,41.0,49.0,0,4.35,460,0,41.0,39.0,2.0,41.0,39.0,41.0,41.0,41.0,40.0,39.0,39.0,39.0,39.0
1791040372.5,idle,41.0,49.0,0,3.35,457,0,41.0,39.0,2.0,40.0,39.0,40.0,40.0,40.0,41.0,39.0,39.0,39.0,39.0
1791040373.5,idle,41.0,49.0,0,8.43,452,0,41.0,39.0,2.0,41.0,40.0,41.0,41.0,41.0,41.0,39.0,39.0,40.0,40.0
1791040374.5,idle,41.0,49.0,0,3.26,465,0,40.0,39.0,1.0,40.0,39.0,40.0,40.0,40.0,40.0,39.0,39.0,39.0,39.0
1791040375.6,idle,41.0,49.0,0,3.12,482,0,41.0,39.0,2.0,40.0,39.0,40.0,40.0,40.0,41.0,40.0,40.0,40.0,40.0
1791040376.6,idle,41.0,49.0,0,3.53,482,0,41.0,39.0,2.0,41.0,39.0,40.0,40.0,40.0,41.0,40.0,40.0,40.0,40.0
1791040377.6,idle,41.0,49.0,0,3.39,475,0,41.0,39.0,2.0,40.0,39.0,40.0,40.0,41.0,41.0,39.0,39.0,39.0,39.0
1791040378.6,idle,41.0,49.0,0,3.08,425,0,41.0,39.0,2.0,39.0,39.0,41.0,41.0,41.0,40.0,39.0,40.0,40.0,40.0
1791040379.6,idle,41.0,49.0,0,3.23,480,0,41.0,39.0,2.0,41.0,39.0,41.0,40.0,40.0,41.0,39.0,39.0,39.0,39.0
1791040380.6,idle,41.0,49.0,0,4.27,448,0,41.0,37.0,4.0,39.0,37.0,41.0,41.0,41.0,41.0,39.0,39.0,39.0,39.0
1791040381.7,idle,41.0,49.0,0,3.7,484,0,41.0,37.0,4.0,41.0,37.0,41.0,41.0,41.0,41.0,39.0,39.0,39.0,39.0
1791040382.7,idle,41.0,49.0,0,3.16,492,0,41.0,36.0,5.0,41.0,36.0,40.0,41.0,41.0,41.0,40.0,40.0,40.0,40.0
1791040383.7,idle,41.0,49.0,0,3.29,493,0,41.0,37.0,4.0,39.0,37.0,41.0,41.0,40.0,40.0,39.0,39.0,39.0,39.0
1791040384.7,idle,41.0,49.0,0,3.08,468,0,41.0,39.0,2.0,39.0,39.0,41.0,40.0,41.0,41.0,39.0,39.0,39.0,39.0
1791040385.7,idle,41.0,49.0,0,3.21,426,0,41.0,39.0,2.0,39.0,39.0,41.0,41.0,41.0,41.0,39.0,39.0,39.0,39.0
1791040386.7,idle,41.0,49.0,0,3.44,466,0,40.0,38.0,2.0,38.0,39.0,40.0,40.0,40.0,40.0,40.0,40.0,40.0,39.0
1791040387.8,idle,41.0,49.0,0,3.51,479,0,41.0,39.0,2.0,40.0,39.0,41.0,41.0,41.0,40.0,39.0,39.0,39.0,39.0
1791040388.8,idle,41.0,49.0,0,3.0,439,0,41.0,39.0,2.0,39.0,39.0,40.0,40.0,40.0,41.0,40.0,40.0,40.0,40.0
1791040389.8,idle,45.0,49.0,0,3.83,2243,0,48.0,39.0,9.0,43.0,48.0,45.0,45.0,45.0,45.0,39.0,39.0,39.0,39.0
1791040390.8,idle,40.0,49.0,0,3.66,492,0,40.0,39.0,1.0,39.0,39.0,40.0,40.0,40.0,40.0,39.0,40.0,40.0,40.0
1791040391.8,idle,41.0,49.0,0,3.09,543,0,41.0,39.0,2.0,39.0,39.0,41.0,41.0,41.0,41.0,39.0,39.0,39.0,39.0
1791040392.8,idle,55.0,49.0,0,3.85,2624,0,56.0,41.0,15.0,56.0,41.0,46.0,46.0,46.0,46.0,46.0,46.0,46.0,46.0
1791040393.8,idle,41.0,49.0,0,8.05,469,0,41.0,39.0,2.0,41.0,39.0,40.0,41.0,41.0,41.0,39.0,39.0,39.0,39.0
1791040394.9,idle,41.0,49.0,0,3.3,448,0,41.0,39.0,2.0,39.0,39.0,41.0,41.0,41.0,41.0,39.0,39.0,39.0,39.0
1791040395.9,idle,41.0,49.0,0,3.32,435,0,41.0,39.0,2.0,39.0,39.0,41.0,41.0,41.0,40.0,39.0,39.0,39.0,39.0
1791040396.9,idle,41.0,49.0,0,3.31,434,0,41.0,39.0,2.0,39.0,39.0,41.0,41.0,41.0,41.0,41.0,39.0,39.0,39.0
1791040397.9,idle,41.0,49.0,0,3.44,525,0,41.0,39.0,2.0,39.0,39.0,41.0,40.0,40.0,41.0,39.0,39.0,39.0,39.0
1791040398.9,idle,41.0,49.0,0,3.34,456,0,41.0,38.0,3.0,38.0,39.0,41.0,41.0,41.0,41.0,38.0,38.0,38.0,39.0
1791040399.9,idle,41.0,49.0,0,4.1,449,0,41.0,39.0,2.0,41.0,39.0,41.0,41.0,41.0,41.0,40.0,40.0,40.0,40.0
1791040401.0,idle,41.0,49.0,0,3.27,461,0,41.0,39.0,2.0,40.0,39.0,40.0,40.0,41.0,41.0,40.0,40.0,39.0,39.0
1791040402.0,idle,41.0,49.0,0,4.74,461,0,41.0,39.0,2.0,39.0,39.0,41.0,40.0,40.0,41.0,39.0,39.0,39.0,39.0
1791040403.0,idle,41.0,49.0,0,3.34,445,0,41.0,39.0,2.0,40.0,39.0,40.0,41.0,40.0,40.0,39.0,39.0,39.0,39.0
1791040404.0,idle,40.0,49.0,0,3.18,440,0,41.0,39.0,2.0,39.0,39.0,41.0,41.0,41.0,41.0,40.0,40.0,40.0,40.0
1791040405.0,idle,41.0,49.0,0,3.4,495,0,40.0,39.0,1.0,39.0,39.0,40.0,40.0,40.0,40.0,39.0,39.0,39.0,39.0
1791040406.0,idle,41.0,49.0,0,3.13,468,0,40.0,39.0,1.0,40.0,39.0,40.0,40.0,40.0,40.0,39.0,39.0,39.0,39.0
1791040407.1,idle,41.0,49.0,0,3.53,428,0,41.0,39.0,2.0,41.0,39.0,41.0,41.0,41.0,41.0,40.0,40.0,40.0,40.0
1791040408.1,idle,41.0,49.0,0,3.27,429,0,41.0,39.0,2.0,39.0,39.0,40.0,40.0,41.0,41.0,39.0,39.0,39.0,39.0
1791040409.1,idle,41.0,49.0,0,3.11,504,0,41.0,39.0,2.0,39.0,39.0,41.0,41.0,41.0,41.0,39.0,39.0,39.0,39.0
1791040410.1,idle,41.0,49.0,0,3.91,671,0,41.0,39.0,2.0,41.0,39.0,41.0,41.0,41.0,40.0,40.0,39.0,39.0,39.0
1791040411.1,idle,41.0,49.0,0,3.35,512,0,41.0,38.0,3.0,38.0,39.0,41.0,41.0,40.0,40.0,40.0,39.0,39.0,39.0
1791040412.1,idle,41.0,49.0,0,3.61,492,0,41.0,39.0,2.0,39.0,39.0,41.0,41.0,41.0,40.0,39.0,39.0,39.0,39.0
1791040413.1,idle,43.0,50.0,0,8.1,516,0,43.0,40.0,3.0,43.0,40.0,42.0,42.0,42.0,42.0,41.0,41.0,40.0,40.0
1791040414.2,idle,41.0,50.0,0,3.38,479,0,41.0,38.0,3.0,38.0,39.0,41.0,41.0,41.0,41.0,39.0,39.0,39.0,40.0
1791040415.2,idle,41.0,50.0,0,3.12,481,0,41.0,39.0,2.0,40.0,39.0,40.0,40.0,40.0,41.0,39.0,39.0,39.0,39.0
1791040416.2,idle,41.0,50.0,0,3.21,529,0,41.0,39.0,2.0,40.0,39.0,40.0,40.0,41.0,41.0,39.0,39.0,39.0,39.0
1791040417.2,idle,41.0,50.0,0,3.64,456,0,41.0,39.0,2.0,40.0,39.0,40.0,41.0,41.0,41.0,39.0,39.0,39.0,39.0
1791040418.2,idle,41.0,50.0,0,3.3,425,0,41.0,39.0,2.0,41.0,39.0,41.0,41.0,40.0,40.0,39.0,39.0,39.0,39.0
1791040419.3,idle,41.0,49.0,0,3.17,467,0,40.0,39.0,1.0,39.0,39.0,40.0,40.0,40.0,40.0,40.0,40.0,39.0,39.0
1791040420.3,idle,41.0,49.0,0,3.83,473,0,41.0,39.0,2.0,41.0,39.0,41.0,41.0,41.0,40.0,39.0,40.0,40.0,40.0
1791040421.3,idle,41.0,49.0,0,3.24,463,0,41.0,37.0,4.0,39.0,37.0,41.0,41.0,41.0,41.0,39.0,39.0,40.0,40.0
1791040422.3,idle,41.0,49.0,0,3.16,462,0,41.0,39.0,2.0,40.0,39.0,40.0,40.0,40.0,41.0,39.0,39.0,39.0,39.0
1791040423.3,idle,41.0,49.0,0,3.54,426,0,41.0,39.0,2.0,39.0,39.0,41.0,40.0,41.0,41.0,39.0,39.0,39.0,39.0
1791040424.3,idle,41.0,49.0,0,3.08,472,0,41.0,38.0,3.0,39.0,39.0,41.0,41.0,40.0,40.0,38.0,38.0,39.0,39.0
1791040425.4,idle,41.0,49.0,0,3.26,488,0,41.0,39.0,2.0,39.0,39.0,40.0,41.0,41.0,41.0,40.0,40.0,40.0,40.0
1791040426.4,idle,41.0,49.0,0,3.4,426,0,41.0,39.0,2.0,39.0,39.0,40.0,41.0,41.0,41.0,39.0,39.0,39.0,39.0
1791040427.4,idle,41.0,49.0,0,3.43,425,0,41.0,39.0,2.0,39.0,39.0,40.0,40.0,41.0,41.0,39.0,39.0,39.0,39.0
1791040428.4,idle,41.0,49.0,0,3.33,417,0,41.0,38.0,3.0,38.0,39.0,40.0,40.0,41.0,41.0,39.0,39.0,39.0,39.0
1791040429.4,idle,41.0,49.0,0,3.54,506,0,41.0,38.0,3.0,41.0,39.0,40.0,40.0,40.0,40.0,38.0,38.0,39.0,39.0
1791040430.4,idle,41.0,48.0,0,3.87,442,0,40.0,39.0,1.0,39.0,39.0,40.0,40.0,40.0,40.0,39.0,39.0,39.0,39.0
1791040431.5,idle,41.0,49.0,0,4.27,451,0,41.0,38.0,3.0,41.0,39.0,41.0,41.0,40.0,40.0,38.0,39.0,39.0,39.0
1791040432.5,idle,41.0,49.0,0,3.32,449,0,41.0,39.0,2.0,40.0,39.0,40.0,40.0,40.0,41.0,39.0,39.0,39.0,39.0
1791040433.5,idle,41.0,49.0,0,8.25,462,0,41.0,39.0,2.0,39.0,39.0,41.0,41.0,41.0,41.0,39.0,39.0,39.0,39.0
1791040434.5,idle,41.0,49.0,0,3.05,427,0,40.0,39.0,1.0,39.0,39.0,40.0,40.0,40.0,40.0,39.0,39.0,39.0,39.0
1791040435.5,idle,41.0,49.0,0,3.41,433,0,40.0,39.0,1.0,39.0,39.0,40.0,40.0,40.0,40.0,39.0,39.0,39.0,39.0
1791040436.5,idle,41.0,49.0,0,3.13,485,0,41.0,39.0,2.0,39.0,39.0,41.0,41.0,41.0,41.0,39.0,39.0,39.0,39.0
1791040437.6,idle,41.0,49.0,0,3.48,469,0,41.0,38.0,3.0,39.0,39.0,40.0,40.0,41.0,41.0,39.0,38.0,38.0,39.0
1791040438.6,idle,41.0,49.0,0,3.27,433,0,41.0,39.0,2.0,40.0,39.0,41.0,40.0,40.0,40.0,39.0,39.0,39.0,39.0
1791040439.6,idle,41.0,49.0,0,3.14,482,0,40.0,39.0,1.0,39.0,39.0,40.0,40.0,40.0,40.0,39.0,39.0,39.0,39.0
1791040440.6,idle,41.0,49.0,0,3.91,461,0,41.0,38.0,3.0,39.0,39.0,41.0,41.0,41.0,41.0,39.0,39.0,39.0,38.0
1791040441.6,idle,41.0,49.0,0,3.86,456,0,41.0,39.0,2.0,39.0,39.0,40.0,40.0,41.0,41.0,39.0,39.0,39.0,39.0
1791040442.6,idle,41.0,49.0,0,3.36,489,0,41.0,39.0,2.0,41.0,39.0,40.0,40.0,40.0,41.0,40.0,41.0,41.0,41.0
1791040443.7,idle,41.0,49.0,0,3.29,533,0,41.0,39.0,2.0,39.0,39.0,41.0,41.0,41.0,40.0,39.0,39.0,39.0,39.0
1791040444.7,idle,41.0,49.0,0,3.18,463,0,40.0,39.0,1.0,39.0,39.0,40.0,40.0,40.0,40.0,39.0,39.0,39.0,39.0
1791040445.7,idle,41.0,49.0,0,3.14,443,0,41.0,39.0,2.0,39.0,39.0,40.0,40.0,41.0,41.0,39.0,39.0,39.0,39.0
1791040446.7,idle,41.0,49.0,0,3.19,482,0,41.0,39.0,2.0,39.0,39.0,41.0,41.0,41.0,41.0,39.0,39.0,39.0,39.0
1791040447.7,idle,41.0,49.0,0,3.48,465,0,41.0,38.0,3.0,40.0,38.0,41.0,41.0,41.0,41.0,38.0,38.0,39.0,39.0
1791040448.7,idle,41.0,49.0,0,3.33,451,0,41.0,39.0,2.0,40.0,39.0,40.0,41.0,40.0,40.0,40.0,40.0,39.0,39.0
1791040449.8,idle,42.0,49.0,0,3.4,969,0,46.0,40.0,6.0,46.0,40.0,42.0,42.0,42.0,42.0,41.0,41.0,41.0,41.0
1791040450.8,idle,41.0,49.0,0,3.94,428,0,41.0,39.0,2.0,41.0,39.0,40.0,40.0,40.0,40.0,39.0,39.0,39.0,39.0
1791040451.8,fixed,53.0,49.0,0,20.64,2433,14456,52.0,48.0,4.0,52.0,49.0,52.0,52.0,52.0,52.0,48.0,50.0,50.0,50.0
1791040452.8,fixed,52.0,50.0,0,19.99,2400,28776,52.0,50.0,2.0,52.0,50.0,51.0,51.0,51.0,51.0,50.0,50.0,50.0,50.0
1791040453.9,fixed,55.0,51.0,0,19.95,2247,41944,54.0,49.0,5.0,54.0,49.0,52.0,52.0,52.0,52.0,50.0,50.0,50.0,50.0
1791040454.9,fixed,54.0,52.0,0,20.04,2400,56208,54.0,50.0,4.0,54.0,50.0,53.0,53.0,53.0,53.0,51.0,51.0,51.0,51.0
1791040455.9,fixed,54.0,53.0,0,19.99,2400,70560,55.0,49.0,6.0,55.0,49.0,53.0,53.0,53.0,53.0,51.0,51.0,51.0,51.0
1791040456.9,fixed,55.0,54.0,0,19.99,2400,84912,55.0,51.0,4.0,55.0,52.0,54.0,54.0,54.0,54.0,51.0,53.0,53.0,53.0
1791040457.9,fixed,56.0,54.0,0,20.02,2400,99208,55.0,53.0,2.0,55.0,53.0,54.0,54.0,54.0,54.0,53.0,53.0,53.0,53.0
1791040458.9,fixed,55.0,55.0,0,19.98,2400,113576,56.0,53.0,3.0,56.0,53.0,54.0,54.0,54.0,54.0,54.0,54.0,54.0,54.0
1791040459.9,fixed,55.0,55.0,0,20.0,2406,127760,56.0,52.0,4.0,56.0,53.0,54.0,54.0,54.0,54.0,52.0,52.0,54.0,54.0
1791040461.0,fixed,56.0,56.0,0,20.01,2407,142104,56.0,53.0,3.0,56.0,53.0,55.0,55.0,55.0,55.0,53.0,53.0,53.0,53.0
1791040462.0,fixed,58.0,56.0,0,19.99,2400,156296,56.0,53.0,3.0,56.0,53.0,54.0,55.0,55.0,55.0,54.0,54.0,54.0,54.0
1791040463.0,fixed,59.0,56.0,0,20.0,2400,170640,56.0,53.0,3.0,56.0,53.0,55.0,55.0,55.0,55.0,54.0,54.0,54.0,54.0
1791040464.0,fixed,58.0,57.0,0,19.99,2429,184952,59.0,53.0,6.0,59.0,54.0,57.0,57.0,57.0,57.0,53.0,53.0,53.0,53.0
1791040465.0,fixed,59.0,57.0,2300,19.99,2400,199264,59.0,54.0,5.0,59.0,56.0,58.0,58.0,58.0,58.0,54.0,54.0,54.0,54.0
1791040466.0,fixed,58.0,58.0,2500,20.01,2400,213576,59.0,55.0,4.0,59.0,56.0,56.0,56.0,56.0,56.0,55.0,55.0,55.0,55.0
1791040467.0,fixed,59.0,58.0,2300,20.0,2400,227888,59.0,54.0,5.0,59.0,54.0,57.0,57.0,57.0,57.0,54.0,54.0,54.0,54.0
1791040468.0,fixed,59.0,59.0,1900,19.98,2400,242104,59.0,55.0,4.0,59.0,55.0,57.0,57.0,57.0,57.0,55.0,55.0,57.0,57.0
1791040469.0,fixed,60.0,59.0,2000,20.0,2400,256408,59.0,55.0,4.0,59.0,56.0,57.0,58.0,58.0,57.0,55.0,55.0,55.0,55.0
1791040470.1,fixed,60.0,59.0,2300,20.01,2400,270520,60.0,55.0,5.0,60.0,56.0,58.0,58.0,58.0,58.0,55.0,55.0,55.0,55.0
1791040471.1,fixed,58.0,60.0,2600,19.95,2433,284648,62.0,57.0,5.0,62.0,57.0,58.0,58.0,58.0,58.0,57.0,57.0,57.0,57.0
1791040472.1,fixed,60.0,60.0,3000,20.0,2433,298608,60.0,57.0,3.0,60.0,58.0,58.0,58.0,58.0,58.0,57.0,57.0,57.0,57.0
1791040473.1,fixed,62.0,60.0,3200,20.08,2333,312880,60.0,55.0,5.0,60.0,57.0,58.0,58.0,58.0,58.0,55.0,55.0,55.0,55.0
1791040474.1,fixed,60.0,60.0,3400,19.95,2300,326288,62.0,55.0,7.0,62.0,58.0,58.0,58.0,58.0,58.0,57.0,57.0,57.0,55.0
1791040475.1,fixed,60.0,61.0,3300,19.95,2433,339688,62.0,57.0,5.0,62.0,57.0,58.0,58.0,58.0,58.0,58.0,58.0,58.0,58.0
1791040476.1,fixed,62.0,61.0,3300,20.08,2400,353864,62.0,57.0,5.0,62.0,57.0,59.0,59.0,59.0,59.0,57.0,57.0,57.0,57.0
1791040477.1,fixed,62.0,61.0,3300,19.97,2400,368080,60.0,57.0,3.0,60.0,57.0,59.0,58.0,59.0,59.0,58.0,58.0,58.0,58.0
1791040478.2,fixed,62.0,61.0,3300,20.03,2333,382248,62.0,57.0,5.0,62.0,57.0,59.0,59.0,59.0,59.0,58.0,58.0,58.0,58.0
1791040479.2,fixed,63.0,61.0,3300,19.98,2400,396464,62.0,57.0,5.0,62.0,57.0,61.0,61.0,61.0,61.0,58.0,58.0,58.0,58.0
1791040480.2,fixed,63.0,62.0,3300,20.01,2400,410544,62.0,58.0,4.0,62.0,58.0,59.0,59.0,59.0,59.0,58.0,58.0,58.0,58.0
1791040481.2,fixed,62.0,62.0,3300,19.97,2333,424744,62.0,58.0,4.0,62.0,58.0,59.0,59.0,59.0,59.0,58.0,58.0,58.0,58.0
1791040482.2,fixed,62.0,62.0,3300,19.97,2400,438912,62.0,58.0,4.0,62.0,58.0,59.0,59.0,59.0,59.0,58.0,58.0,58.0,58.0
1791040483.2,fixed,62.0,62.0,3300,20.05,2400,453128,63.0,57.0,6.0,63.0,60.0,61.0,61.0,61.0,61.0,57.0,57.0,58.0,58.0
1791040484.2,fixed,62.0,62.0,3300,19.97,2333,467280,62.0,58.0,4.0,62.0,60.0,59.0,60.0,60.0,60.0,58.0,58.0,58.0,58.0
1791040485.3,fixed,63.0,62.0,3300,20.01,2333,481480,63.0,58.0,5.0,63.0,58.0,59.0,59.0,59.0,59.0,58.0,58.0,58.0,58.0
1791040486.3,fixed,63.0,62.0,3300,20.02,2400,495664,63.0,58.0,5.0,63.0,60.0,61.0,61.0,61.0,61.0,58.0,58.0,58.0,58.0
1791040487.3,fixed,63.0,62.0,3300,19.96,2400,509800,63.0,58.0,5.0,63.0,60.0,61.0,62.0,62.0,62.0,58.0,58.0,58.0,58.0
1791040488.3,fixed,63.0,63.0,3300,20.03,2333,523912,63.0,58.0,5.0,63.0,60.0,61.0,61.0,61.0,61.0,58.0,58.0,58.0,58.0
1791040489.3,fixed,63.0,63.0,3300,19.96,2400,538056,62.0,59.0,3.0,62.0,61.0,61.0,61.0,61.0,61.0,59.0,59.0,59.0,59.0
1791040490.3,fixed,64.0,63.0,3300,20.0,2400,552120,63.0,59.0,4.0,63.0,61.0,61.0,62.0,62.0,62.0,59.0,59.0,59.0,59.0
1791040491.3,fixed,65.0,63.0,3300,20.01,2400,566304,63.0,58.0,5.0,63.0,60.0,62.0,62.0,61.0,61.0,58.0,58.0,58.0,58.0
1791040492.4,fixed,63.0,63.0,3300,19.99,2400,580280,64.0,59.0,5.0,64.0,60.0,62.0,62.0,61.0,62.0,59.0,59.0,59.0,59.0
1791040493.4,fixed,63.0,64.0,3300,19.99,2405,594512,63.0,59.0,4.0,63.0,60.0,63.0,62.0,62.0,62.0,59.0,59.0,59.0,59.0
1791040494.4,fixed,63.0,64.0,3300,20.0,2400,608752,64.0,58.0,6.0,64.0,61.0,64.0,64.0,64.0,64.0,58.0,58.0,59.0,59.0
1791040495.4,fixed,64.0,64.0,3300,20.06,2300,621944,64.0,59.0,5.0,64.0,62.0,61.0,61.0,61.0,61.0,59.0,59.0,59.0,59.0
1791040496.4,fixed,64.0,64.0,3300,19.9,2433,635688,64.0,59.0,5.0,64.0,61.0,62.0,62.0,63.0,63.0,59.0,59.0,59.0,59.0
1791040497.4,fixed,64.0,64.0,3300,20.0,2433,649632,65.0,61.0,4.0,65.0,61.0,63.0,64.0,64.0,64.0,61.0,61.0,61.0,61.0
1791040498.4,fixed,64.0,64.0,3500,20.05,2400,663648,64.0,61.0,3.0,64.0,62.0,64.0,64.0,64.0,63.0,61.0,61.0,61.0,61.0
1791040499.4,fixed,64.0,64.0,3500,19.99,2400,677816,64.0,61.0,3.0,64.0,61.0,62.0,64.0,64.0,63.0,61.0,61.0,61.0,61.0
1791040500.5,fixed,65.0,64.0,3500,19.98,2400,691824,64.0,61.0,3.0,64.0,61.0,64.0,64.0,64.0,64.0,61.0,61.0,61.0,61.0
1791040501.5,fixed,64.0,64.0,3500,20.02,2400,706056,65.0,61.0,4.0,65.0,61.0,64.0,64.0,64.0,64.0,61.0,61.0,61.0,61.0
1791040502.5,fixed,64.0,64.0,3500,20.0,2400,720152,64.0,61.0,3.0,64.0,61.0,63.0,63.0,63.0,63.0,61.0,61.0,61.0,61.0
1791040503.5,fixed,64.0,64.0,3500,19.98,2400,734232,65.0,61.0,4.0,65.0,61.0,63.0,65.0,65.0,65.0,61.0,61.0,61.0,61.0
1791040504.5,fixed,65.0,65.0,3500,20.01,2400,748312,64.0,60.0,4.0,64.0,60.0,63.0,63.0,64.0,64.0,62.0,62.0,62.0,62.0
1791040505.5,fixed,65.0,65.0,3500,20.03,2333,762496,64.0,61.0,3.0,64.0,61.0,63.0,63.0,63.0,63.0,61.0,61.0,61.0,61.0
1791040506.5,fixed,65.0,65.0,3500,19.97,2400,776648,65.0,61.0,4.0,65.0,61.0,64.0,64.0,65.0,65.0,61.0,61.0,61.0,61.0
1791040507.6,fixed,67.0,65.0,3500,19.99,2367,790736,65.0,61.0,4.0,65.0,61.0,65.0,64.0,64.0,65.0,61.0,61.0,61.0,61.0
1791040508.6,fixed,65.0,65.0,3500,19.99,2367,804792,64.0,61.0,3.0,64.0,61.0,63.0,63.0,63.0,63.0,61.0,61.0,61.0,61.0
1791040509.6,fixed,65.0,65.0,3500,20.01,2333,818872,64.0,61.0,3.0,64.0,62.0,63.0,63.0,63.0,63.0,61.0,61.0,62.0,62.0
1791040510.6,fixed,67.0,65.0,3500,20.01,2333,832872,67.0,61.0,6.0,67.0,61.0,64.0,64.0,62.0,62.0,62.0,62.0,62.0,62.0
1791040511.6,fixed,65.0,65.0,3500,19.99,2333,847000,65.0,61.0,4.0,65.0,64.0,63.0,64.0,65.0,65.0,61.0,61.0,61.0,61.0
1791040512.6,fixed,65.0,65.0,3500,19.99,2333,861144,65.0,62.0,3.0,64.0,62.0,64.0,65.0,65.0,65.0,62.0,62.0,62.0,62.0
1791040513.6,fixed,67.0,65.0,3500,20.02,2400,875224,67.0,64.0,3.0,67.0,64.0,64.0,64.0,64.0,64.0,64.0,64.0,64.0,64.0
1791040514.7,fixed,65.0,66.0,3500,19.99,2333,889336,65.0,62.0,3.0,64.0,62.0,65.0,65.0,63.0,63.0,62.0,62.0,62.0,62.0
1791040515.7,fixed,65.0,66.0,3500,19.98,2400,903448,65.0,62.0,3.0,65.0,63.0,64.0,65.0,65.0,65.0,62.0,62.0,62.0,62.0
1791040516.7,fixed,65.0,66.0,3500,20.0,2407,916600,65.0,62.0,3.0,65.0,63.0,65.0,65.0,65.0,65.0,62.0,62.0,62.0,62.0
1791040517.7,fixed,64.0,66.0,3500,19.98,2400,930544,65.0,62.0,3.0,65.0,64.0,64.0,64.0,64.0,64.0,62.0,62.0,62.0,62.0
1791040518.7,fixed,67.0,66.0,3500,20.01,2400,944480,65.0,62.0,3.0,65.0,62.0,65.0,65.0,65.0,65.0,62.0,62.0,62.0,62.0
1791040519.7,fixed,65.0,66.0,3500,19.99,2400,958528,67.0,64.0,3.0,67.0,64.0,66.0,66.0,66.0,66.0,64.0,64.0,64.0,64.0
1791040520.8,fixed,67.0,66.0,3500,19.99,2333,972896,67.0,62.0,5.0,67.0,63.0,65.0,65.0,65.0,65.0,62.0,62.0,62.0,62.0
1791040521.8,fixed,67.0,66.0,3500,20.03,2400,986928,67.0,64.0,3.0,67.0,64.0,66.0,66.0,66.0,66.0,64.0,64.0,64.0,64.0
1791040522.8,fixed,67.0,66.0,3500,20.0,2367,1000832,68.0,62.0,6.0,68.0,64.0,65.0,65.0,65.0,65.0,62.0,62.0,62.0,62.0
1791040523.8,fixed,67.0,67.0,3500,20.01,2333,1014936,67.0,62.0,5.0,67.0,63.0,66.0,66.0,66.0,65.0,62.0,62.0,62.0,62.0
1791040524.8,fixed,67.0,67.0,3500,19.94,2400,1029032,67.0,63.0,4.0,67.0,63.0,65.0,65.0,65.0,65.0,64.0,64.0,64.0,64.0
1791040525.8,fixed,67.0,67.0,3500,20.03,2400,1043152,67.0,64.0,3.0,67.0,64.0,65.0,65.0,65.0,66.0,64.0,64.0,64.0,64.0
1791040526.9,fixed,67.0,67.0,3500,20.0,2333,1057304,68.0,62.0,6.0,68.0,64.0,65.0,65.0,65.0,66.0,62.0,62.0,62.0,62.0
1791040527.9,fixed,68.0,67.0,3500,19.98,2400,1071416,67.0,64.0,3.0,67.0,65.0,65.0,65.0,65.0,65.0,64.0,64.0,64.0,64.0
1791040528.9,fixed,67.0,68.0,3500,20.0,2333,1085464,67.0,64.0,3.0,67.0,64.0,66.0,66.0,65.0,65.0,64.0,64.0,64.0,64.0
1791040529.9,fixed,68.0,68.0,3500,19.98,2333,1099464,68.0,62.0,6.0,68.0,64.0,65.0,65.0,66.0,66.0,62.0,62.0,62.0,62.0
1791040530.9,fixed,68.0,68.0,3500,20.02,2333,1113576,67.0,64.0,3.0,67.0,65.0,65.0,67.0,67.0,66.0,64.0,64.0,64.0,64.0
1791040531.9,fixed,68.0,68.0,3500,19.97,2333,1127656,67.0,62.0,5.0,67.0,64.0,66.0,66.0,66.0,66.0,62.0,62.0,62.0,62.0
1791040532.9,fixed,69.0,68.0,3500,20.01,2333,1141696,68.0,62.0,6.0,68.0,64.0,65.0,65.0,65.0,65.0,62.0,64.0,64.0,64.0
1791040534.0,fixed,68.0,68.0,3500,19.99,2400,1155816,68.0,64.0,4.0,68.0,65.0,67.0,67.0,67.0,65.0,64.0,64.0,64.0,64.0
1791040535.0,fixed,69.0,68.0,3500,20.03,2333,1169912,68.0,64.0,4.0,68.0,64.0,66.0,66.0,66.0,66.0,64.0,64.0,64.0,64.0
1791040536.0,fixed,67.0,68.0,3500,19.96,2400,1183848,68.0,64.0,4.0,68.0,65.0,66.0,66.0,66.0,66.0,64.0,64.0,64.0,64.0
1791040537.0,fixed,69.0,68.0,3500,20.07,2233,1197696,69.0,64.0,5.0,69.0,64.0,66.0,66.0,66.0,66.0,64.0,64.0,64.0,64.0
1791040538.0,fixed,68.0,68.0,3500,19.95,2400,1210848,68.0,64.0,4.0,68.0,65.0,66.0,66.0,66.0,66.0,64.0,64.0,64.0,64.0
1791040539.0,fixed,68.0,68.0,3500,20.01,2300,1224832,68.0,64.0,4.0,68.0,65.0,66.0,66.0,66.0,66.0,64.0,64.0,64.0,64.0
1791040540.0,fixed,68.0,68.0,3500,19.98,2400,1238752,67.0,65.0,2.0,67.0,65.0,67.0,67.0,67.0,67.0,65.0,65.0,65.0,65.0
1791040541.1,fixed,68.0,68.0,3500,19.99,2333,1252840,68.0,64.0,4.0,68.0,65.0,66.0,66.0,66.0,66.0,64.0,64.0,64.0,64.0
1791040542.1,fixed,68.0,68.0,3500,19.98,2400,1266816,68.0,65.0,3.0,68.0,66.0,66.0,66.0,66.0,66.0,65.0,65.0,65.0,65.0
1791040543.1,fixed,68.0,68.0,3500,19.98,2433,1280856,68.0,65.0,3.0,68.0,66.0,66.0,66.0,66.0,66.0,65.0,65.0,65.0,65.0
1791040544.1,fixed,69.0,68.0,3500,20.01,2400,1294872,68.0,64.0,4.0,68.0,66.0,66.0,66.0,67.0,67.0,65.0,65.0,64.0,64.0
1791040545.1,fixed,69.0,69.0,3500,20.02,2333,1309000,69.0,64.0,5.0,69.0,66.0,66.0,66.0,66.0,66.0,64.0,65.0,65.0,65.0
1791040546.1,fixed,69.0,69.0,3500,19.96,2333,1323072,69.0,64.0,5.0,69.0,65.0,67.0,67.0,67.0,67.0,64.0,64.0,64.0,64.0
1791040547.1,fixed,69.0,69.0,3500,20.01,2400,1337192,69.0,65.0,4.0,69.0,66.0,67.0,67.0,67.0,67.0,65.0,65.0,65.0,65.0
1791040548.1,fixed,68.0,69.0,3500,20.01,2333,1351264,68.0,64.0,4.0,68.0,66.0,66.0,66.0,66.0,66.0,64.0,64.0,64.0,64.0
1791040549.2,fixed,69.0,69.0,3500,19.98,2400,1365304,69.0,64.0,5.0,69.0,66.0,67.0,67.0,67.0,67.0,65.0,65.0,64.0,64.0
1791040550.2,fixed,69.0,69.0,3500,19.98,2333,1379152,69.0,64.0,5.0,69.0,66.0,67.0,67.0,67.0,67.0,64.0,64.0,64.0,64.0
1791040551.2,fixed,68.0,70.0,3500,20.01,2400,1393200,69.0,65.0,4.0,69.0,66.0,67.0,67.0,67.0,67.0,65.0,65.0,65.0,65.0
1791040552.2,fixed,68.0,69.0,3500,19.99,2400,1407080,68.0,66.0,2.0,68.0,66.0,66.0,66.0,66.0,67.0,66.0,66.0,66.0,66.0
1791040553.2,fixed,69.0,69.0,3500,20.03,2333,1420936,69.0,65.0,4.0,69.0,66.0,67.0,67.0,67.0,67.0,65.0,66.0,66.0,66.0
1791040554.2,fixed,71.0,69.0,3500,19.98,2333,1434952,69.0,66.0,3.0,69.0,66.0,67.0,67.0,67.0,67.0,66.0,66.0,66.0,66.0
1791040555.2,fixed,69.0,69.0,3500,19.96,2333,1449016,69.0,65.0,4.0,69.0,66.0,66.0,66.0,68.0,68.0,65.0,65.0,65.0,65.0
1791040556.2,fixed,68.0,69.0,3500,19.99,2400,1463072,71.0,65.0,6.0,71.0,66.0,69.0,69.0,69.0,68.0,66.0,66.0,65.0,65.0
1791040557.3,fixed,71.0,69.0,3500,20.07,2333,1477160,69.0,65.0,4.0,69.0,66.0,67.0,67.0,67.0,69.0,65.0,65.0,65.0,65.0
1791040558.3,fixed,71.0,70.0,3500,20.02,2233,1490368,69.0,65.0,4.0,69.0,67.0,67.0,67.0,67.0,67.0,65.0,65.0,65.0,65.0
1791040559.3,fixed,71.0,70.0,3500,19.93,2400,1504056,69.0,66.0,3.0,69.0,66.0,68.0,68.0,68.0,68.0,66.0,66.0,66.0,66.0
1791040560.3,fixed,71.0,70.0,3500,20.02,2333,1517960,71.0,65.0,6.0,71.0,68.0,67.0,67.0,67.0,67.0,65.0,65.0,65.0,66.0
1791040561.3,fixed,69.0,70.0,3500,19.97,2333,1531968,71.0,65.0,6.0,71.0,65.0,67.0,67.0,67.0,67.0,66.0,66.0,66.0,66.0
1791040562.3,fixed,71.0,70.0,3500,20.01,2400,1545968,71.0,66.0,5.0,71.0,66.0,69.0,69.0,69.0,67.0,66.0,66.0,66.0,66.0
1791040563.3,fixed,71.0,71.0,3500,20.01,2400,1560064,71.0,66.0,5.0,71.0,67.0,69.0,69.0,69.0,69.0,66.0,66.0,66.0,66.0
1791040564.4,fixed,71.0,71.0,3600,19.98,2333,1574136,71.0,65.0,6.0,71.0,68.0,69.0,67.0,67.0,67.0,65.0,65.0,65.0,65.0
1791040565.4,fixed,71.0,71.0,3500,20.0,2400,1588232,71.0,66.0,5.0,71.0,66.0,68.0,68.0,68.0,68.0,66.0,66.0,66.0,66.0
1791040566.4,fixed,69.0,71.0,3500,19.99,2400,1602256,72.0,66.0,6.0,72.0,67.0,68.0,68.0,68.0,68.0,66.0,66.0,66.0,66.0
1791040567.4,fixed,71.0,70.0,3500,20.0,2400,1616264,71.0,66.0,5.0,71.0,67.0,69.0,69.0,69.0,69.0,66.0,66.0,66.0,66.0
1791040568.4,fixed,71.0,71.0,3500,20.02,2400,1630352,71.0,66.0,5.0,71.0,67.0,69.0,69.0,69.0,69.0,66.0,66.0,66.0,66.0
1791040569.4,fixed,72.0,71.0,3500,19.98,2400,1644344,71.0,66.0,5.0,71.0,66.0,69.0,67.0,67.0,67.0,66.0,66.0,66.0,66.0
1791040570.4,fixed,72.0,71.0,3500,19.98,2400,1658312,72.0,66.0,6.0,72.0,67.0,68.0,68.0,68.0,68.0,66.0,66.0,66.0,66.0
1791040571.5,fixed,71.0,71.0,3500,20.01,2400,1672336,72.0,66.0,6.0,72.0,68.0,69.0,69.0,69.0,69.0,66.0,66.0,66.0,66.0
1791040572.5,fixed,72.0,71.0,3500,20.02,2400,1686432,72.0,66.0,6.0,72.0,68.0,67.0,67.0,67.0,69.0,66.0,66.0,66.0,66.0
1791040573.5,fixed,72.0,72.0,3500,19.99,2400,1700488,72.0,66.0,6.0,72.0,68.0,68.0,68.0,68.0,68.0,66.0,66.0,66.0,66.0
1791040574.5,fixed,72.0,72.0,3500,20.0,2400,1714520,72.0,66.0,6.0,72.0,67.0,67.0,67.0,67.0,67.0,66.0,66.0,66.0,66.0
1791040575.5,fixed,72.0,72.0,3500,19.99,2333,1728608,72.0,66.0,6.0,72.0,68.0,67.0,67.0,69.0,69.0,66.0,66.0,66.0,66.0
1791040576.5,fixed,73.0,72.0,3500,20.0,2333,1742712,72.0,66.0,6.0,72.0,68.0,69.0,69.0,69.0,69.0,68.0,66.0,66.0,66.0
1791040577.5,fixed,69.0,72.0,3500,19.99,2400,1756752,72.0,66.0,6.0,72.0,68.0,69.0,69.0,69.0,69.0,66.0,66.0,66.0,66.0
1791040578.6,fixed,72.0,72.0,3500,20.01,2400,1770688,72.0,66.0,6.0,72.0,68.0,69.0,69.0,69.0,69.0,66.0,66.0,68.0,66.0
1791040579.6,fixed,72.0,72.0,3500,20.0,2333,1783336,72.0,66.0,6.0,72.0,68.0,69.0,69.0,69.0,69.0,66.0,68.0,68.0,68.0
1791040580.6,fixed,69.0,72.0,3500,19.98,2400,1797160,72.0,68.0,4.0,72.0,68.0,68.0,68.0,68.0,68.0,68.0,68.0,68.0,68.0
1791040581.6,fixed,73.0,71.0,3500,19.99,2400,1811160,73.0,66.0,7.0,73.0,68.0,70.0,70.0,70.0,70.0,66.0,66.0,66.0,66.0
1791040582.6,fixed,72.0,71.0,3500,20.02,2333,1825064,72.0,68.0,4.0,72.0,68.0,69.0,69.0,69.0,69.0,68.0,68.0,68.0,68.0
1791040583.6,fixed,72.0,71.0,3500,19.98,2333,1839024,72.0,66.0,6.0,72.0,69.0,69.0,69.0,69.0,69.0,66.0,68.0,68.0,68.0
1791040584.6,fixed,72.0,72.0,3500,20.02,2400,1853144,72.0,68.0,4.0,72.0,68.0,70.0,70.0,70.0,70.0,68.0,68.0,68.0,68.0
1791040585.7,fixed,72.0,72.0,3500,19.97,2333,1867616,72.0,66.0,6.0,72.0,69.0,69.0,69.0,69.0,69.0,66.0,66.0,66.0,66.0
1791040586.7,fixed,73.0,72.0,3500,20.03,2400,1881768,72.0,66.0,6.0,72.0,68.0,70.0,70.0,70.0,70.0,68.0,68.0,68.0,66.0
1791040587.7,fixed,72.0,73.0,3500,19.97,2400,1895800,72.0,68.0,4.0,72.0,68.0,70.0,70.0,70.0,70.0,68.0,68.0,68.0,68.0
1791040588.7,fixed,73.0,73.0,3500,20.02,2400,1909872,73.0,68.0,5.0,73.0,68.0,69.0,69.0,69.0,69.0,68.0,68.0,68.0,68.0
1791040589.7,fixed,72.0,73.0,3500,19.98,2400,1923816,72.0,68.0,4.0,72.0,68.0,70.0,70.0,70.0,70.0,68.0,68.0,68.0,68.0
1791040590.8,fixed,72.0,73.0,3500,20.02,2400,1938104,73.0,68.0,5.0,73.0,68.0,70.0,70.0,70.0,70.0,68.0,69.0,69.0,69.0
1791040591.8,fixed,72.0,73.0,3500,20.0,2333,1952104,72.0,66.0,6.0,72.0,68.0,69.0,69.0,69.0,70.0,66.0,66.0,66.0,68.0
1791040592.8,fixed,73.0,73.0,3500,19.98,2333,1966128,73.0,66.0,7.0,73.0,68.0,71.0,71.0,71.0,71.0,66.0,68.0,68.0,68.0
1791040593.8,fixed,71.0,73.0,3500,19.98,2333,1980168,72.0,68.0,4.0,72.0,69.0,69.0,69.0,69.0,70.0,68.0,68.0,68.0,68.0
1791040594.8,fixed,72.0,73.0,3500,20.01,2333,1994176,73.0,68.0,5.0,73.0,69.0,70.0,69.0,69.0,69.0,68.0,68.0,68.0,68.0
1791040595.9,fixed,71.0,73.0,3500,20.03,2300,2008208,71.0,68.0,3.0,71.0,68.0,70.0,69.0,69.0,69.0,68.0,68.0,68.0,68.0
1791040596.9,fixed,73.0,73.0,3500,19.98,2333,2022232,72.0,68.0,4.0,72.0,69.0,70.0,70.0,70.0,70.0,68.0,68.0,68.0,68.0
1791040597.9,fixed,72.0,73.0,3500,19.99,2333,2036288,72.0,68.0,4.0,72.0,69.0,70.0,70.0,70.0,70.0,68.0,68.0,68.0,68.0
1791040598.9,fixed,72.0,73.0,3500,19.98,2333,2050752,72.0,68.0,4.0,72.0,68.0,70.0,70.0,70.0,70.0,68.0,68.0,68.0,68.0
1791040599.9,fixed,72.0,73.0,3500,20.06,2200,2064448,72.0,68.0,4.0,72.0,68.0,69.0,69.0,69.0,69.0,68.0,68.0,68.0,68.0
1791040601.0,fixed,73.0,73.0,3500,19.92,2400,2077312,72.0,68.0,4.0,72.0,69.0,70.0,70.0,70.0,70.0,68.0,68.0,68.0,68.0
1791040602.0,fixed,72.0,73.0,3500,20.0,2333,2091256,73.0,68.0,5.0,73.0,69.0,70.0,70.0,70.0,70.0,68.0,68.0,68.0,68.0
1791040603.0,fixed,72.0,73.0,3500,20.01,2333,2105256,73.0,68.0,5.0,73.0,69.0,70.0,70.0,70.0,70.0,68.0,68.0,68.0,68.0
1791040604.0,fixed,72.0,73.0,3500,20.02,2333,2119712,73.0,68.0,5.0,73.0,68.0,70.0,70.0,70.0,70.0,68.0,68.0,68.0,68.0
1791040605.0,fixed,73.0,73.0,3500,19.97,2400,2133704,73.0,68.0,5.0,73.0,69.0,71.0,71.0,71.0,71.0,68.0,68.0,68.0,68.0
1791040606.1,fixed,72.0,73.0,3500,19.99,2333,2147688,72.0,68.0,4.0,72.0,69.0,71.0,71.0,71.0,71.0,68.0,68.0,68.0,68.0
1791040607.1,fixed,73.0,73.0,3500,20.0,2400,2161648,73.0,69.0,4.0,73.0,69.0,72.0,71.0,70.0,70.0,69.0,69.0,69.0,69.0
1791040608.1,fixed,72.0,73.0,3500,19.99,2400,2175608,72.0,69.0,3.0,72.0,69.0,70.0,70.0,70.0,71.0,69.0,69.0,69.0,69.0
1791040609.1,fixed,73.0,73.0,3500,20.02,2400,2189536,73.0,69.0,4.0,73.0,70.0,71.0,72.0,72.0,72.0,69.0,69.0,69.0,69.0
1791040610.1,fixed,73.0,73.0,3500,19.98,2333,2203296,72.0,68.0,4.0,72.0,69.0,71.0,71.0,70.0,70.0,68.0,68.0,68.0,68.0
1791040611.1,fixed,73.0,73.0,3500,20.02,2400,2217176,73.0,68.0,5.0,73.0,69.0,71.0,71.0,70.0,70.0,68.0,68.0,68.0,68.0
1791040612.1,fixed,73.0,73.0,3500,19.98,2333,2231056,73.0,68.0,5.0,73.0,68.0,70.0,70.0,70.0,70.0,68.0,68.0,68.0,68.0
1791040613.1,fixed,73.0,73.0,3500,20.01,2333,2244816,73.0,68.0,5.0,73.0,68.0,70.0,71.0,71.0,71.0,68.0,68.0,68.0,68.0
1791040614.2,fixed,73.0,73.0,3500,20.0,2333,2258752,73.0,69.0,4.0,73.0,69.0,71.0,71.0,71.0,73.0,69.0,69.0,69.0,69.0
1791040615.2,fixed,73.0,73.0,3500,20.0,2333,2272712,72.0,69.0,3.0,72.0,70.0,70.0,70.0,70.0,72.0,69.0,69.0,69.0,69.0
1791040616.2,fixed,73.0,73.0,3500,20.0,2333,2286592,73.0,68.0,5.0,73.0,69.0,72.0,72.0,72.0,72.0,68.0,68.0,68.0,68.0
1791040617.2,fixed,73.0,73.0,3500,19.98,2400,2300520,72.0,69.0,3.0,72.0,69.0,72.0,72.0,72.0,72.0,69.0,69.0,69.0,69.0
1791040618.2,fixed,75.0,73.0,3500,20.0,2400,2314424,75.0,68.0,7.0,75.0,69.0,73.0,73.0,73.0,73.0,68.0,68.0,68.0,68.0
1791040619.2,fixed,72.0,73.0,3500,19.98,2400,2328328,73.0,69.0,4.0,73.0,70.0,70.0,70.0,70.0,70.0,69.0,69.0,69.0,69.0
1791040620.2,fixed,73.0,73.0,3500,20.02,2333,2342104,73.0,69.0,4.0,73.0,70.0,71.0,71.0,71.0,71.0,69.0,69.0,69.0,69.0
1791040621.3,fixed,75.0,73.0,3500,20.05,2233,2355152,75.0,68.0,7.0,75.0,69.0,72.0,72.0,72.0,72.0,68.0,68.0,68.0,69.0
1791040622.3,fixed,75.0,73.0,3500,19.96,2400,2368912,73.0,69.0,4.0,73.0,70.0,71.0,71.0,71.0,71.0,69.0,69.0,69.0,69.0
1791040623.3,fixed,73.0,73.0,3500,19.96,2333,2382728,73.0,68.0,5.0,73.0,69.0,70.0,71.0,73.0,73.0,68.0,68.0,68.0,68.0
1791040624.3,fixed,75.0,73.0,3500,20.02,2400,2396672,73.0,70.0,3.0,73.0,70.0,72.0,72.0,72.0,72.0,71.0,71.0,71.0,71.0
1791040625.3,fixed,73.0,73.0,3500,19.99,2333,2410560,73.0,69.0,4.0,73.0,70.0,71.0,71.0,71.0,71.0,69.0,69.0,69.0,69.0
1791040626.3,fixed,73.0,73.0,3500,20.0,2333,2424496,73.0,69.0,4.0,73.0,71.0,73.0,73.0,73.0,73.0,69.0,69.0,69.0,69.0
1791040627.3,fixed,73.0,73.0,3500,20.0,2333,2438304,73.0,69.0,4.0,73.0,71.0,70.0,72.0,71.0,71.0,69.0,69.0,69.0,69.0
1791040628.4,fixed,73.0,74.0,3500,19.99,2400,2452192,73.0,69.0,4.0,73.0,70.0,71.0,71.0,71.0,71.0,69.0,69.0,69.0,69.0
1791040629.4,fixed,75.0,74.0,3500,19.98,2333,2466072,72.0,69.0,3.0,72.0,71.0,70.0,70.0,71.0,71.0,69.0,69.0,69.0,69.0
1791040630.4,fixed,73.0,74.0,3500,20.03,2333,2479864,73.0,69.0,4.0,73.0,70.0,73.0,73.0,73.0,73.0,69.0,69.0,69.0,69.0
1791040631.4,fixed,73.0,74.0,3500,19.96,2333,2493712,73.0,69.0,4.0,73.0,70.0,71.0,71.0,71.0,71.0,69.0,69.0,69.0,69.0
1791040632.4,fixed,73.0,74.0,3500,20.02,2400,2507640,73.0,69.0,4.0,73.0,72.0,71.0,71.0,71.0,71.0,69.0,71.0,71.0,71.0
1791040633.4,fixed,75.0,74.0,3500,19.99,2333,2521520,73.0,71.0,2.0,73.0,71.0,71.0,72.0,72.0,72.0,71.0,71.0,71.0,71.0
1791040634.5,fixed,73.0,74.0,3500,20.02,2333,2535776,73.0,69.0,4.0,73.0,71.0,72.0,72.0,72.0,72.0,69.0,69.0,69.0,69.0
1791040635.5,fixed,73.0,74.0,3500,19.99,2400,2549640,75.0,71.0,4.0,75.0,72.0,72.0,73.0,73.0,73.0,71.0,71.0,71.0,71.0
1791040636.5,fixed,73.0,74.0,3500,19.99,2333,2563448,73.0,69.0,4.0,73.0,71.0,72.0,73.0,73.0,73.0,69.0,69.0,69.0,69.0
1791040637.5,fixed,75.0,74.0,3500,20.0,2333,2577376,75.0,69.0,6.0,75.0,72.0,73.0,72.0,73.0,73.0,69.0,69.0,69.0,69.0
1791040638.5,fixed,72.0,74.0,3500,19.97,2400,2591280,73.0,71.0,2.0,73.0,72.0,73.0,73.0,73.0,73.0,71.0,71.0,71.0,71.0
1791040639.6,fixed,73.0,74.0,3500,20.03,2333,2605640,73.0,69.0,4.0,73.0,72.0,71.0,71.0,73.0,73.0,69.0,69.0,69.0,69.0
1791040640.6,fixed,75.0,74.0,3500,19.96,2400,2619272,75.0,71.0,4.0,75.0,72.0,73.0,73.0,73.0,72.0,71.0,71.0,71.0,71.0
1791040641.6,fixed,75.0,74.0,3500,20.03,2333,2633144,75.0,71.0,4.0,75.0,72.0,73.0,73.0,72.0,72.0,71.0,71.0,71.0,71.0
1791040642.6,fixed,73.0,74.0,3500,19.96,2333,2646008,73.0,69.0,4.0,73.0,70.0,72.0,73.0,73.0,73.0,69.0,69.0,69.0,69.0
1791040643.6,fixed,73.0,74.0,3500,20.02,2333,2659664,73.0,71.0,2.0,73.0,72.0,72.0,72.0,72.0,73.0,71.0,71.0,71.0,71.0
1791040644.6,fixed,74.0,74.0,3500,19.97,2400,2673512,75.0,72.0,3.0,75.0,72.0,73.0,73.0,73.0,73.0,72.0,72.0,72.0,72.0
1791040645.6,fixed,73.0,74.0,3500,19.99,2400,2687352,73.0,71.0,2.0,73.0,71.0,73.0,73.0,73.0,73.0,72.0,72.0,72.0,72.0
1791040646.7,fixed,75.0,74.0,3500,20.02,2333,2701232,75.0,71.0,4.0,75.0,72.0,73.0,72.0,72.0,72.0,71.0,71.0,71.0,71.0
1791040647.7,fixed,75.0,74.0,3500,20.0,2333,2715072,75.0,71.0,4.0,75.0,72.0,72.0,72.0,72.0,73.0,71.0,71.0,71.0,71.0
1791040648.7,fixed,75.0,74.0,3500,19.98,2333,2728928,73.0,69.0,4.0,73.0,72.0,71.0,72.0,72.0,72.0,69.0,69.0,71.0,71.0
1791040649.7,fixed,73.0,74.0,3500,20.02,2333,2742840,75.0,71.0,4.0,75.0,72.0,73.0,73.0,73.0,73.0,71.0,71.0,71.0,71.0
1791040650.7,fixed,73.0,74.0,3500,19.96,2400,2756496,75.0,71.0,4.0,75.0,73.0,73.0,73.0,73.0,73.0,71.0,71.0,71.0,72.0
1791040651.7,fixed,75.0,74.0,3500,20.05,2333,2770424,75.0,71.0,4.0,75.0,71.0,74.0,74.0,74.0,74.0,71.0,71.0,71.0,71.0
1791040652.7,fixed,73.0,74.0,3500,19.96,2333,2784200,75.0,71.0,4.0,75.0,72.0,73.0,72.0,72.0,72.0,71.0,71.0,71.0,71.0
1791040653.8,fixed,75.0,74.0,3500,20.03,2333,2798016,75.0,71.0,4.0,75.0,72.0,73.0,73.0,73.0,73.0,71.0,71.0,71.0,71.0
1791040654.8,fixed,73.0,74.0,3500,20.0,2333,2811872,73.0,71.0,2.0,73.0,72.0,73.0,73.0,73.0,73.0,71.0,71.0,71.0,71.0
1791040655.8,fixed,73.0,74.0,3500,19.97,2333,2825720,73.0,69.0,4.0,73.0,72.0,73.0,73.0,73.0,73.0,71.0,71.0,69.0,69.0
1791040656.8,fixed,75.0,74.0,3500,19.98,2333,2839568,73.0,69.0,4.0,73.0,71.0,73.0,73.0,73.0,73.0,69.0,69.0,69.0,69.0
1791040657.8,fixed,75.0,75.0,3500,20.02,2333,2853504,75.0,71.0,4.0,75.0,72.0,73.0,73.0,73.0,73.0,71.0,71.0,71.0,71.0
1791040658.8,fixed,75.0,75.0,3500,19.98,2333,2867368,75.0,71.0,4.0,75.0,72.0,72.0,73.0,73.0,73.0,71.0,71.0,71.0,71.0
1791040659.8,fixed,73.0,75.0,3500,20.02,2333,2881160,73.0,71.0,2.0,73.0,72.0,73.0,73.0,73.0,73.0,71.0,71.0,71.0,71.0
1791040660.9,fixed,73.0,74.0,3500,20.0,2400,2894976,75.0,72.0,3.0,75.0,73.0,73.0,73.0,73.0,73.0,72.0,72.0,72.0,72.0
1791040661.9,fixed,75.0,74.0,3500,19.96,2200,2908736,75.0,71.0,4.0,75.0,71.0,73.0,73.0,73.0,74.0,72.0,72.0,72.0,72.0
1791040662.9,fixed,75.0,74.0,3500,19.97,2300,2922640,76.0,71.0,5.0,76.0,73.0,74.0,74.0,74.0,74.0,72.0,72.0,71.0,71.0
1791040663.9,fixed,75.0,74.0,3500,20.02,2400,2935680,75.0,72.0,3.0,75.0,72.0,73.0,74.0,74.0,74.0,72.0,72.0,72.0,72.0
1791040664.9,fixed,73.0,74.0,3500,19.99,2333,2949544,75.0,70.0,5.0,75.0,70.0,74.0,74.0,74.0,74.0,71.0,71.0,71.0,71.0
1791040665.9,fixed,75.0,74.0,3500,20.02,2333,2963480,75.0,72.0,3.0,75.0,72.0,74.0,74.0,74.0,74.0,72.0,72.0,72.0,72.0
1791040666.9,fixed,75.0,75.0,3500,19.97,2400,2977472,74.0,72.0,2.0,73.0,73.0,73.0,74.0,74.0,74.0,72.0,72.0,72.0,72.0
1791040667.9,fixed,75.0,75.0,3500,20.03,2333,2991312,74.0,72.0,2.0,73.0,72.0,74.0,74.0,74.0,74.0,72.0,72.0,72.0,72.0
1791040669.0,fixed,73.0,75.0,3500,19.97,2400,3005168,75.0,72.0,3.0,75.0,72.0,74.0,74.0,74.0,74.0,72.0,72.0,72.0,72.0
1791040670.0,fixed,75.0,75.0,3500,20.02,2333,3018912,75.0,71.0,4.0,75.0,73.0,74.0,74.0,74.0,74.0,71.0,71.0,71.0,71.0
1791040671.0,fixed,73.0,75.0,3500,19.99,2367,3032768,75.0,72.0,3.0,75.0,73.0,73.0,73.0,73.0,73.0,72.0,72.0,72.0,72.0
1791040672.0,fixed,75.0,75.0,3500,20.01,2333,3046600,75.0,71.0,4.0,75.0,72.0,74.0,74.0,74.0,74.0,71.0,72.0,72.0,72.0
1791040673.0,fixed,75.0,75.0,3500,19.98,2333,3060448,74.0,72.0,2.0,73.0,72.0,74.0,74.0,73.0,73.0,72.0,72.0,72.0,72.0
1791040674.1,fixed,75.0,75.0,3500,20.01,2333,3074520,75.0,72.0,3.0,75.0,73.0,74.0,74.0,74.0,74.0,72.0,72.0,72.0,72.0
1791040675.1,fixed,75.0,75.0,3500,19.98,2400,3088360,75.0,72.0,3.0,75.0,73.0,74.0,74.0,74.0,74.0,72.0,72.0,72.0,72.0
1791040676.1,fixed,74.0,75.0,3500,20.0,2333,3102208,76.0,72.0,4.0,76.0,72.0,74.0,74.0,74.0,74.0,72.0,72.0,72.0,72.0
1791040677.1,fixed,75.0,75.0,3500,20.03,2311,3116112,76.0,72.0,4.0,76.0,73.0,74.0,74.0,74.0,74.0,72.0,72.0,72.0,72.0
1791040678.1,fixed,74.0,75.0,3500,19.96,2400,3129960,74.0,73.0,1.0,73.0,73.0,74.0,74.0,74.0,74.0,73.0,73.0,73.0,73.0
1791040679.1,fixed,75.0,75.0,3500,20.01,2333,3143864,75.0,72.0,3.0,75.0,74.0,74.0,74.0,74.0,74.0,72.0,72.0,72.0,72.0
1791040680.1,fixed,75.0,75.0,3500,19.99,2333,3157624,75.0,72.0,3.0,75.0,73.0,74.0,74.0,74.0,73.0,72.0,72.0,72.0,72.0
1791040681.1,fixed,75.0,75.0,3500,20.01,2333,3171480,75.0,72.0,3.0,75.0,73.0,73.0,73.0,73.0,73.0,72.0,72.0,72.0,73.0
1791040682.2,fixed,75.0,75.0,3500,19.99,2333,3185376,74.0,72.0,2.0,73.0,72.0,74.0,74.0,74.0,74.0,72.0,72.0,72.0,72.0
1791040683.2,fixed,75.0,75.0,3500,19.96,2400,3199312,73.0,73.0,0.0,73.0,73.0,73.0,73.0,73.0,73.0,73.0,73.0,73.0,73.0
1791040684.2,fixed,75.0,75.0,3500,20.09,2200,3212576,76.0,72.0,4.0,76.0,73.0,73.0,74.0,74.0,73.0,72.0,72.0,72.0,72.0
1791040685.2,fixed,75.0,75.0,3500,19.92,2400,3226064,76.0,72.0,4.0,76.0,73.0,74.0,74.0,74.0,74.0,73.0,73.0,73.0,72.0
1791040686.2,fixed,75.0,75.0,3500,20.02,2333,3239944,75.0,72.0,3.0,75.0,72.0,74.0,74.0,74.0,74.0,73.0,73.0,73.0,73.0
1791040687.2,fixed,75.0,75.0,3500,20.0,2333,3253904,75.0,72.0,3.0,75.0,73.0,74.0,74.0,74.0,74.0,72.0,72.0,72.0,72.0
1791040688.2,fixed,75.0,75.0,3500,19.99,2333,3267792,75.0,72.0,3.0,75.0,73.0,74.0,74.0,74.0,74.0,72.0,72.0,72.0,72.0
1791040689.3,fixed,75.0,75.0,3500,20.02,2333,3281680,75.0,72.0,3.0,75.0,72.0,73.0,73.0,73.0,73.0,72.0,73.0,73.0,73.0
1791040690.3,fixed,75.0,75.0,3500,19.97,2333,3295312,75.0,72.0,3.0,75.0,72.0,73.0,73.0,73.0,73.0,72.0,72.0,72.0,72.0
1791040691.3,fixed,75.0,75.0,3500,20.0,2333,3309144,75.0,72.0,3.0,75.0,73.0,73.0,73.0,73.0,73.0,72.0,72.0,72.0,72.0
1791040692.3,fixed,75.0,76.0,3500,19.97,2400,3322968,75.0,72.0,3.0,75.0,73.0,73.0,73.0,73.0,73.0,72.0,72.0,72.0,72.0
1791040693.3,fixed,75.0,75.0,3500,19.99,2333,3336840,75.0,71.0,4.0,75.0,73.0,75.0,75.0,75.0,75.0,72.0,71.0,71.0,71.0
1791040694.3,fixed,75.0,75.0,3500,20.04,2333,3350744,75.0,72.0,3.0,75.0,73.0,74.0,74.0,74.0,74.0,72.0,72.0,72.0,72.0
1791040695.3,fixed,75.0,75.0,3500,19.98,2333,3364632,75.0,72.0,3.0,75.0,72.0,74.0,74.0,74.0,74.0,72.0,72.0,72.0,73.0
1791040696.4,fixed,75.0,75.0,3500,20.0,2333,3378504,75.0,72.0,3.0,75.0,73.0,74.0,74.0,74.0,74.0,72.0,72.0,72.0,72.0
1791040697.4,fixed,75.0,75.0,3500,19.98,2367,3392376,76.0,72.0,4.0,76.0,73.0,74.0,74.0,74.0,73.0,72.0,72.0,72.0,72.0
1791040698.4,fixed,75.0,75.0,3500,20.0,2333,3406256,76.0,72.0,4.0,76.0,73.0,75.0,75.0,75.0,75.0,72.0,72.0,72.0,72.0
1791040699.4,fixed,75.0,76.0,3500,19.98,2333,3420120,76.0,72.0,4.0,76.0,73.0,74.0,74.0,74.0,74.0,72.0,72.0,72.0,72.0
1791040700.4,fixed,76.0,76.0,3500,19.98,2400,3433936,75.0,72.0,3.0,75.0,73.0,74.0,74.0,74.0,74.0,73.0,73.0,73.0,72.0
1791040701.4,fixed,75.0,76.0,3500,20.02,2400,3447800,76.0,73.0,3.0,76.0,73.0,75.0,75.0,75.0,75.0,73.0,73.0,73.0,73.0
1791040702.4,fixed,74.0,76.0,3500,20.01,2333,3461672,75.0,72.0,3.0,75.0,73.0,74.0,74.0,74.0,74.0,72.0,72.0,72.0,72.0
1791040703.5,fixed,75.0,76.0,3500,19.99,2333,3475552,76.0,72.0,4.0,76.0,73.0,74.0,74.0,74.0,74.0,72.0,72.0,72.0,72.0
1791040704.5,fixed,75.0,76.0,3500,19.99,2333,3489208,75.0,72.0,3.0,75.0,74.0,74.0,74.0,74.0,74.0,72.0,72.0,72.0,72.0
1791040705.5,fixed,75.0,76.0,3500,20.0,2333,3501888,75.0,72.0,3.0,75.0,74.0,74.0,74.0,74.0,74.0,72.0,72.0,72.0,72.0
1791040706.5,fixed,75.0,76.0,3500,19.97,2400,3515736,75.0,73.0,2.0,75.0,74.0,74.0,74.0,74.0,74.0,73.0,73.0,73.0,73.0
1791040707.5,fixed,75.0,76.0,3500,20.03,2367,3529632,75.0,72.0,3.0,75.0,74.0,74.0,74.0,74.0,75.0,72.0,72.0,72.0,72.0
1791040708.5,fixed,75.0,76.0,3500,19.99,2400,3543472,75.0,73.0,2.0,75.0,73.0,75.0,74.0,74.0,74.0,73.0,73.0,73.0,73.0
1791040709.5,fixed,76.0,76.0,3500,20.0,2333,3557368,75.0,72.0,3.0,75.0,73.0,75.0,75.0,75.0,75.0,72.0,72.0,72.0,72.0
1791040710.5,fixed,76.0,76.0,3500,20.01,2333,3571072,75.0,72.0,3.0,75.0,74.0,75.0,75.0,75.0,75.0,72.0,72.0,72.0,72.0
1791040711.6,fixed,75.0,76.0,3500,20.0,2300,3584816,75.0,72.0,3.0,75.0,72.0,74.0,74.0,74.0,74.0,72.0,72.0,72.0,72.0
1791040712.6,fixed,75.0,76.0,3500,19.98,2333,3598688,76.0,72.0,4.0,76.0,73.0,74.0,74.0,74.0,74.0,72.0,72.0,72.0,72.0
1791040713.6,fixed,76.0,76.0,3500,19.98,2367,3612528,75.0,73.0,2.0,75.0,73.0,74.0,74.0,74.0,75.0,73.0,73.0,73.0,73.0
1791040714.6,fixed,76.0,76.0,3500,20.02,2333,3626368,76.0,73.0,3.0,76.0,73.0,75.0,75.0,75.0,75.0,73.0,73.0,73.0,73.0
1791040715.6,fixed,75.0,76.0,3600,19.99,2333,3640080,76.0,72.0,4.0,76.0,73.0,75.0,75.0,75.0,75.0,73.0,73.0,72.0,72.0
1791040716.6,fixed,75.0,76.0,3500,19.99,2400,3653888,77.0,73.0,4.0,77.0,74.0,75.0,75.0,75.0,75.0,73.0,73.0,73.0,73.0
1791040717.6,fixed,77.0,76.0,3500,20.02,2367,3667808,75.0,72.0,3.0,75.0,73.0,75.0,75.0,75.0,75.0,72.0,72.0,72.0,72.0
1791040718.7,fixed,76.0,76.0,3500,19.96,2400,3681704,75.0,73.0,2.0,75.0,74.0,75.0,75.0,75.0,75.0,73.0,73.0,73.0,73.0
1791040719.7,fixed,76.0,76.0,3500,20.02,2367,3695560,76.0,72.0,4.0,76.0,74.0,75.0,75.0,75.0,75.0,73.0,73.0,73.0,72.0
1791040720.7,fixed,76.0,76.0,3500,19.99,2333,3709280,75.0,74.0,1.0,75.0,74.0,74.0,74.0,75.0,75.0,75.0,75.0,75.0,75.0
1791040721.7,fixed,75.0,76.0,3500,20.01,2333,3723128,76.0,73.0,3.0,75.0,74.0,76.0,76.0,76.0,76.0,73.0,73.0,73.0,73.0
1791040722.7,fixed,75.0,76.0,3500,19.98,2400,3736984,75.0,72.0,3.0,75.0,74.0,75.0,75.0,75.0,75.0,73.0,73.0,73.0,72.0
1791040723.7,fixed,75.0,76.0,3500,19.98,2400,3750912,77.0,74.0,3.0,77.0,74.0,74.0,74.0,74.0,75.0,75.0,75.0,75.0,75.0
1791040724.7,fixed,75.0,76.0,3500,20.03,2333,3764832,76.0,72.0,4.0,76.0,74.0,75.0,75.0,75.0,75.0,72.0,72.0,72.0,72.0
1791040725.8,fixed,76.0,76.0,3500,20.0,2367,3778648,77.0,72.0,5.0,75.0,74.0,77.0,77.0,77.0,77.0,72.0,72.0,72.0,73.0
1791040726.8,fixed,77.0,76.0,3500,19.97,2200,3791448,76.0,72.0,4.0,76.0,72.0,76.0,76.0,76.0,76.0,73.0,73.0,73.0,72.0
1791040727.8,fixed,76.0,76.0,3500,19.94,2433,3805208,76.0,73.0,3.0,75.0,76.0,76.0,76.0,76.0,76.0,73.0,73.0,73.0,73.0
1791040728.8,fixed,77.0,76.0,3500,20.08,2333,3819080,76.0,73.0,3.0,76.0,74.0,76.0,76.0,76.0,76.0,73.0,73.0,73.0,73.0
1791040729.8,fixed,79.0,76.0,3500,20.01,2300,3832920,77.0,73.0,4.0,77.0,74.0,76.0,76.0,76.0,76.0,73.0,73.0,73.0,73.0
1791040730.8,fixed,77.0,76.0,3500,19.93,2225,3846648,77.0,73.0,4.0,76.0,74.0,77.0,77.0,77.0,77.0,73.0,73.0,73.0,73.0
1791040731.8,fixed,77.0,76.0,3500,20.03,2400,3860360,75.0,73.0,2.0,75.0,74.0,75.0,75.0,75.0,75.0,73.0,73.0,73.0,73.0
1791040732.8,fixed,77.0,76.0,3500,20.0,2400,3874144,76.0,73.0,3.0,76.0,74.0,76.0,76.0,76.0,76.0,73.0,73.0,73.0,73.0
1791040733.8,fixed,77.0,76.0,3500,20.03,2333,3888064,77.0,73.0,4.0,77.0,74.0,77.0,77.0,77.0,77.0,73.0,73.0,73.0,73.0
1791040734.9,fixed,77.0,76.0,3500,20.0,2333,3901816,77.0,73.0,4.0,77.0,73.0,77.0,77.0,77.0,77.0,73.0,73.0,75.0,75.0
1791040735.9,fixed,77.0,76.0,3500,20.0,2367,3915768,77.0,73.0,4.0,77.0,74.0,76.0,76.0,76.0,77.0,73.0,73.0,73.0,73.0
1791040736.9,fixed,76.0,77.0,3500,19.95,2400,3929664,77.0,73.0,4.0,77.0,74.0,76.0,76.0,76.0,76.0,75.0,75.0,73.0,73.0
1791040737.9,fixed,77.0,77.0,3500,20.05,2357,3943520,77.0,73.0,4.0,77.0,73.0,76.0,76.0,76.0,76.0,73.0,73.0,73.0,73.0
1791040738.9,fixed,77.0,77.0,3500,19.99,2300,3957384,76.0,72.0,4.0,76.0,74.0,76.0,76.0,76.0,76.0,72.0,72.0,72.0,72.0
1791040739.9,fixed,77.0,77.0,3500,19.99,2329,3971144,77.0,72.0,5.0,77.0,74.0,76.0,76.0,76.0,76.0,72.0,72.0,72.0,72.0
1791040740.9,fixed,76.0,77.0,3500,20.01,2367,3985056,77.0,73.0,4.0,75.0,74.0,77.0,77.0,77.0,77.0,75.0,73.0,73.0,73.0
1791040742.0,fixed,77.0,77.0,3500,20.0,2333,3998856,77.0,73.0,4.0,76.0,74.0,77.0,77.0,77.0,77.0,73.0,73.0,73.0,73.0
1791040743.0,fixed,77.0,77.0,3500,19.99,2341,4012720,77.0,73.0,4.0,77.0,74.0,75.0,77.0,77.0,77.0,73.0,73.0,73.0,73.0
1791040744.0,fixed,77.0,78.0,3500,20.0,2350,4026568,77.0,74.0,3.0,77.0,74.0,77.0,77.0,77.0,77.0,75.0,75.0,75.0,75.0
1791040745.0,fixed,77.0,78.0,3500,19.97,2400,4040392,77.0,75.0,2.0,76.0,76.0,76.0,77.0,77.0,77.0,75.0,75.0,75.0,75.0
1791040746.0,fixed,79.0,77.0,3500,19.99,2400,4054128,77.0,74.0,3.0,77.0,74.0,77.0,77.0,77.0,77.0,75.0,75.0,75.0,75.0
1791040747.0,fixed,78.0,77.0,3500,20.03,2278,4067776,77.0,72.0,5.0,77.0,74.0,77.0,77.0,77.0,77.0,73.0,73.0,73.0,72.0
1791040748.0,fixed,77.0,77.0,3500,19.97,2400,4080680,76.0,73.0,3.0,76.0,76.0,75.0,75.0,75.0,75.0,73.0,73.0,73.0,73.0
1791040749.0,fixed,77.0,77.0,3500,20.0,2400,4094536,77.0,73.0,4.0,77.0,76.0,77.0,77.0,76.0,76.0,73.0,73.0,73.0,73.0
1791040750.1,fixed,77.0,77.0,3500,19.99,2400,4108312,77.0,73.0,4.0,77.0,74.0,77.0,77.0,77.0,77.0,75.0,75.0,73.0,73.0
1791040751.1,fixed,77.0,77.0,3500,20.04,2326,4122200,78.0,73.0,5.0,77.0,74.0,78.0,78.0,78.0,78.0,73.0,73.0,73.0,73.0
1791040752.1,fixed,77.0,77.0,3500,20.02,2267,4136064,77.0,73.0,4.0,76.0,76.0,77.0,77.0,77.0,77.0,73.0,73.0,73.0,73.0
1791040753.1,fixed,77.0,77.0,3500,19.98,2333,4149920,77.0,74.0,3.0,77.0,74.0,77.0,76.0,76.0,76.0,75.0,75.0,75.0,75.0
1791040754.1,fixed,77.0,77.0,3500,19.95,2400,4163800,77.0,75.0,2.0,77.0,77.0,76.0,76.0,77.0,77.0,75.0,75.0,75.0,75.0
1791040755.1,fixed,77.0,77.0,3500,19.99,2400,4177632,76.0,73.0,3.0,75.0,76.0,75.0,75.0,75.0,75.0,73.0,73.0,73.0,73.0
1791040756.1,fixed,79.0,77.0,3500,20.05,2338,4191488,77.0,73.0,4.0,77.0,76.0,77.0,76.0,76.0,76.0,73.0,73.0,73.0,73.0
1791040757.1,fixed,77.0,77.0,3500,19.99,2300,4205336,77.0,75.0,2.0,77.0,76.0,77.0,77.0,77.0,77.0,75.0,75.0,75.0,75.0
1791040758.2,fixed,77.0,77.0,3500,20.01,2367,4219264,77.0,73.0,4.0,76.0,74.0,77.0,77.0,77.0,76.0,73.0,73.0,73.0,73.0
1791040759.2,fixed,77.0,77.0,3500,19.99,2300,4233144,77.0,73.0,4.0,77.0,74.0,77.0,77.0,77.0,77.0,73.0,73.0,73.0,73.0
1791040760.2,fixed,79.0,77.0,3500,19.95,2400,4246840,77.0,73.0,4.0,77.0,74.0,77.0,77.0,77.0,77.0,73.0,73.0,75.0,75.0
1791040761.2,fixed,77.0,77.0,3500,20.05,2390,4260776,78.0,75.0,3.0,77.0,77.0,78.0,78.0,78.0,77.0,75.0,75.0,75.0,75.0
1791040762.2,fixed,79.0,77.0,3500,20.0,2367,4274648,77.0,73.0,4.0,77.0,74.0,77.0,77.0,77.0,77.0,73.0,73.0,73.0,73.0
1791040763.2,fixed,80.0,77.0,3500,19.99,2345,4288576,77.0,73.0,4.0,77.0,76.0,77.0,77.0,77.0,77.0,73.0,73.0,73.0,73.0
1791040764.2,fixed,77.0,78.0,3500,20.01,2370,4302432,78.0,73.0,5.0,76.0,74.0,77.0,77.0,78.0,78.0,73.0,73.0,73.0,73.0
1791040765.2,fixed,78.0,78.0,3500,19.98,2329,4316264,77.0,73.0,4.0,77.0,76.0,77.0,77.0,77.0,77.0,73.0,73.0,73.0,73.0
1791040766.3,fixed,77.0,78.0,3500,20.0,2333,4330208,77.0,73.0,4.0,77.0,76.0,77.0,77.0,77.0,77.0,73.0,73.0,73.0,73.0
1791040767.3,fixed,79.0,78.0,3500,20.0,2305,4344088,77.0,73.0,4.0,77.0,76.0,77.0,77.0,77.0,77.0,73.0,73.0,73.0,73.0
1791040768.3,fixed,80.0,78.0,3500,20.04,2233,4357304,80.0,73.0,7.0,80.0,76.0,77.0,77.0,77.0,77.0,73.0,73.0,73.0,73.0
1791040769.3,fixed,77.0,78.0,3500,19.93,2400,4370928,78.0,73.0,5.0,77.0,76.0,77.0,77.0,78.0,78.0,73.0,73.0,73.0,73.0
1791040770.3,fixed,79.0,78.0,3500,20.03,2343,4384688,79.0,75.0,4.0,79.0,76.0,77.0,77.0,77.0,77.0,75.0,75.0,75.0,75.0
1791040771.3,fixed,77.0,78.0,3500,19.99,2367,4398576,77.0,74.0,3.0,77.0,74.0,77.0,77.0,77.0,77.0,75.0,75.0,75.0,75.0
1791040772.3,fixed,77.0,78.0,3500,19.99,2327,4412424,79.0,75.0,4.0,79.0,77.0,76.0,77.0,77.0,77.0,75.0,75.0,75.0,75.0
1791040773.4,fixed,79.0,78.0,3500,20.0,2329,4426304,77.0,73.0,4.0,77.0,76.0,76.0,77.0,77.0,77.0,73.0,73.0,73.0,73.0
1791040774.4,fixed,77.0,78.0,3500,19.94,2300,4440168,77.0,75.0,2.0,77.0,76.0,77.0,77.0,77.0,77.0,75.0,75.0,75.0,75.0
1791040775.4,fixed,79.0,78.0,3500,20.05,2328,4454016,77.0,73.0,4.0,77.0,76.0,77.0,77.0,77.0,77.0,73.0,73.0,73.0,73.0
1791040776.4,fixed,79.0,79.0,3500,20.0,2303,4467888,79.0,73.0,6.0,79.0,77.0,77.0,77.0,77.0,77.0,75.0,75.0,73.0,75.0
1791040777.4,fixed,77.0,79.0,3500,19.99,2400,4481832,78.0,73.0,5.0,77.0,76.0,78.0,77.0,77.0,77.0,73.0,73.0,73.0,73.0
1791040778.4,fixed,79.0,79.0,3500,20.01,2376,4495752,77.0,74.0,3.0,77.0,74.0,77.0,77.0,77.0,77.0,75.0,75.0,75.0,75.0
1791040779.4,fixed,77.0,79.0,3500,19.99,2300,4509648,78.0,73.0,5.0,77.0,74.0,77.0,77.0,77.0,78.0,73.0,73.0,73.0,73.0
1791040780.5,fixed,77.0,79.0,3500,19.98,2300,4523448,77.0,73.0,4.0,77.0,76.0,77.0,77.0,77.0,77.0,73.0,73.0,73.0,73.0
1791040781.5,fixed,77.0,79.0,3500,20.0,2367,4537336,78.0,73.0,5.0,77.0,76.0,78.0,77.0,77.0,77.0,73.0,73.0,75.0,75.0
1791040782.5,fixed,79.0,79.0,3500,20.0,2333,4551192,77.0,75.0,2.0,77.0,77.0,77.0,77.0,77.0,77.0,75.0,75.0,75.0,75.0
1791040783.5,fixed,79.0,79.0,3500,20.0,2367,4565064,78.0,73.0,5.0,77.0,76.0,78.0,78.0,78.0,76.0,73.0,73.0,73.0,73.0
1791040784.5,fixed,79.0,79.0,3500,20.0,2314,4578952,77.0,75.0,2.0,77.0,76.0,77.0,77.0,77.0,77.0,75.0,75.0,75.0,75.0
1791040785.5,fixed,80.0,79.0,3500,19.99,2315,4592888,79.0,73.0,6.0,79.0,76.0,77.0,78.0,78.0,78.0,73.0,73.0,75.0,75.0
1791040786.6,fixed,77.0,79.0,3500,20.01,2300,4606816,77.0,75.0,2.0,77.0,76.0,77.0,77.0,77.0,77.0,75.0,75.0,75.0,75.0
1791040787.6,fixed,77.0,79.0,3500,19.99,2367,4620720,78.0,75.0,3.0,77.0,76.0,78.0,78.0,77.0,77.0,75.0,75.0,75.0,75.0
1791040788.6,fixed,79.0,79.0,3500,20.0,2333,4634568,77.0,75.0,2.0,77.0,76.0,77.0,77.0,77.0,77.0,75.0,75.0,75.0,75.0
1791040789.6,fixed,80.0,79.0,3500,20.01,2300,4647152,79.0,73.0,6.0,79.0,76.0,77.0,77.0,77.0,77.0,75.0,75.0,75.0,73.0
1791040790.6,fixed,79.0,79.0,3500,19.97,2300,4660888,79.0,75.0,4.0,79.0,77.0,77.0,77.0,78.0,78.0,75.0,75.0,75.0,75.0
1791040791.6,fixed,80.0,79.0,3500,19.96,2400,4674760,79.0,75.0,4.0,79.0,77.0,78.0,78.0,78.0,78.0,75.0,75.0,75.0,76.0
1791040792.6,fixed,79.0,79.0,3500,20.03,2315,4688608,79.0,75.0,4.0,79.0,76.0,77.0,77.0,77.0,77.0,75.0,75.0,75.0,75.0
1791040793.7,fixed,79.0,79.0,3500,19.98,2333,4702376,80.0,75.0,5.0,80.0,77.0,77.0,78.0,78.0,77.0,75.0,75.0,75.0,75.0
1791040794.7,fixed,79.0,79.0,3500,20.02,2300,4716016,80.0,75.0,5.0,80.0,76.0,78.0,78.0,78.0,78.0,75.0,75.0,75.0,75.0
1791040795.7,fixed,80.0,79.0,3500,20.0,2300,4729808,80.0,75.0,5.0,80.0,77.0,78.0,78.0,78.0,78.0,75.0,75.0,75.0,75.0
1791040796.7,fixed,80.0,79.0,3500,19.98,2300,4743616,78.0,75.0,3.0,77.0,77.0,78.0,78.0,78.0,78.0,75.0,75.0,75.0,75.0
1791040797.7,fixed,79.0,80.0,3500,20.01,2329,4757424,79.0,76.0,3.0,79.0,76.0,77.0,77.0,77.0,77.0,76.0,76.0,76.0,76.0
1791040798.7,fixed,79.0,80.0,3500,19.98,2323,4771232,80.0,75.0,5.0,80.0,77.0,77.0,77.0,77.0,78.0,75.0,75.0,75.0,75.0
1791040799.7,fixed,78.0,80.0,3500,19.97,2400,4785008,80.0,75.0,5.0,80.0,76.0,80.0,80.0,80.0,80.0,75.0,75.0,75.0,75.0
1791040800.7,fixed,78.0,79.0,3500,20.0,2400,4798752,80.0,76.0,4.0,80.0,77.0,77.0,77.0,77.0,77.0,76.0,76.0,76.0,76.0
1791040801.8,fixed,80.0,79.0,3500,20.03,2367,4812672,78.0,75.0,3.0,77.0,77.0,78.0,78.0,78.0,78.0,75.0,75.0,75.0,75.0
1791040802.8,fixed,79.0,79.0,3500,20.01,2300,4826528,78.0,75.0,3.0,77.0,76.0,77.0,77.0,78.0,78.0,75.0,75.0,75.0,75.0
1791040803.8,fixed,79.0,79.0,3500,19.98,2334,4840360,77.0,75.0,2.0,77.0,76.0,77.0,77.0,77.0,77.0,75.0,75.0,75.0,75.0
1791040804.8,fixed,79.0,79.0,3500,20.01,2324,4854168,79.0,73.0,6.0,79.0,77.0,77.0,77.0,77.0,77.0,73.0,73.0,73.0,73.0
1791040805.8,fixed,79.0,79.0,3500,20.0,2311,4868032,80.0,75.0,5.0,80.0,76.0,80.0,80.0,80.0,80.0,75.0,75.0,75.0,75.0
1791040806.8,fixed,79.0,79.0,3500,20.0,2367,4881872,80.0,75.0,5.0,80.0,77.0,77.0,77.0,77.0,77.0,75.0,75.0,75.0,75.0
1791040807.8,fixed,80.0,79.0,3500,20.01,2333,4895752,79.0,75.0,4.0,79.0,76.0,78.0,78.0,78.0,77.0,75.0,75.0,75.0,75.0
1791040808.9,fixed,80.0,79.0,3500,19.99,2300,4909640,80.0,75.0,5.0,80.0,76.0,78.0,78.0,78.0,78.0,75.0,75.0,75.0,75.0
1791040809.9,fixed,80.0,79.0,3500,20.0,2300,4923400,79.0,75.0,4.0,79.0,76.0,77.0,77.0,77.0,78.0,75.0,75.0,75.0,75.0
1791040810.9,fixed,80.0,79.0,3500,19.94,2433,4936072,80.0,76.0,4.0,80.0,77.0,78.0,78.0,78.0,78.0,76.0,76.0,76.0,76.0
1791040811.9,fixed,80.0,79.0,3500,20.01,2400,4949920,79.0,75.0,4.0,79.0,76.0,77.0,77.0,77.0,77.0,75.0,75.0,75.0,75.0
1791040812.9,fixed,78.0,79.0,3500,20.04,2300,4963776,78.0,75.0,3.0,77.0,77.0,78.0,78.0,77.0,77.0,75.0,75.0,75.0,75.0
1791040813.9,fixed,78.0,79.0,3500,19.99,2322,4977640,78.0,75.0,3.0,77.0,76.0,78.0,78.0,78.0,78.0,75.0,75.0,75.0,75.0
1791040814.9,fixed,80.0,79.0,3500,19.99,2333,4991544,80.0,76.0,4.0,80.0,76.0,78.0,78.0,78.0,78.0,76.0,76.0,76.0,76.0
1791040815.9,fixed,79.0,79.0,3500,20.0,2333,5005424,79.0,75.0,4.0,79.0,77.0,77.0,77.0,78.0,78.0,75.0,75.0,75.0,75.0
1791040817.0,fixed,79.0,79.0,3500,19.99,2369,5019360,78.0,75.0,3.0,77.0,76.0,78.0,78.0,78.0,78.0,76.0,75.0,75.0,75.0
1791040818.0,fixed,80.0,79.0,3500,20.0,2333,5033248,79.0,75.0,4.0,79.0,77.0,78.0,78.0,78.0,77.0,75.0,75.0,75.0,75.0
1791040819.0,fixed,79.0,79.0,3500,19.98,2300,5047088,78.0,75.0,3.0,77.0,76.0,77.0,78.0,78.0,78.0,75.0,76.0,76.0,76.0
1791040820.0,fixed,78.0,80.0,3500,19.99,2306,5060840,80.0,76.0,4.0,80.0,77.0,78.0,78.0,78.0,78.0,76.0,76.0,76.0,76.0
1791040821.0,fixed,78.0,80.0,3500,20.0,2303,5074632,79.0,75.0,4.0,79.0,77.0,78.0,78.0,78.0,78.0,75.0,75.0,75.0,75.0
1791040822.0,fixed,80.0,79.0,3500,19.95,2401,5088504,80.0,74.0,6.0,80.0,74.0,78.0,78.0,78.0,78.0,75.0,75.0,75.0,75.0
1791040823.0,fixed,80.0,79.0,3500,20.03,2348,5102312,79.0,75.0,4.0,79.0,76.0,77.0,77.0,77.0,77.0,76.0,75.0,75.0,75.0
1791040824.1,fixed,80.0,79.0,3500,20.01,2300,5116152,79.0,75.0,4.0,79.0,77.0,77.0,77.0,77.0,77.0,75.0,75.0,75.0,75.0
1791040825.1,fixed,80.0,79.0,3500,20.0,2300,5129840,79.0,75.0,4.0,79.0,77.0,78.0,78.0,78.0,78.0,75.0,75.0,75.0,75.0
1791040826.1,fixed,79.0,79.0,3500,19.98,2374,5143720,79.0,75.0,4.0,79.0,77.0,77.0,77.0,77.0,77.0,76.0,75.0,75.0,75.0
1791040827.1,fixed,80.0,79.0,3500,20.01,2367,5157608,80.0,75.0,5.0,80.0,76.0,77.0,78.0,78.0,78.0,75.0,75.0,75.0,76.0
1791040828.1,fixed,80.0,80.0,3500,19.98,2300,5171416,79.0,75.0,4.0,79.0,77.0,77.0,77.0,77.0,77.0,76.0,75.0,75.0,75.0
1791040829.1,fixed,80.0,80.0,3500,20.0,2300,5185288,80.0,75.0,5.0,80.0,77.0,78.0,78.0,78.0,78.0,75.0,75.0,75.0,75.0
1791040830.1,fixed,80.0,80.0,3500,20.01,2367,5199040,80.0,75.0,5.0,80.0,76.0,78.0,77.0,77.0,77.0,75.0,75.0,75.0,75.0
1791040831.2,fixed,80.0,80.0,3500,20.03,2206,5212296,78.0,75.0,3.0,77.0,77.0,78.0,78.0,78.0,78.0,76.0,76.0,75.0,75.0
1791040832.2,fixed,80.0,80.0,3500,19.97,2354,5225464,79.0,75.0,4.0,79.0,76.0,78.0,78.0,78.0,78.0,76.0,76.0,75.0,75.0
1791040833.2,fixed,80.0,80.0,3500,19.99,2367,5239352,80.0,75.0,5.0,80.0,76.0,78.0,78.0,78.0,78.0,75.0,75.0,75.0,75.0
1791040834.2,fixed,80.0,80.0,3500,19.99,2400,5253240,78.0,75.0,3.0,77.0,77.0,78.0,78.0,78.0,78.0,75.0,76.0,76.0,76.0
1791040835.2,fixed,80.0,80.0,3500,19.98,2400,5267128,78.0,75.0,3.0,77.0,77.0,78.0,78.0,78.0,78.0,76.0,75.0,75.0,75.0
1791040836.2,fixed,79.0,80.0,3500,20.0,2351,5280992,80.0,76.0,4.0,80.0,76.0,77.0,77.0,77.0,77.0,76.0,76.0,76.0,76.0
1791040837.2,fixed,79.0,80.0,3500,20.01,2367,5294880,80.0,75.0,5.0,80.0,77.0,78.0,78.0,78.0,78.0,75.0,75.0,75.0,75.0
1791040838.3,fixed,80.0,80.0,3500,20.01,2300,5308696,80.0,76.0,4.0,80.0,77.0,78.0,78.0,78.0,78.0,76.0,76.0,76.0,76.0
1791040839.3,fixed,79.0,80.0,3500,19.98,2367,5322600,80.0,76.0,4.0,80.0,76.0,78.0,80.0,80.0,78.0,76.0,76.0,76.0,76.0
1791040840.3,fixed,80.0,80.0,3500,20.01,2327,5336312,80.0,76.0,4.0,80.0,76.0,78.0,78.0,78.0,78.0,76.0,76.0,76.0,76.0
1791040841.3,fixed,80.0,80.0,3500,20.0,2400,5350200,80.0,76.0,4.0,80.0,77.0,78.0,78.0,78.0,78.0,76.0,76.0,76.0,76.0
1791040842.3,fixed,78.0,80.0,3500,19.97,2400,5364088,80.0,76.0,4.0,80.0,78.0,78.0,78.0,78.0,77.0,76.0,76.0,76.0,76.0
1791040843.3,fixed,80.0,80.0,3500,20.01,2367,5377912,80.0,76.0,4.0,80.0,77.0,80.0,80.0,80.0,78.0,76.0,76.0,76.0,76.0
1791040844.3,fixed,80.0,80.0,3500,20.01,2367,5391720,80.0,76.0,4.0,80.0,77.0,78.0,78.0,78.0,78.0,76.0,76.0,76.0,76.0
1791040845.4,fixed,78.0,80.0,3500,19.95,2400,5405608,80.0,76.0,4.0,80.0,77.0,78.0,78.0,78.0,78.0,76.0,76.0,76.0,76.0
1791040846.4,fixed,81.0,80.0,3500,20.04,2313,5419480,81.0,75.0,6.0,81.0,77.0,78.0,78.0,78.0,78.0,76.0,76.0,75.0,75.0
1791040847.4,fixed,81.0,80.0,3500,19.94,2305,5433656,80.0,75.0,5.0,80.0,77.0,78.0,78.0,78.0,78.0,76.0,75.0,75.0,75.0
1791040848.4,fixed,80.0,80.0,3500,20.06,2332,5447504,80.0,76.0,4.0,80.0,77.0,78.0,78.0,78.0,78.0,76.0,76.0,76.0,76.0
1791040849.4,fixed,80.0,80.0,3500,20.0,2300,5461384,80.0,75.0,5.0,80.0,77.0,78.0,78.0,78.0,78.0,75.0,76.0,76.0,76.0
1791040850.5,fixed,80.0,80.0,3500,19.99,2321,5475120,80.0,76.0,4.0,80.0,77.0,78.0,78.0,78.0,78.0,76.0,76.0,76.0,76.0
1791040851.5,fixed,80.0,80.0,3500,20.0,2367,5488952,80.0,76.0,4.0,80.0,76.0,80.0,80.0,80.0,80.0,76.0,76.0,76.0,76.0
1791040852.5,fixed,81.0,81.0,3500,19.98,2367,5502016,80.0,76.0,4.0,80.0,77.0,78.0,78.0,78.0,78.0,76.0,76.0,76.0,76.0
1791040853.5,fixed,80.0,81.0,3500,20.02,2300,5515888,81.0,76.0,5.0,81.0,78.0,78.0,77.0,78.0,78.0,76.0,76.0,76.0,76.0
1791040854.5,fixed,80.0,80.0,3500,20.0,2315,5529784,80.0,76.0,4.0,80.0,78.0,78.0,78.0,78.0,78.0,76.0,76.0,76.0,76.0
1791040855.6,fixed,80.0,80.0,3500,19.99,2400,5543472,80.0,76.0,4.0,80.0,77.0,78.0,78.0,78.0,78.0,76.0,76.0,76.0,76.0
1791040856.6,fixed,78.0,80.0,3500,19.98,2400,5557336,80.0,77.0,3.0,80.0,78.0,80.0,80.0,80.0,80.0,77.0,77.0,77.0,77.0
1791040857.6,fixed,80.0,80.0,3500,20.01,2312,5571160,81.0,76.0,5.0,81.0,77.0,80.0,80.0,80.0,80.0,76.0,77.0,77.0,77.0
1791040858.6,fixed,81.0,80.0,3500,19.99,2332,5585072,80.0,75.0,5.0,80.0,77.0,78.0,78.0,78.0,78.0,76.0,76.0,75.0,76.0
1791040859.6,fixed,81.0,80.0,3500,20.01,2300,5598888,81.0,76.0,5.0,81.0,77.0,80.0,80.0,80.0,80.0,76.0,77.0,77.0,77.0
1791040860.6,fixed,81.0,80.0,3500,19.99,2300,5612624,80.0,76.0,4.0,80.0,77.0,80.0,80.0,80.0,80.0,76.0,77.0,77.0,77.0
1791040861.6,fixed,80.0,80.0,3500,19.98,2400,5626504,83.0,76.0,7.0,83.0,78.0,78.0,78.0,78.0,78.0,76.0,76.0,76.0,76.0
1791040862.6,fixed,81.0,80.0,3500,20.01,2367,5640352,81.0,76.0,5.0,81.0,78.0,80.0,80.0,80.0,80.0,76.0,76.0,76.0,76.0
1791040863.7,fixed,81.0,80.0,3500,20.0,2300,5654200,81.0,76.0,5.0,81.0,78.0,78.0,78.0,78.0,78.0,76.0,76.0,76.0,76.0
1791040864.7,fixed,80.0,81.0,3500,19.99,2360,5668056,81.0,76.0,5.0,81.0,77.0,80.0,80.0,80.0,80.0,76.0,76.0,76.0,76.0
1791040865.7,fixed,81.0,81.0,3500,20.0,2355,5681920,81.0,76.0,5.0,81.0,77.0,80.0,80.0,80.0,80.0,77.0,77.0,76.0,76.0
1791040866.7,fixed,81.0,81.0,3500,19.99,2300,5695768,80.0,76.0,4.0,80.0,77.0,80.0,80.0,80.0,80.0,76.0,76.0,76.0,77.0
1791040867.7,fixed,83.0,81.0,3500,20.0,2300,5709656,81.0,76.0,5.0,81.0,78.0,80.0,80.0,80.0,80.0,76.0,76.0,76.0,76.0
1791040868.7,fixed,79.0,81.0,3500,19.97,2400,5723536,80.0,77.0,3.0,80.0,77.0,78.0,78.0,78.0,78.0,77.0,77.0,77.0,77.0
1791040869.7,fixed,81.0,81.0,3500,20.04,2313,5737376,80.0,76.0,4.0,80.0,77.0,80.0,80.0,80.0,80.0,76.0,76.0,76.0,76.0
1791040870.8,fixed,81.0,81.0,3500,19.99,2363,5751096,81.0,76.0,5.0,81.0,77.0,78.0,78.0,78.0,78.0,76.0,76.0,76.0,77.0
1791040871.8,fixed,81.0,81.0,3500,19.99,2300,5764976,81.0,77.0,4.0,81.0,77.0,78.0,78.0,78.0,78.0,77.0,77.0,77.0,77.0
1791040872.8,fixed,81.0,81.0,3500,20.08,2200,5777448,80.0,75.0,5.0,80.0,77.0,78.0,78.0,78.0,78.0,76.0,75.0,75.0,75.0
1791040873.8,fixed,80.0,81.0,3500,19.98,2200,5788560,80.0,76.0,4.0,80.0,77.0,78.0,78.0,78.0,78.0,76.0,76.0,76.0,76.0
1791040874.8,fixed,81.0,81.0,3500,19.92,2300,5801200,80.0,76.0,4.0,80.0,77.0,78.0,78.0,78.0,78.0,76.0,76.0,76.0,76.0
1791040875.8,fixed,81.0,81.0,3500,19.95,2300,5814632,81.0,77.0,4.0,81.0,77.0,80.0,80.0,80.0,80.0,77.0,77.0,77.0,77.0
1791040876.8,fixed,81.0,81.0,3500,20.06,2300,5828080,81.0,77.0,4.0,81.0,77.0,80.0,80.0,80.0,80.0,77.0,77.0,77.0,77.0
1791040877.9,fixed,81.0,81.0,3500,20.0,2300,5841480,81.0,76.0,5.0,81.0,77.0,80.0,80.0,80.0,80.0,76.0,76.0,76.0,76.0
1791040878.9,fixed,81.0,81.0,3500,19.99,2300,5854608,81.0,77.0,4.0,81.0,77.0,80.0,80.0,80.0,80.0,77.0,77.0,77.0,77.0
1791040879.9,fixed,81.0,81.0,3500,20.0,2300,5866336,80.0,77.0,3.0,80.0,77.0,80.0,80.0,80.0,80.0,77.0,77.0,77.0,77.0
1791040880.9,fixed,81.0,81.0,3500,19.99,2400,5879256,81.0,77.0,4.0,81.0,78.0,80.0,81.0,81.0,81.0,77.0,77.0,77.0,77.0
1791040881.9,fixed,81.0,81.0,3500,19.96,2200,5891872,81.0,77.0,4.0,81.0,77.0,80.0,80.0,80.0,80.0,77.0,77.0,77.0,77.0
1791040882.9,fixed,83.0,81.0,3500,20.04,2332,5905072,83.0,77.0,6.0,83.0,77.0,80.0,80.0,80.0,80.0,77.0,77.0,77.0,77.0
1791040883.9,fixed,83.0,81.0,3500,19.99,2350,5919096,80.0,77.0,3.0,80.0,77.0,80.0,80.0,80.0,80.0,77.0,77.0,77.0,77.0
1791040884.9,fixed,83.0,81.0,3500,20.0,2367,5933192,83.0,77.0,6.0,83.0,78.0,80.0,80.0,80.0,80.0,77.0,77.0,77.0,77.0
1791040886.0,fixed,83.0,82.0,3500,19.98,2400,5947008,83.0,77.0,6.0,83.0,78.0,80.0,80.0,80.0,80.0,77.0,77.0,77.0,77.0
1791040887.0,fixed,80.0,82.0,3500,19.96,2400,5960928,83.0,77.0,6.0,83.0,78.0,80.0,80.0,80.0,80.0,77.0,77.0,77.0,77.0
1791040888.0,fixed,81.0,81.0,3500,20.0,2400,5974792,83.0,77.0,6.0,83.0,78.0,80.0,80.0,80.0,80.0,77.0,77.0,77.0,77.0
1791040889.0,fixed,83.0,81.0,3500,19.99,2400,5988768,81.0,76.0,5.0,81.0,78.0,81.0,80.0,80.0,80.0,76.0,76.0,76.0,77.0
1791040890.0,fixed,80.0,81.0,3500,20.03,2300,6002664,80.0,76.0,4.0,80.0,77.0,80.0,80.0,80.0,80.0,76.0,76.0,76.0,76.0
1791040891.0,fixed,81.0,81.0,3500,20.01,2367,6016592,83.0,77.0,6.0,83.0,78.0,80.0,80.0,80.0,80.0,77.0,77.0,77.0,77.0
1791040892.0,fixed,83.0,81.0,3500,20.0,2320,6030576,81.0,77.0,4.0,81.0,77.0,81.0,81.0,81.0,81.0,77.0,77.0,77.0,77.0
1791040893.1,fixed,81.0,81.0,3500,19.98,2322,6044648,83.0,77.0,6.0,83.0,77.0,80.0,80.0,80.0,80.0,77.0,77.0,77.0,77.0
1791040894.1,fixed,83.0,82.0,3500,20.04,2300,6058224,83.0,76.0,7.0,83.0,77.0,80.0,80.0,80.0,80.0,77.0,77.0,76.0,76.0
1791040895.1,fixed,83.0,82.0,3500,19.91,2400,6071536,83.0,76.0,7.0,83.0,77.0,80.0,81.0,81.0,81.0,76.0,76.0,76.0,76.0
1791040896.1,fixed,81.0,82.0,3500,20.05,2302,6085552,83.0,77.0,6.0,83.0,77.0,80.0,80.0,81.0,81.0,77.0,77.0,77.0,77.0
1791040897.1,fixed,83.0,83.0,3500,20.0,2377,6099624,83.0,77.0,6.0,83.0,77.0,80.0,81.0,81.0,81.0,77.0,77.0,77.0,77.0
1791040898.1,fixed,81.0,83.0,3500,19.97,2400,6113624,83.0,77.0,6.0,83.0,77.0,80.0,80.0,80.0,80.0,77.0,77.0,77.0,77.0
1791040899.1,fixed,81.0,83.0,3500,20.03,2300,6127568,81.0,77.0,4.0,81.0,78.0,80.0,80.0,80.0,80.0,77.0,77.0,77.0,77.0
1791040900.1,fixed,83.0,83.0,3500,19.98,2400,6141632,83.0,77.0,6.0,83.0,78.0,80.0,80.0,80.0,80.0,77.0,77.0,77.0,77.0
1791040901.2,fixed,81.0,82.0,3500,19.95,2319,6155672,83.0,77.0,6.0,83.0,78.0,80.0,80.0,80.0,80.0,77.0,77.0,77.0,77.0
1791040902.2,fixed,83.0,82.0,3500,20.04,2393,6169712,83.0,77.0,6.0,83.0,78.0,81.0,81.0,81.0,81.0,77.0,77.0,77.0,77.0
1791040903.2,fixed,81.0,82.0,3500,20.01,2367,6183672,81.0,77.0,4.0,81.0,78.0,80.0,81.0,81.0,81.0,77.0,77.0,77.0,77.0
1791040904.2,fixed,83.0,82.0,3500,19.99,2400,6197656,80.0,77.0,3.0,80.0,77.0,80.0,80.0,80.0,80.0,77.0,77.0,77.0,77.0
1791040905.2,fixed,81.0,83.0,3500,19.99,2335,6211616,81.0,77.0,4.0,81.0,77.0,80.0,80.0,81.0,81.0,77.0,77.0,77.0,77.0
1791040906.2,fixed,83.0,83.0,3500,19.99,2300,6225648,83.0,77.0,6.0,83.0,78.0,80.0,81.0,81.0,81.0,77.0,77.0,77.0,77.0
1791040907.2,fixed,83.0,83.0,3500,20.0,2400,6239720,83.0,77.0,6.0,83.0,77.0,80.0,80.0,80.0,80.0,77.0,77.0,77.0,77.0
1791040908.3,fixed,81.0,83.0,3500,19.99,2338,6254208,81.0,77.0,4.0,81.0,78.0,81.0,81.0,81.0,81.0,77.0,77.0,77.0,77.0
1791040909.3,fixed,83.0,83.0,3500,20.0,2400,6268248,81.0,77.0,4.0,81.0,78.0,78.0,80.0,80.0,80.0,77.0,77.0,77.0,77.0
1791040910.3,fixed,83.0,83.0,3500,20.0,2345,6282320,83.0,77.0,6.0,83.0,78.0,80.0,80.0,80.0,80.0,77.0,77.0,77.0,77.0
1791040911.3,fixed,83.0,83.0,3500,19.99,2400,6296344,83.0,77.0,6.0,83.0,78.0,81.0,80.0,80.0,80.0,77.0,77.0,77.0,77.0
1791040912.3,fixed,83.0,83.0,3500,19.98,2300,6310400,83.0,77.0,6.0,83.0,78.0,81.0,81.0,81.0,81.0,77.0,77.0,77.0,77.0
1791040913.4,fixed,83.0,83.0,3500,20.0,2319,6324456,81.0,77.0,4.0,81.0,77.0,81.0,81.0,81.0,80.0,77.0,77.0,77.0,77.0
1791040914.4,fixed,83.0,83.0,3500,20.0,2342,6338480,83.0,77.0,6.0,83.0,78.0,80.0,80.0,81.0,81.0,77.0,77.0,77.0,77.0
1791040915.4,fixed,81.0,83.0,3500,20.03,2200,6351520,80.0,76.0,4.0,80.0,78.0,80.0,80.0,80.0,80.0,76.0,76.0,76.0,77.0
1791040916.4,fixed,83.0,83.0,3500,19.95,2303,6365456,83.0,77.0,6.0,83.0,78.0,80.0,80.0,80.0,80.0,77.0,77.0,77.0,77.0
1791040917.4,fixed,81.0,83.0,3500,19.96,2433,6379312,81.0,77.0,4.0,81.0,80.0,81.0,81.0,81.0,81.0,77.0,77.0,77.0,77.0
1791040918.4,fixed,81.0,82.0,3500,20.03,2351,6393344,81.0,77.0,4.0,81.0,78.0,81.0,81.0,81.0,81.0,77.0,77.0,77.0,77.0
1791040919.4,fixed,81.0,82.0,3500,20.01,2374,6407408,81.0,77.0,4.0,81.0,78.0,81.0,81.0,81.0,81.0,77.0,77.0,77.0,77.0
1791040920.4,fixed,81.0,82.0,3500,20.0,2390,6421512,83.0,77.0,6.0,83.0,78.0,81.0,81.0,81.0,81.0,77.0,77.0,77.0,77.0
1791040921.5,fixed,81.0,82.0,3500,19.98,2392,6435504,81.0,77.0,4.0,81.0,77.0,80.0,81.0,81.0,81.0,77.0,77.0,77.0,77.0
1791040922.5,fixed,81.0,82.0,3500,20.0,2300,6449552,81.0,77.0,4.0,81.0,80.0,80.0,80.0,80.0,81.0,77.0,77.0,77.0,77.0
1791040923.5,fixed,83.0,82.0,3500,19.99,2400,6463632,83.0,77.0,6.0,83.0,77.0,80.0,80.0,80.0,80.0,77.0,77.0,77.0,77.0
1791040924.5,fixed,83.0,83.0,3500,20.01,2400,6477512,83.0,77.0,6.0,83.0,78.0,80.0,80.0,80.0,80.0,77.0,77.0,77.0,77.0
1791040925.5,fixed,83.0,83.0,3500,20.0,2340,6491528,81.0,77.0,4.0,81.0,78.0,80.0,80.0,81.0,81.0,77.0,77.0,77.0,77.0
1791040926.5,fixed,83.0,83.0,3500,19.99,2300,6505504,83.0,77.0,6.0,83.0,78.0,81.0,81.0,80.0,80.0,77.0,77.0,77.0,77.0
1791040927.5,fixed,82.0,83.0,3500,20.01,2314,6519536,83.0,77.0,6.0,83.0,77.0,80.0,81.0,81.0,81.0,79.0,79.0,77.0,77.0
1791040928.6,fixed,80.0,82.0,3500,19.96,2400,6533472,83.0,77.0,6.0,83.0,78.0,80.0,80.0,80.0,80.0,77.0,77.0,77.0,77.0
1791040929.6,fixed,81.0,82.0,3500,20.02,2400,6547480,83.0,77.0,6.0,83.0,78.0,80.0,80.0,80.0,80.0,77.0,77.0,77.0,77.0
1791040930.6,fixed,81.0,82.0,3500,20.0,2300,6561536,81.0,79.0,2.0,81.0,80.0,80.0,80.0,80.0,80.0,79.0,79.0,79.0,79.0
1791040931.6,fixed,83.0,82.0,3500,19.95,2300,6575592,83.0,77.0,6.0,83.0,78.0,81.0,80.0,80.0,80.0,77.0,77.0,77.0,77.0
1791040932.6,fixed,83.0,82.0,3500,20.05,2400,6589712,83.0,77.0,6.0,83.0,80.0,81.0,81.0,81.0,81.0,77.0,77.0,77.0,77.0
1791040933.6,fixed,81.0,82.0,3500,20.03,2300,6603616,81.0,77.0,4.0,81.0,77.0,80.0,80.0,80.0,80.0,77.0,77.0,77.0,77.0
1791040934.6,fixed,83.0,82.0,3500,19.92,2342,6617560,83.0,77.0,6.0,83.0,78.0,81.0,81.0,81.0,81.0,77.0,77.0,77.0,79.0
1791040935.7,fixed,83.0,83.0,3500,20.04,2400,6631608,81.0,77.0,4.0,81.0,77.0,81.0,81.0,81.0,81.0,77.0,77.0,77.0,77.0
1791040936.7,fixed,83.0,83.0,3500,20.0,2300,6644456,83.0,77.0,6.0,83.0,78.0,81.0,81.0,80.0,80.0,77.0,77.0,77.0,77.0
1791040937.7,fixed,83.0,83.0,3500,19.98,2317,6658928,83.0,78.0,5.0,83.0,78.0,81.0,81.0,81.0,81.0,79.0,79.0,79.0,79.0
1791040938.7,fixed,83.0,83.0,3500,20.01,2353,6672976,83.0,77.0,6.0,83.0,80.0,80.0,81.0,81.0,81.0,77.0,77.0,77.0,77.0
1791040939.7,fixed,83.0,83.0,3500,19.99,2367,6687024,83.0,77.0,6.0,83.0,78.0,81.0,80.0,80.0,80.0,77.0,77.0,77.0,77.0
1791040940.8,fixed,83.0,83.0,3500,20.02,2300,6701048,83.0,79.0,4.0,83.0,80.0,81.0,81.0,81.0,81.0,79.0,79.0,79.0,79.0
1791040941.8,fixed,83.0,83.0,3500,20.0,2371,6715080,83.0,77.0,6.0,83.0,78.0,81.0,81.0,81.0,81.0,77.0,77.0,77.0,77.0
1791040942.8,fixed,83.0,83.0,3500,19.98,2400,6729168,83.0,77.0,6.0,83.0,78.0,81.0,81.0,81.0,81.0,77.0,77.0,77.0,77.0
1791040943.8,fixed,84.0,83.0,3500,20.0,2400,6743192,83.0,77.0,6.0,83.0,78.0,81.0,81.0,81.0,81.0,77.0,77.0,77.0,77.0
1791040944.8,fixed,84.0,83.0,3500,20.0,2400,6757144,83.0,78.0,5.0,83.0,78.0,81.0,81.0,81.0,81.0,79.0,79.0,79.0,79.0
1791040945.8,fixed,83.0,83.0,3500,19.97,2365,6771080,83.0,77.0,6.0,83.0,78.0,81.0,81.0,81.0,81.0,79.0,77.0,77.0,77.0
1791040946.8,fixed,83.0,83.0,3500,20.02,2400,6784896,83.0,77.0,6.0,83.0,78.0,81.0,81.0,81.0,81.0,77.0,77.0,77.0,77.0
1791040947.9,fixed,81.0,83.0,3500,19.96,2200,6798896,80.0,79.0,1.0,80.0,80.0,80.0,80.0,80.0,80.0,79.0,79.0,79.0,79.0
1791040948.9,fixed,83.0,83.0,3500,20.03,2366,6812816,83.0,78.0,5.0,83.0,78.0,81.0,81.0,81.0,81.0,80.0,80.0,80.0,80.0
1791040949.9,fixed,83.0,83.0,3500,20.01,2400,6826864,82.0,77.0,5.0,81.0,80.0,82.0,82.0,82.0,81.0,77.0,77.0,77.0,77.0
1791040950.9,fixed,83.0,83.0,3500,19.99,2368,6840840,83.0,78.0,5.0,83.0,78.0,81.0,81.0,81.0,81.0,79.0,79.0,79.0,79.0
1791040951.9,fixed,83.0,83.0,3500,19.99,2350,6855304,83.0,77.0,6.0,83.0,80.0,82.0,82.0,82.0,82.0,77.0,77.0,77.0,77.0
1791040953.0,fixed,81.0,83.0,3500,19.97,2400,6869264,83.0,79.0,4.0,83.0,80.0,81.0,81.0,81.0,81.0,79.0,79.0,79.0,79.0
1791040954.0,fixed,83.0,82.0,3500,20.02,2300,6883208,81.0,77.0,4.0,81.0,78.0,80.0,80.0,80.0,80.0,77.0,77.0,77.0,77.0
1791040955.0,fixed,81.0,82.0,3500,20.0,2360,6897112,82.0,77.0,5.0,81.0,78.0,82.0,82.0,82.0,80.0,77.0,77.0,77.0,77.0
1791040956.0,fixed,81.0,82.0,3500,19.98,2300,6911152,83.0,77.0,6.0,83.0,80.0,81.0,82.0,82.0,82.0,77.0,77.0,77.0,77.0
1791040957.0,fixed,81.0,82.0,3500,20.06,2300,6924840,81.0,77.0,4.0,81.0,80.0,81.0,81.0,81.0,81.0,77.0,77.0,77.0,77.0
1791040958.0,fixed,81.0,82.0,3500,19.92,2400,6937968,81.0,78.0,3.0,81.0,78.0,81.0,81.0,81.0,81.0,79.0,79.0,79.0,79.0
1791040959.0,fixed,83.0,82.0,3500,20.02,2400,6951840,83.0,79.0,4.0,83.0,80.0,81.0,81.0,81.0,81.0,79.0,79.0,79.0,79.0
1791040960.0,fixed,83.0,83.0,3500,20.02,2343,6965824,83.0,79.0,4.0,83.0,80.0,82.0,82.0,82.0,82.0,79.0,79.0,79.0,80.0
1791040961.1,fixed,83.0,83.0,3500,19.99,2300,6979928,83.0,77.0,6.0,83.0,80.0,82.0,82.0,82.0,82.0,77.0,77.0,77.0,77.0
1791040962.1,fixed,83.0,83.0,3500,20.0,2349,6993952,83.0,79.0,4.0,83.0,80.0,80.0,80.0,80.0,81.0,79.0,79.0,79.0,79.0
1791040963.1,fixed,83.0,83.0,3500,19.98,2300,7008008,83.0,79.0,4.0,83.0,80.0,82.0,82.0,82.0,82.0,79.0,79.0,79.0,79.0
1791040964.1,fixed,83.0,83.0,3500,20.01,2400,7022080,83.0,77.0,6.0,83.0,78.0,82.0,82.0,82.0,82.0,77.0,77.0,77.0,77.0
1791040965.1,fixed,83.0,83.0,3500,19.98,2300,7036056,83.0,77.0,6.0,83.0,80.0,81.0,81.0,81.0,81.0,77.0,77.0,77.0,77.0
1791040966.1,fixed,83.0,83.0,3500,20.01,2300,7050064,84.0,79.0,5.0,84.0,80.0,82.0,82.0,82.0,82.0,79.0,79.0,79.0,79.0
1791040967.2,fixed,83.0,83.0,3500,20.0,2303,7064056,84.0,78.0,6.0,84.0,78.0,81.0,81.0,81.0,81.0,79.0,78.0,78.0,78.0
1791040968.2,fixed,83.0,83.0,3500,19.98,2300,7078072,84.0,79.0,5.0,84.0,80.0,82.0,82.0,82.0,82.0,79.0,79.0,79.0,79.0
1791040969.2,fixed,83.0,83.0,3500,20.0,2400,7092072,83.0,77.0,6.0,83.0,80.0,82.0,82.0,82.0,82.0,77.0,77.0,77.0,77.0
1791040970.2,fixed,83.0,83.0,3500,20.0,2345,7106120,83.0,77.0,6.0,83.0,80.0,81.0,81.0,81.0,81.0,77.0,77.0,77.0,77.0
1791040971.2,fixed,83.0,83.0,3500,20.0,2300,7120128,83.0,77.0,6.0,83.0,80.0,81.0,82.0,82.0,82.0,77.0,77.0,77.0,77.0
1791040972.3,fixed,83.0,83.0,3500,19.99,2318,7134576,83.0,77.0,6.0,83.0,80.0,82.0,81.0,81.0,81.0,77.0,77.0,77.0,77.0
1791040973.3,fixed,81.0,83.0,3500,19.97,2400,7148584,83.0,79.0,4.0,83.0,81.0,81.0,81.0,81.0,81.0,79.0,79.0,79.0,79.0
1791040974.3,fixed,83.0,83.0,3500,20.02,2400,7162520,83.0,77.0,6.0,83.0,80.0,81.0,81.0,81.0,81.0,77.0,79.0,79.0,79.0
1791040975.3,fixed,83.0,83.0,3500,20.02,2300,7176472,81.0,77.0,4.0,81.0,80.0,81.0,80.0,80.0,80.0,77.0,77.0,77.0,77.0
1791040976.3,fixed,83.0,83.0,3500,19.96,2300,7190248,83.0,79.0,4.0,83.0,80.0,81.0,81.0,81.0,81.0,79.0,79.0,79.0,79.0
1791040977.3,fixed,82.0,83.0,3500,20.01,2300,7204304,83.0,80.0,3.0,83.0,80.0,81.0,81.0,81.0,81.0,80.0,80.0,80.0,80.0
1791040978.3,fixed,84.0,83.0,3500,20.01,2300,7217368,83.0,77.0,6.0,83.0,81.0,81.0,81.0,81.0,81.0,77.0,77.0,77.0,77.0
1791040979.3,fixed,83.0,83.0,3500,19.98,2348,7231008,83.0,79.0,4.0,83.0,80.0,82.0,82.0,82.0,82.0,79.0,79.0,79.0,79.0
1791040980.4,fixed,84.0,83.0,3500,20.0,2400,7245008,84.0,79.0,5.0,84.0,80.0,82.0,82.0,82.0,82.0,79.0,79.0,79.0,79.0
1791040981.4,fixed,82.0,83.0,3500,19.96,2400,7258952,83.0,79.0,4.0,83.0,81.0,82.0,82.0,82.0,82.0,80.0,80.0,80.0,79.0
1791040982.4,fixed,83.0,83.0,3500,20.03,2339,7272992,83.0,79.0,4.0,83.0,80.0,82.0,82.0,82.0,82.0,80.0,79.0,79.0,79.0
1791040983.4,fixed,83.0,83.0,3500,20.01,2400,7286952,83.0,79.0,4.0,83.0,81.0,82.0,82.0,82.0,82.0,79.0,79.0,79.0,79.0
1791040984.4,fixed,83.0,83.0,3500,19.98,2352,7300976,83.0,79.0,4.0,83.0,80.0,82.0,82.0,82.0,82.0,79.0,79.0,80.0,80.0
1791040985.4,fixed,84.0,83.0,3500,20.01,2300,7314928,83.0,80.0,3.0,83.0,81.0,81.0,81.0,80.0,80.0,80.0,80.0,80.0,80.0
1791040986.4,fixed,84.0,83.0,3500,19.98,2300,7328880,84.0,79.0,5.0,84.0,81.0,82.0,82.0,82.0,82.0,79.0,79.0,79.0,80.0
1791040987.5,fixed,83.0,83.0,3500,19.99,2400,7342912,83.0,79.0,4.0,83.0,80.0,82.0,82.0,82.0,82.0,79.0,79.0,80.0,80.0
1791040988.5,fixed,83.0,84.0,3500,20.01,2301,7356960,84.0,80.0,4.0,83.0,80.0,84.0,84.0,84.0,84.0,80.0,80.0,80.0,80.0
1791040989.5,fixed,83.0,84.0,3500,19.98,2399,7370960,83.0,79.0,4.0,83.0,80.0,82.0,82.0,82.0,82.0,79.0,79.0,79.0,79.0
1791040990.5,fixed,84.0,84.0,3500,20.01,2400,7384856,83.0,79.0,4.0,83.0,80.0,82.0,82.0,82.0,82.0,79.0,79.0,79.0,79.0
1791040991.5,fixed,83.0,84.0,3500,20.0,2300,7398816,84.0,80.0,4.0,84.0,81.0,82.0,82.0,82.0,82.0,80.0,80.0,80.0,80.0
1791040992.6,fixed,84.0,84.0,3500,19.98,2400,7413200,84.0,79.0,5.0,84.0,80.0,82.0,82.0,82.0,82.0,80.0,79.0,79.0,79.0
1791040993.6,fixed,84.0,84.0,3500,19.99,2300,7427192,83.0,79.0,4.0,83.0,80.0,82.0,82.0,82.0,82.0,80.0,80.0,79.0,79.0
1791040994.6,fixed,83.0,84.0,3500,20.0,2400,7441208,83.0,79.0,4.0,83.0,81.0,81.0,81.0,82.0,82.0,79.0,79.0,79.0,79.0
1791040995.6,fixed,83.0,84.0,3500,20.0,2316,7455232,83.0,79.0,4.0,83.0,80.0,82.0,82.0,82.0,82.0,80.0,80.0,80.0,79.0
1791040996.6,fixed,84.0,84.0,3500,19.99,2359,7469248,83.0,79.0,4.0,83.0,80.0,82.0,82.0,82.0,82.0,79.0,79.0,80.0,80.0
1791040997.6,fixed,83.0,84.0,3500,19.95,2307,7483248,83.0,80.0,3.0,83.0,81.0,82.0,82.0,82.0,82.0,80.0,80.0,80.0,80.0
1791040998.6,fixed,84.0,84.0,3500,20.05,2300,7497312,84.0,80.0,4.0,83.0,80.0,82.0,82.0,82.0,84.0,80.0,80.0,80.0,80.0
1791040999.7,fixed,84.0,84.0,3500,20.0,2300,7510016,84.0,79.0,5.0,83.0,80.0,82.0,82.0,84.0,84.0,79.0,79.0,79.0,79.0
1791041000.7,fixed,82.0,84.0,3500,19.96,2400,7523952,83.0,80.0,3.0,83.0,81.0,82.0,82.0,82.0,82.0,80.0,80.0,80.0,80.0
1791041001.7,fixed,84.0,83.0,3500,20.03,2300,7537904,84.0,79.0,5.0,83.0,80.0,84.0,84.0,82.0,82.0,79.0,79.0,79.0,80.0
1791041002.7,fixed,84.0,83.0,3500,19.99,2395,7551952,83.0,80.0,3.0,83.0,80.0,82.0,82.0,82.0,82.0,80.0,80.0,80.0,80.0
1791041003.7,fixed,83.0,83.0,3500,19.97,2400,7565944,83.0,80.0,3.0,83.0,81.0,82.0,82.0,82.0,82.0,80.0,80.0,80.0,80.0
1791041004.7,fixed,83.0,83.0,3500,19.99,2400,7579816,84.0,80.0,4.0,84.0,81.0,82.0,82.0,82.0,82.0,80.0,80.0,80.0,80.0
1791041005.7,fixed,84.0,83.0,3500,20.03,2332,7593736,83.0,80.0,3.0,83.0,81.0,82.0,82.0,82.0,82.0,80.0,80.0,80.0,80.0
1791041006.7,fixed,84.0,83.0,3500,20.0,2300,7607560,83.0,80.0,3.0,83.0,80.0,82.0,82.0,82.0,82.0,80.0,80.0,80.0,80.0
1791041007.8,fixed,84.0,83.0,3500,19.99,2400,7621640,84.0,79.0,5.0,84.0,81.0,81.0,81.0,81.0,81.0,80.0,80.0,80.0,79.0
1791041008.8,fixed,84.0,83.0,3500,19.99,2320,7635624,83.0,79.0,4.0,83.0,82.0,82.0,82.0,82.0,82.0,80.0,80.0,79.0,79.0
1791041009.8,fixed,84.0,83.0,3500,20.01,2377,7649720,83.0,80.0,3.0,83.0,81.0,82.0,82.0,82.0,82.0,80.0,80.0,80.0,80.0
1791041010.8,fixed,84.0,84.0,3500,19.99,2379,7663720,84.0,80.0,4.0,84.0,82.0,84.0,84.0,84.0,84.0,80.0,80.0,80.0,80.0
1791041011.8,fixed,84.0,84.0,3500,20.0,2314,7677736,84.0,79.0,5.0,84.0,80.0,84.0,84.0,84.0,84.0,80.0,80.0,80.0,79.0
1791041012.9,fixed,84.0,84.0,3500,20.0,2354,7692176,83.0,79.0,4.0,83.0,82.0,82.0,82.0,82.0,82.0,79.0,79.0,79.0,79.0
1791041013.9,fixed,83.0,84.0,3500,19.99,2305,7706200,83.0,80.0,3.0,83.0,80.0,82.0,82.0,82.0,82.0,80.0,80.0,80.0,80.0
1791041014.9,fixed,83.0,84.0,3500,20.0,2400,7720208,84.0,79.0,5.0,83.0,81.0,84.0,84.0,84.0,84.0,80.0,80.0,80.0,79.0
1791041015.9,fixed,84.0,84.0,3500,20.0,2400,7734216,83.0,80.0,3.0,83.0,82.0,82.0,81.0,81.0,81.0,80.0,80.0,80.0,80.0
1791041016.9,fixed,84.0,84.0,3500,19.99,2369,7748144,84.0,79.0,5.0,84.0,81.0,82.0,82.0,82.0,82.0,79.0,79.0,79.0,79.0
1791041017.9,fixed,83.0,84.0,3500,19.98,2400,7762152,85.0,80.0,5.0,85.0,82.0,82.0,82.0,82.0,82.0,80.0,80.0,80.0,80.0
1791041018.9,fixed,83.0,84.0,3500,20.01,2300,7776152,84.0,79.0,5.0,83.0,81.0,84.0,84.0,82.0,82.0,79.0,79.0,79.0,79.0
1791041020.0,fixed,83.0,84.0,3500,20.03,2300,7789920,83.0,79.0,4.0,83.0,81.0,82.0,82.0,82.0,82.0,79.0,79.0,79.0,79.0
1791041021.0,fixed,85.0,84.0,3500,19.96,2400,7802968,84.0,80.0,4.0,84.0,81.0,84.0,82.0,82.0,82.0,80.0,80.0,80.0,80.0
1791041022.0,fixed,84.0,84.0,3500,20.0,2400,7816944,85.0,79.0,6.0,85.0,81.0,82.0,84.0,84.0,84.0,79.0,79.0,79.0,79.0
1791041023.0,fixed,84.0,84.0,3500,19.99,2300,7830928,84.0,79.0,5.0,84.0,80.0,82.0,82.0,82.0,82.0,79.0,79.0,79.0,79.0
1791041024.0,fixed,84.0,84.0,3500,19.99,2311,7844968,84.0,80.0,4.0,84.0,80.0,82.0,82.0,82.0,82.0,80.0,80.0,80.0,80.0
1791041025.0,fixed,84.0,84.0,3500,20.0,2300,7858992,84.0,79.0,5.0,84.0,80.0,82.0,82.0,82.0,82.0,79.0,79.0,79.0,79.0
1791041026.1,fixed,84.0,84.0,3500,20.01,2300,7872928,84.0,80.0,4.0,84.0,81.0,82.0,84.0,84.0,84.0,80.0,80.0,80.0,80.0
1791041027.1,fixed,85.0,84.0,3500,20.0,2400,7886872,83.0,79.0,4.0,83.0,80.0,82.0,82.0,82.0,82.0,80.0,80.0,80.0,79.0
1791041028.1,fixed,84.0,84.0,3500,19.99,2400,7901280,84.0,80.0,4.0,84.0,81.0,82.0,82.0,82.0,82.0,80.0,80.0,80.0,80.0
1791041029.1,fixed,84.0,84.0,3500,19.99,2300,7915280,84.0,80.0,4.0,83.0,81.0,82.0,84.0,84.0,84.0,80.0,80.0,80.0,80.0
1791041030.1,fixed,85.0,84.0,3500,20.01,2349,7929264,84.0,80.0,4.0,84.0,81.0,82.0,82.0,82.0,82.0,80.0,80.0,80.0,80.0
1791041031.2,fixed,85.0,84.0,3500,20.0,2318,7943256,84.0,80.0,4.0,84.0,81.0,82.0,82.0,82.0,82.0,80.0,80.0,80.0,80.0
1791041032.2,fixed,84.0,84.0,3500,19.99,2305,7957240,84.0,80.0,4.0,84.0,80.0,82.0,82.0,82.0,82.0,80.0,80.0,80.0,80.0
1791041033.2,fixed,84.0,85.0,3500,20.0,2300,7971704,84.0,80.0,4.0,84.0,80.0,84.0,82.0,82.0,82.0,80.0,80.0,80.0,80.0
1791041034.2,fixed,83.0,85.0,3500,19.99,2301,7985680,84.0,79.0,5.0,84.0,80.0,82.0,82.0,82.0,82.0,80.0,80.0,80.0,79.0
1791041035.2,fixed,84.0,85.0,3500,19.99,2398,7999704,84.0,80.0,4.0,84.0,80.0,82.0,82.0,82.0,82.0,80.0,80.0,80.0,80.0
1791041036.3,fixed,83.0,85.0,3500,20.01,2300,8013608,84.0,80.0,4.0,84.0,81.0,82.0,82.0,82.0,82.0,80.0,80.0,80.0,80.0
1791041037.3,fixed,84.0,84.0,3500,19.96,2225,8027192,85.0,79.0,6.0,85.0,80.0,82.0,82.0,82.0,82.0,79.0,79.0,79.0,79.0
1791041038.3,fixed,85.0,84.0,3500,19.99,2400,8040920,84.0,80.0,4.0,84.0,82.0,82.0,82.0,82.0,82.0,80.0,80.0,80.0,80.0
1791041039.3,fixed,83.0,84.0,3500,20.01,2400,8054784,85.0,80.0,5.0,85.0,81.0,82.0,82.0,82.0,82.0,80.0,80.0,80.0,80.0
1791041040.3,fixed,84.0,84.0,3500,20.04,2395,8068720,84.0,80.0,4.0,84.0,82.0,81.0,81.0,81.0,82.0,80.0,80.0,80.0,80.0
1791041041.3,fixed,85.0,84.0,3500,20.02,2200,8082120,85.0,79.0,6.0,85.0,82.0,81.0,82.0,82.0,82.0,79.0,79.0,79.0,79.0
1791041042.4,fixed,83.0,84.0,3500,19.92,2400,8095968,85.0,80.0,5.0,85.0,81.0,82.0,82.0,82.0,82.0,80.0,80.0,80.0,80.0
1791041043.4,fixed,84.0,84.0,3500,19.99,2400,8109824,84.0,80.0,4.0,84.0,81.0,82.0,82.0,82.0,82.0,80.0,80.0,80.0,80.0
1791041044.4,fixed,84.0,84.0,3500,19.98,2434,8123352,84.0,80.0,4.0,84.0,80.0,84.0,84.0,84.0,84.0,80.0,80.0,80.0,80.0
1791041045.4,fixed,85.0,84.0,3500,20.03,2400,8137096,85.0,80.0,5.0,85.0,81.0,82.0,82.0,82.0,82.0,82.0,82.0,80.0,80.0
1791041046.4,fixed,84.0,84.0,3500,20.04,2400,8151024,84.0,80.0,4.0,84.0,81.0,82.0,82.0,82.0,82.0,80.0,80.0,80.0,80.0
1791041047.4,fixed,83.0,84.0,3500,19.94,2400,8164944,84.0,80.0,4.0,84.0,81.0,82.0,82.0,82.0,82.0,80.0,80.0,80.0,80.0
1791041048.4,fixed,85.0,84.0,3500,20.05,2341,8178912,84.0,80.0,4.0,84.0,81.0,84.0,82.0,82.0,82.0,80.0,80.0,80.0,80.0
1791041049.4,fixed,85.0,84.0,3500,19.99,2300,8192856,85.0,80.0,5.0,85.0,81.0,82.0,82.0,82.0,82.0,80.0,80.0,80.0,80.0
1791041050.4,fixed,85.0,84.0,3500,20.0,2378,8206880,85.0,80.0,5.0,85.0,82.0,82.0,82.0,82.0,82.0,80.0,80.0,80.0,80.0
1791041051.5,fixed,85.0,84.0,3500,20.0,2360,8220864,84.0,80.0,4.0,84.0,82.0,82.0,82.0,82.0,82.0,80.0,80.0,80.0,80.0
1791041052.5,fixed,85.0,84.0,3500,19.99,2300,8234840,84.0,80.0,4.0,84.0,81.0,84.0,84.0,84.0,84.0,80.0,80.0,80.0,80.0
1791041053.5,fixed,84.0,84.0,3500,19.99,2300,8248848,84.0,80.0,4.0,84.0,82.0,84.0,82.0,82.0,82.0,80.0,80.0,80.0,80.0
1791041054.5,fixed,84.0,85.0,3500,19.99,2397,8262816,85.0,80.0,5.0,85.0,80.0,82.0,82.0,82.0,82.0,80.0,80.0,80.0,82.0
1791041055.5,fixed,84.0,85.0,3500,20.0,2400,8276824,84.0,80.0,4.0,84.0,80.0,84.0,84.0,84.0,84.0,80.0,80.0,80.0,80.0
1791041056.5,fixed,85.0,85.0,3500,20.0,2300,8290760,85.0,81.0,4.0,85.0,81.0,82.0,82.0,82.0,84.0,82.0,82.0,82.0,82.0
1791041057.5,fixed,83.0,85.0,3500,19.99,2400,8304544,84.0,81.0,3.0,84.0,81.0,82.0,82.0,82.0,82.0,82.0,82.0,82.0,82.0
1791041058.6,fixed,84.0,84.0,3500,20.01,2354,8318384,84.0,80.0,4.0,84.0,81.0,82.0,82.0,82.0,82.0,80.0,80.0,80.0,82.0
1791041059.6,fixed,85.0,84.0,3500,19.99,2300,8332304,85.0,80.0,5.0,85.0,81.0,84.0,84.0,82.0,82.0,82.0,82.0,80.0,80.0
1791041060.6,rest,72.0,84.0,3500,3.98,471,0,72.0,71.0,1.0,72.0,71.0,72.0,72.0,72.0,72.0,71.0,72.0,72.0,72.0
1791041061.6,rest,72.0,83.0,3500,3.61,460,0,72.0,69.0,3.0,71.0,71.0,71.0,72.0,72.0,72.0,69.0,70.0,70.0,70.0
1791041062.6,rest,74.0,82.0,3500,8.65,448,0,72.0,69.0,3.0,69.0,71.0,72.0,71.0,71.0,71.0,70.0,71.0,71.0,71.0
1791041063.6,rest,71.0,81.0,3500,3.47,523,0,71.0,69.0,2.0,69.0,71.0,71.0,71.0,71.0,71.0,69.0,69.0,69.0,69.0
1791041064.7,rest,71.0,79.0,3500,3.48,469,0,70.0,68.0,2.0,69.0,68.0,70.0,70.0,70.0,70.0,69.0,69.0,69.0,69.0
1791041065.7,rest,71.0,78.0,3500,3.47,541,0,69.0,68.0,1.0,69.0,68.0,69.0,69.0,69.0,69.0,69.0,69.0,69.0,69.0
1791041066.7,rest,71.0,76.0,3500,3.41,492,0,69.0,68.0,1.0,69.0,68.0,69.0,68.0,69.0,69.0,69.0,69.0,69.0,69.0
1791041067.7,rest,70.0,76.0,3500,3.28,479,0,69.0,68.0,1.0,68.0,68.0,69.0,69.0,69.0,69.0,69.0,69.0,68.0,68.0
1791041068.7,rest,70.0,75.0,3500,3.37,433,0,68.0,67.0,1.0,67.0,67.0,68.0,68.0,68.0,68.0,67.0,67.0,67.0,67.0
1791041069.7,rest,70.0,75.0,3500,3.43,500,0,68.0,66.0,2.0,67.0,67.0,68.0,68.0,68.0,68.0,66.0,66.0,66.0,66.0
1791041070.8,rest,68.0,75.0,3500,3.53,513,0,68.0,66.0,2.0,68.0,67.0,68.0,68.0,68.0,68.0,66.0,66.0,66.0,66.0
1791041071.8,rest,68.0,74.0,3500,3.67,564,0,68.0,65.0,3.0,65.0,67.0,67.0,68.0,68.0,68.0,66.0,66.0,66.0,66.0
1791041072.8,rest,68.0,74.0,3500,3.33,566,0,67.0,66.0,1.0,66.0,67.0,67.0,67.0,67.0,67.0,66.0,66.0,66.0,66.0
1791041073.8,rest,68.0,73.0,3500,3.39,476,0,67.0,66.0,1.0,66.0,67.0,67.0,67.0,67.0,67.0,66.0,66.0,66.0,66.0
1791041074.8,rest,68.0,73.0,3500,3.24,494,0,67.0,64.0,3.0,64.0,64.0,67.0,67.0,66.0,66.0,65.0,65.0,65.0,65.0
1791041075.8,rest,67.0,73.0,3500,3.09,465,0,66.0,63.0,3.0,64.0,63.0,65.0,65.0,66.0,66.0,65.0,65.0,65.0,65.0
1791041076.9,rest,67.0,72.0,3500,3.61,463,0,66.0,64.0,2.0,66.0,64.0,65.0,65.0,65.0,66.0,65.0,65.0,65.0,65.0
1791041077.9,rest,66.0,72.0,3500,3.29,446,0,66.0,64.0,2.0,65.0,64.0,65.0,65.0,66.0,66.0,65.0,65.0,65.0,65.0
1791041078.9,rest,67.0,72.0,3500,3.28,461,0,65.0,61.0,4.0,65.0,61.0,65.0,65.0,65.0,65.0,64.0,64.0,64.0,64.0
1791041079.9,rest,66.0,71.0,3500,3.33,425,0,65.0,63.0,2.0,64.0,64.0,65.0,65.0,65.0,65.0,63.0,63.0,63.0,64.0
1791041080.9,rest,66.0,71.0,3500,3.36,434,0,65.0,63.0,2.0,65.0,64.0,65.0,65.0,65.0,65.0,63.0,63.0,64.0,64.0
1791041081.9,rest,88.0,72.0,3500,6.96,2172,0,82.0,77.0,5.0,79.0,82.0,80.0,80.0,80.0,80.0,77.0,77.0,77.0,77.0
1791041082.9,rest,66.0,71.0,3500,5.54,478,0,65.0,62.0,3.0,64.0,64.0,64.0,64.0,64.0,65.0,62.0,62.0,62.0,62.0
1791041084.0,rest,64.0,71.0,3500,3.14,464,0,64.0,63.0,1.0,64.0,63.0,64.0,64.0,64.0,64.0,64.0,64.0,64.0,64.0
1791041085.0,rest,66.0,71.0,3500,3.17,474,0,65.0,62.0,3.0,64.0,63.0,65.0,64.0,64.0,65.0,62.0,62.0,62.0,62.0
1791041086.0,rest,64.0,71.0,3500,3.27,465,0,65.0,61.0,4.0,61.0,63.0,65.0,65.0,65.0,64.0,62.0,62.0,62.0,62.0
1791041087.0,rest,64.0,71.0,3500,3.27,441,0,64.0,62.0,2.0,62.0,63.0,64.0,64.0,64.0,64.0,64.0,64.0,64.0,64.0
1791041088.0,rest,64.0,70.0,3500,3.13,477,0,64.0,61.0,3.0,62.0,62.0,63.0,63.0,64.0,64.0,62.0,61.0,61.0,61.0
1791041089.0,rest,63.0,70.0,3500,3.65,521,0,64.0,61.0,3.0,62.0,61.0,64.0,63.0,63.0,63.0,62.0,62.0,62.0,62.0
1791041090.1,rest,63.0,70.0,3500,3.42,514,0,63.0,61.0,2.0,61.0,63.0,62.0,63.0,63.0,62.0,62.0,61.0,61.0,61.0
1791041091.1,rest,64.0,70.0,3500,3.36,477,0,63.0,61.0,2.0,63.0,63.0,63.0,63.0,63.0,63.0,62.0,61.0,61.0,62.0
1791041092.1,rest,64.0,70.0,3500,3.08,445,0,62.0,61.0,1.0,62.0,61.0,62.0,62.0,62.0,62.0,62.0,62.0,62.0,62.0
1791041093.1,rest,63.0,70.0,3500,3.9,516,0,62.0,59.0,3.0,62.0,59.0,61.0,61.0,61.0,61.0,62.0,62.0,61.0,61.0
1791041094.1,rest,63.0,69.0,3500,3.15,599,0,62.0,61.0,1.0,61.0,61.0,62.0,62.0,62.0,62.0,61.0,61.0,61.0,61.0
1791041095.1,rest,62.0,69.0,3500,3.47,490,0,62.0,60.0,2.0,62.0,60.0,62.0,62.0,62.0,62.0,62.0,62.0,62.0,62.0
1791041096.2,rest,63.0,69.0,3500,3.17,550,0,61.0,60.0,1.0,61.0,60.0,61.0,61.0,61.0,61.0,61.0,61.0,61.0,61.0
1791041097.2,rest,63.0,69.0,3500,4.32,547,0,63.0,60.0,3.0,62.0,61.0,63.0,63.0,61.0,61.0,60.0,61.0,61.0,61.0
1791041098.2,rest,63.0,69.0,3500,3.12,528,0,62.0,60.0,2.0,62.0,60.0,61.0,62.0,62.0,62.0,61.0,61.0,61.0,61.0
1791041099.2,rest,62.0,68.0,3500,3.12,488,0,61.0,60.0,1.0,60.0,60.0,61.0,61.0,61.0,61.0,61.0,61.0,61.0,61.0
1791041100.2,rest,62.0,68.0,3500,3.5,491,0,61.0,60.0,1.0,60.0,61.0,61.0,61.0,61.0,61.0,60.0,60.0,60.0,60.0
1791041101.2,rest,62.0,68.0,3500,3.25,443,0,61.0,60.0,1.0,60.0,60.0,61.0,61.0,61.0,61.0,60.0,60.0,60.0,61.0
1791041102.3,rest,62.0,68.0,3500,9.1,458,0,63.0,61.0,2.0,61.0,63.0,62.0,62.0,62.0,62.0,61.0,61.0,62.0,62.0
1791041103.3,rest,62.0,68.0,3500,3.03,480,0,61.0,59.0,2.0,59.0,60.0,60.0,60.0,60.0,61.0,60.0,60.0,60.0,60.0
1791041104.3,rest,61.0,68.0,3500,3.23,552,0,61.0,59.0,2.0,60.0,60.0,61.0,61.0,61.0,60.0,59.0,59.0,59.0,59.0
1791041105.3,rest,60.0,67.0,3500,3.26,463,0,61.0,59.0,2.0,60.0,60.0,60.0,61.0,61.0,61.0,59.0,59.0,59.0,59.0
1791041106.3,rest,61.0,67.0,3500,3.35,445,0,61.0,58.0,3.0,59.0,58.0,60.0,60.0,61.0,61.0,58.0,59.0,59.0,59.0
1791041107.3,rest,61.0,67.0,3500,3.56,486,0,61.0,58.0,3.0,59.0,59.0,60.0,60.0,61.0,61.0,58.0,58.0,58.0,58.0
1791041108.3,rest,61.0,66.0,3500,3.15,449,0,60.0,59.0,1.0,60.0,60.0,59.0,60.0,60.0,60.0,60.0,60.0,60.0,60.0
1791041109.4,rest,60.0,66.0,3500,3.15,492,0,60.0,57.0,3.0,59.0,57.0,60.0,60.0,60.0,60.0,58.0,58.0,58.0,60.0
1791041110.4,rest,60.0,66.0,3500,3.13,446,0,60.0,57.0,3.0,59.0,57.0,60.0,60.0,59.0,59.0,59.0,58.0,58.0,58.0
1791041111.4,rest,59.0,66.0,3500,3.09,471,0,59.0,57.0,2.0,59.0,57.0,59.0,59.0,59.0,59.0,58.0,58.0,58.0,58.0
1791041112.4,rest,61.0,66.0,3500,3.1,556,0,60.0,57.0,3.0,59.0,57.0,60.0,59.0,59.0,59.0,58.0,58.0,58.0,58.0
1791041113.4,rest,60.0,66.0,3500,3.28,475,0,60.0,57.0,3.0,58.0,57.0,60.0,60.0,60.0,60.0,58.0,58.0,58.0,58.0
1791041114.4,rest,59.0,66.0,3500,3.1,436,0,59.0,57.0,2.0,59.0,57.0,59.0,59.0,59.0,59.0,58.0,58.0,58.0,58.0
1791041115.5,rest,61.0,66.0,3500,3.07,476,0,59.0,57.0,2.0,58.0,57.0,59.0,59.0,59.0,59.0,58.0,58.0,58.0,58.0
1791041116.5,rest,59.0,66.0,3500,3.1,458,0,59.0,57.0,2.0,57.0,57.0,59.0,59.0,59.0,59.0,58.0,58.0,58.0,58.0
1791041117.5,rest,59.0,66.0,3500,3.51,493,0,59.0,56.0,3.0,58.0,56.0,59.0,59.0,59.0,59.0,58.0,58.0,58.0,58.0
1791041118.5,rest,59.0,66.0,3500,3.04,487,0,59.0,56.0,3.0,59.0,56.0,59.0,59.0,59.0,59.0,58.0,58.0,58.0,58.0
1791041119.5,rest,59.0,65.0,3500,3.45,469,0,59.0,57.0,2.0,59.0,57.0,57.0,57.0,58.0,58.0,58.0,58.0,58.0,58.0
1791041120.5,rest,58.0,65.0,3500,3.01,435,0,59.0,56.0,3.0,58.0,56.0,58.0,57.0,57.0,59.0,56.0,56.0,56.0,56.0
1791041121.5,rest,59.0,65.0,3500,3.17,520,0,59.0,56.0,3.0,57.0,56.0,59.0,59.0,59.0,58.0,57.0,57.0,57.0,57.0
1791041122.6,rest,59.0,65.0,3500,8.18,446,0,59.0,56.0,3.0,59.0,56.0,58.0,59.0,59.0,59.0,58.0,58.0,58.0,58.0
1791041123.6,rest,59.0,65.0,3500,3.18,484,0,59.0,56.0,3.0,57.0,56.0,59.0,57.0,57.0,57.0,58.0,58.0,58.0,58.0
1791041124.6,rest,59.0,65.0,3500,3.0,465,0,59.0,56.0,3.0,57.0,56.0,59.0,59.0,57.0,57.0,58.0,58.0,58.0,58.0
1791041125.6,rest,59.0,65.0,3500,3.47,502,0,59.0,56.0,3.0,57.0,56.0,59.0,59.0,58.0,58.0,57.0,57.0,57.0,57.0
1791041126.6,rest,58.0,65.0,3500,3.17,497,0,58.0,56.0,2.0,57.0,56.0,57.0,56.0,56.0,57.0,57.0,58.0,58.0,58.0
1791041127.6,rest,59.0,65.0,3500,4.18,452,0,59.0,55.0,4.0,56.0,55.0,59.0,59.0,58.0,58.0,55.0,57.0,57.0,57.0
1791041128.7,rest,58.0,64.0,3500,3.11,503,0,57.0,55.0,2.0,56.0,56.0,57.0,57.0,57.0,57.0,55.0,57.0,57.0,57.0
1791041129.7,rest,59.0,64.0,3500,3.34,476,0,59.0,55.0,4.0,58.0,55.0,57.0,59.0,59.0,59.0,57.0,56.0,56.0,56.0
1791041130.7,rest,59.0,64.0,3500,3.14,471,0,57.0,55.0,2.0,57.0,56.0,57.0,57.0,57.0,57.0,56.0,56.0,55.0,55.0
1791041131.7,rest,59.0,64.0,3500,3.1,463,0,57.0,55.0,2.0,56.0,55.0,57.0,56.0,57.0,57.0,56.0,55.0,55.0,55.0
1791041132.7,rest,57.0,64.0,3500,3.52,467,0,57.0,55.0,2.0,56.0,55.0,57.0,56.0,56.0,57.0,56.0,57.0,57.0,57.0
1791041133.7,rest,57.0,64.0,3500,3.31,554,0,57.0,55.0,2.0,56.0,56.0,57.0,57.0,57.0,57.0,55.0,55.0,55.0,55.0
1791041134.8,rest,61.0,64.0,3500,3.29,1191,0,57.0,55.0,2.0,57.0,57.0,57.0,57.0,57.0,57.0,55.0,55.0,55.0,55.0
1791041135.8,rest,57.0,64.0,3500,3.18,536,0,57.0,55.0,2.0,56.0,56.0,57.0,57.0,57.0,57.0,55.0,55.0,55.0,55.0
1791041136.8,rest,57.0,64.0,3500,3.06,528,0,57.0,55.0,2.0,56.0,55.0,57.0,56.0,56.0,57.0,55.0,55.0,55.0,55.0
1791041137.8,rest,58.0,64.0,3500,3.37,481,0,57.0,55.0,2.0,55.0,55.0,56.0,56.0,57.0,57.0,55.0,55.0,55.0,55.0
1791041138.8,rest,57.0,64.0,3500,3.25,452,0,56.0,55.0,1.0,56.0,55.0,56.0,56.0,56.0,56.0,56.0,56.0,56.0,56.0
1791041139.8,rest,57.0,64.0,3500,3.04,437,0,57.0,55.0,2.0,55.0,55.0,57.0,57.0,57.0,57.0,55.0,55.0,55.0,55.0
1791041140.8,rest,57.0,64.0,3500,2.96,476,0,57.0,53.0,4.0,53.0,55.0,57.0,56.0,56.0,56.0,54.0,54.0,54.0,54.0
1791041141.9,rest,77.0,63.0,3500,3.29,2641,0,73.0,61.0,12.0,68.0,73.0,61.0,61.0,61.0,61.0,64.0,64.0,64.0,64.0
1791041142.9,rest,56.0,63.0,3500,8.08,499,0,56.0,54.0,2.0,56.0,56.0,56.0,56.0,56.0,56.0,54.0,54.0,54.0,55.0
1791041143.9,rest,57.0,63.0,3500,3.27,503,0,57.0,55.0,2.0,56.0,55.0,57.0,56.0,56.0,56.0,55.0,55.0,55.0,55.0
1791041144.9,rest,56.0,63.0,3500,3.05,449,0,56.0,55.0,1.0,56.0,55.0,56.0,56.0,56.0,56.0,55.0,55.0,55.0,55.0
1791041145.9,rest,57.0,63.0,3500,3.06,473,0,56.0,54.0,2.0,55.0,55.0,56.0,56.0,56.0,56.0,54.0,54.0,54.0,55.0
1791041146.9,rest,57.0,63.0,3500,3.25,472,0,56.0,54.0,2.0,56.0,55.0,56.0,56.0,56.0,56.0,54.0,54.0,54.0,54.0
1791041148.0,rest,57.0,63.0,3500,3.2,506,0,56.0,54.0,2.0,54.0,55.0,56.0,56.0,56.0,56.0,54.0,54.0,54.0,54.0
1791041149.0,rest,57.0,63.0,3500,3.16,442,0,56.0,54.0,2.0,54.0,55.0,56.0,56.0,56.0,56.0,54.0,54.0,54.0,54.0
1791041150.0,rest,57.0,63.0,3500,3.35,439,0,56.0,53.0,3.0,54.0,53.0,56.0,56.0,56.0,56.0,54.0,54.0,54.0,54.0
1791041151.0,rest,55.0,63.0,3500,3.0,489,0,56.0,54.0,2.0,54.0,55.0,55.0,55.0,56.0,56.0,54.0,54.0,54.0,54.0
1791041152.0,rest,56.0,62.0,3500,2.94,456,0,56.0,54.0,2.0,54.0,55.0,56.0,56.0,56.0,56.0,54.0,54.0,54.0,54.0
1791041153.1,rest,55.0,62.0,3500,3.25,490,0,56.0,53.0,3.0,54.0,53.0,56.0,56.0,56.0,56.0,55.0,54.0,54.0,54.0
1791041154.1,rest,55.0,62.0,3500,2.93,505,0,56.0,53.0,3.0,54.0,55.0,54.0,54.0,56.0,54.0,54.0,54.0,53.0,53.0
1791041155.1,rest,55.0,62.0,3500,3.51,449,0,55.0,54.0,1.0,54.0,55.0,55.0,55.0,55.0,55.0,54.0,54.0,54.0,54.0
1791041156.1,rest,55.0,62.0,3500,3.01,563,0,55.0,53.0,2.0,55.0,53.0,54.0,54.0,54.0,54.0,53.0,53.0,53.0,53.0
1791041157.1,rest,56.0,62.0,3500,4.25,915,0,59.0,54.0,5.0,55.0,59.0,54.0,54.0,56.0,56.0,56.0,56.0,56.0,56.0
1791041158.1,rest,55.0,62.0,3500,3.03,483,0,55.0,53.0,2.0,53.0,53.0,55.0,55.0,55.0,55.0,54.0,54.0,54.0,54.0
1791041159.2,rest,55.0,62.0,3500,3.24,521,0,55.0,53.0,2.0,54.0,53.0,54.0,54.0,54.0,55.0,53.0,53.0,53.0,53.0
1791041160.2,rest,55.0,62.0,3500,3.14,426,0,56.0,53.0,3.0,54.0,53.0,55.0,55.0,56.0,55.0,54.0,53.0,53.0,53.0
1791041161.2,rest,55.0,61.0,3500,3.39,457,0,55.0,52.0,3.0,54.0,52.0,55.0,55.0,55.0,55.0,54.0,54.0,54.0,54.0
1791041162.2,rest,56.0,62.0,3500,8.44,591,0,56.0,53.0,3.0,53.0,54.0,56.0,56.0,55.0,55.0,54.0,54.0,54.0,54.0
1791041163.2,rest,55.0,62.0,3500,2.95,441,0,56.0,52.0,4.0,53.0,52.0,56.0,56.0,55.0,55.0,53.0,53.0,53.0,53.0
1791041164.2,rest,56.0,62.0,3500,3.25,427,0,55.0,52.0,3.0,53.0,52.0,55.0,55.0,55.0,55.0,53.0,53.0,53.0,53.0
1791041165.2,rest,55.0,62.0,3500,3.48,448,0,56.0,52.0,4.0,54.0,52.0,56.0,56.0,55.0,55.0,54.0,54.0,53.0,53.0
1791041166.3,rest,56.0,62.0,3500,3.0,530,0,55.0,52.0,3.0,54.0,52.0,55.0,55.0,55.0,55.0,54.0,54.0,53.0,53.0
1791041167.3,rest,55.0,62.0,3500,3.49,435,0,55.0,52.0,3.0,53.0,52.0,55.0,55.0,55.0,54.0,53.0,53.0,53.0,53.0
1791041168.3,rest,55.0,61.0,3500,3.0,465,0,55.0,52.0,3.0,53.0,52.0,55.0,54.0,54.0,54.0,53.0,53.0,53.0,53.0
1791041169.3,rest,54.0,61.0,3500,3.33,558,0,54.0,52.0,2.0,53.0,52.0,54.0,54.0,54.0,54.0,54.0,53.0,53.0,53.0
1791041170.3,rest,55.0,61.0,3500,3.13,461,0,54.0,52.0,2.0,53.0,52.0,54.0,54.0,53.0,54.0,53.0,53.0,53.0,53.0
1791041171.3,rest,54.0,61.0,3500,3.07,534,0,55.0,52.0,3.0,53.0,52.0,53.0,54.0,54.0,55.0,53.0,53.0,53.0,52.0
1791041172.4,rest,54.0,61.0,3500,2.93,497,0,54.0,52.0,2.0,52.0,52.0,54.0,54.0,54.0,54.0,52.0,52.0,52.0,52.0
1791041173.4,rest,54.0,61.0,3500,3.28,446,0,54.0,52.0,2.0,54.0,52.0,53.0,53.0,53.0,53.0,53.0,53.0,53.0,53.0
1791041174.4,rest,54.0,61.0,3500,3.15,476,0,53.0,52.0,1.0,53.0,52.0,53.0,53.0,53.0,53.0,53.0,53.0,53.0,53.0
1791041175.4,rest,54.0,61.0,3500,3.07,439,0,54.0,51.0,3.0,52.0,52.0,54.0,53.0,53.0,53.0,51.0,51.0,53.0,53.0
1791041176.4,rest,53.0,61.0,3500,3.14,451,0,53.0,51.0,2.0,52.0,51.0,53.0,52.0,52.0,52.0,51.0,51.0,51.0,51.0
1791041177.4,rest,54.0,61.0,3500,3.32,581,0,53.0,51.0,2.0,53.0,51.0,53.0,53.0,53.0,53.0,51.0,51.0,51.0,51.0
1791041178.5,rest,53.0,61.0,3500,3.25,548,0,54.0,51.0,3.0,52.0,51.0,54.0,54.0,53.0,53.0,51.0,51.0,51.0,51.0
1791041179.5,rest,54.0,61.0,3500,3.53,539,0,53.0,51.0,2.0,53.0,51.0,53.0,53.0,53.0,53.0,53.0,53.0,53.0,53.0
1791041180.5,rest,54.0,61.0,3500,3.12,510,0,53.0,51.0,2.0,52.0,52.0,53.0,53.0,53.0,53.0,51.0,53.0,53.0,53.0
1791041181.5,rest,54.0,60.0,3500,3.14,441,0,53.0,52.0,1.0,52.0,52.0,53.0,53.0,53.0,53.0,53.0,53.0,53.0,53.0
1791041182.5,rest,53.0,61.0,3500,8.18,487,0,53.0,52.0,1.0,52.0,52.0,53.0,53.0,53.0,53.0,53.0,53.0,53.0,53.0
1791041183.5,rest,54.0,61.0,3500,3.29,433,0,53.0,51.0,2.0,52.0,51.0,53.0,53.0,53.0,53.0,52.0,52.0,52.0,52.0
1791041184.6,rest,53.0,60.0,3500,3.34,469,0,54.0,51.0,3.0,52.0,52.0,54.0,53.0,53.0,53.0,51.0,51.0,51.0,51.0
1791041185.6,rest,54.0,60.0,3500,3.42,433,0,53.0,51.0,2.0,51.0,51.0,53.0,52.0,52.0,52.0,51.0,51.0,51.0,51.0
1791041186.6,rest,54.0,60.0,3500,3.13,475,0,53.0,51.0,2.0,51.0,52.0,53.0,53.0,53.0,53.0,52.0,52.0,52.0,52.0
1791041187.6,rest,53.0,60.0,3500,4.04,471,0,53.0,51.0,2.0,52.0,51.0,53.0,53.0,52.0,52.0,51.0,51.0,51.0,51.0
1791041188.6,rest,54.0,60.0,3500,2.96,494,0,53.0,51.0,2.0,52.0,52.0,53.0,53.0,51.0,52.0,51.0,51.0,51.0,51.0
1791041189.6,rest,53.0,60.0,3500,3.34,464,0,53.0,50.0,3.0,50.0,52.0,53.0,53.0,53.0,53.0,51.0,51.0,51.0,51.0
1791041190.7,rest,53.0,60.0,3500,3.23,456,0,53.0,51.0,2.0,51.0,51.0,53.0,53.0,53.0,53.0,52.0,52.0,52.0,51.0
1791041191.7,rest,54.0,60.0,3500,3.36,476,0,53.0,49.0,4.0,52.0,49.0,53.0,53.0,53.0,53.0,51.0,51.0,51.0,51.0
1791041192.7,rest,54.0,60.0,3500,3.19,452,0,53.0,50.0,3.0,50.0,51.0,53.0,52.0,52.0,53.0,51.0,51.0,51.0,51.0
1791041193.7,rest,53.0,60.0,3500,3.3,481,0,55.0,51.0,4.0,51.0,51.0,55.0,53.0,53.0,53.0,51.0,51.0,51.0,51.0
1791041194.7,rest,53.0,60.0,3500,3.02,476,0,53.0,51.0,2.0,51.0,51.0,53.0,53.0,53.0,53.0,51.0,51.0,51.0,51.0
1791041195.7,rest,52.0,60.0,3500,2.97,490,0,53.0,49.0,4.0,51.0,49.0,52.0,52.0,52.0,53.0,51.0,51.0,51.0,51.0
1791041196.8,rest,53.0,60.0,3500,3.1,505,0,53.0,50.0,3.0,51.0,50.0,53.0,53.0,53.0,53.0,50.0,50.0,50.0,50.0
1791041197.8,rest,53.0,60.0,3500,3.68,514,0,53.0,51.0,2.0,52.0,51.0,52.0,52.0,52.0,53.0,51.0,51.0,51.0,51.0
1791041198.8,rest,54.0,60.0,3500,3.06,491,0,53.0,49.0,4.0,51.0,49.0,53.0,53.0,52.0,52.0,51.0,51.0,51.0,51.0
1791041199.8,rest,53.0,60.0,3500,3.08,557,0,52.0,49.0,3.0,49.0,49.0,52.0,52.0,52.0,52.0,51.0,51.0,51.0,51.0
1791041200.8,rest,53.0,60.0,3500,3.14,463,0,53.0,49.0,4.0,51.0,49.0,53.0,53.0,53.0,53.0,51.0,51.0,51.0,51.0
1791041201.8,rest,53.0,60.0,3500,3.04,528,0,53.0,50.0,3.0,51.0,51.0,53.0,52.0,52.0,52.0,50.0,50.0,50.0,51.0
1791041202.9,rest,54.0,60.0,3500,8.33,517,0,53.0,51.0,2.0,52.0,51.0,53.0,53.0,53.0,53.0,51.0,51.0,51.0,51.0
1791041203.9,rest,53.0,60.0,3500,3.31,521,0,53.0,50.0,3.0,51.0,50.0,52.0,52.0,52.0,53.0,51.0,50.0,50.0,50.0
1791041204.9,rest,53.0,60.0,3500,3.11,503,0,53.0,49.0,4.0,52.0,49.0,53.0,53.0,53.0,53.0,51.0,51.0,51.0,51.0
1791041205.9,rest,53.0,60.0,3500,3.29,503,0,53.0,49.0,4.0,49.0,50.0,53.0,53.0,53.0,53.0,50.0,51.0,51.0,51.0
1791041206.9,rest,53.0,60.0,3500,3.23,450,0,53.0,50.0,3.0,51.0,51.0,53.0,53.0,53.0,53.0,50.0,50.0,50.0,50.0
1791041207.9,rest,53.0,60.0,3500,3.18,463,0,53.0,49.0,4.0,51.0,49.0,53.0,53.0,53.0,52.0,50.0,50.0,50.0,51.0
1791041209.0,rest,53.0,59.0,3500,3.48,507,0,53.0,51.0,2.0,51.0,51.0,52.0,53.0,53.0,53.0,51.0,51.0,51.0,51.0
1791041210.0,rest,53.0,59.0,3500,3.41,485,0,53.0,50.0,3.0,51.0,51.0,53.0,52.0,52.0,52.0,50.0,50.0,50.0,50.0
1791041211.0,rest,53.0,59.0,3500,2.96,434,0,53.0,51.0,2.0,51.0,51.0,52.0,53.0,53.0,52.0,51.0,51.0,51.0,51.0
1791041212.0,rest,51.0,59.0,3500,3.07,513,0,53.0,49.0,4.0,51.0,49.0,53.0,53.0,53.0,52.0,49.0,49.0,50.0,50.0
1791041213.0,rest,53.0,59.0,3500,3.3,541,0,53.0,49.0,4.0,51.0,49.0,52.0,53.0,52.0,52.0,50.0,50.0,50.0,50.0
1791041214.0,rest,53.0,59.0,3500,3.36,514,0,51.0,49.0,2.0,50.0,49.0,51.0,51.0,51.0,51.0,49.0,49.0,49.0,50.0
1791041215.0,rest,51.0,59.0,3500,3.35,483,0,53.0,49.0,4.0,51.0,49.0,51.0,51.0,51.0,53.0,50.0,50.0,50.0,50.0
1791041216.1,rest,52.0,59.0,3500,2.94,446,0,52.0,49.0,3.0,51.0,49.0,52.0,52.0,52.0,51.0,50.0,50.0,50.0,50.0
1791041217.1,rest,51.0,59.0,3500,3.11,548,0,52.0,49.0,3.0,51.0,49.0,51.0,51.0,52.0,52.0,50.0,50.0,50.0,50.0
1791041218.1,rest,53.0,59.0,3500,4.23,543,0,52.0,49.0,3.0,50.0,49.0,52.0,52.0,52.0,52.0,50.0,50.0,50.0,50.0
1791041219.1,rest,53.0,59.0,3500,3.05,484,0,52.0,49.0,3.0,49.0,49.0,52.0,52.0,51.0,51.0,50.0,49.0,49.0,49.0
1791041220.1,rest,52.0,59.0,3500,3.2,605,0,52.0,48.0,4.0,51.0,48.0,51.0,51.0,51.0,52.0,50.0,50.0,49.0,49.0
1791041221.1,rest,51.0,59.0,3500,3.38,497,0,51.0,48.0,3.0,51.0,48.0,51.0,51.0,51.0,51.0,50.0,50.0,50.0,50.0
1791041222.2,rest,54.0,59.0,3500,8.12,465,0,53.0,51.0,2.0,51.0,51.0,53.0,53.0,53.0,53.0,52.0,52.0,53.0,53.0
1791041223.2,rest,52.0,59.0,3500,3.28,472,0,53.0,49.0,4.0,51.0,49.0,52.0,53.0,53.0,53.0,50.0,50.0,50.0,50.0
1791041224.2,rest,52.0,59.0,3500,3.11,479,0,52.0,49.0,3.0,50.0,49.0,52.0,51.0,51.0,52.0,49.0,49.0,50.0,50.0
1791041225.2,rest,53.0,59.0,3500,3.28,437,0,52.0,49.0,3.0,50.0,49.0,52.0,51.0,51.0,51.0,50.0,50.0,50.0,50.0
1791041226.2,rest,51.0,59.0,3500,3.1,467,0,52.0,47.0,5.0,50.0,47.0,52.0,52.0,51.0,51.0,49.0,49.0,50.0,50.0
1791041227.2,rest,53.0,59.0,3500,3.06,462,0,51.0,48.0,3.0,51.0,48.0,51.0,51.0,51.0,51.0,49.0,49.0,49.0,49.0
1791041228.3,rest,51.0,59.0,3500,3.32,443,0,51.0,48.0,3.0,50.0,48.0,51.0,51.0,51.0,51.0,50.0,50.0,50.0,50.0
1791041229.3,rest,51.0,58.0,3500,3.08,460,0,51.0,48.0,3.0,51.0,48.0,51.0,51.0,51.0,51.0,50.0,50.0,50.0,50.0
1791041230.3,rest,51.0,58.0,3500,3.08,524,0,51.0,47.0,4.0,51.0,47.0,51.0,51.0,51.0,51.0,50.0,50.0,50.0,50.0
1791041231.3,rest,51.0,58.0,3500,3.54,476,0,51.0,48.0,3.0,49.0,48.0,51.0,51.0,51.0,51.0,50.0,50.0,50.0,50.0
1791041232.3,rest,51.0,58.0,3500,3.06,448,0,51.0,47.0,4.0,50.0,47.0,51.0,51.0,51.0,51.0,50.0,50.0,50.0,50.0
1791041233.3,rest,51.0,58.0,3500,3.29,525,0,51.0,48.0,3.0,51.0,48.0,51.0,51.0,51.0,51.0,50.0,50.0,50.0,50.0
1791041234.3,rest,51.0,58.0,3500,3.12,568,0,51.0,48.0,3.0,51.0,48.0,51.0,49.0,49.0,49.0,49.0,49.0,49.0,49.0
1791041235.4,rest,51.0,58.0,3500,2.96,486,0,51.0,48.0,3.0,49.0,48.0,51.0,51.0,51.0,51.0,50.0,49.0,49.0,49.0
1791041236.4,rest,51.0,58.0,3500,3.11,466,0,51.0,48.0,3.0,48.0,48.0,51.0,51.0,51.0,51.0,49.0,49.0,49.0,50.0
1791041237.4,rest,51.0,58.0,3500,3.45,472,0,51.0,47.0,4.0,50.0,47.0,51.0,51.0,51.0,51.0,50.0,50.0,50.0,50.0
1791041238.4,rest,50.0,58.0,3500,3.2,525,0,51.0,47.0,4.0,50.0,47.0,51.0,51.0,51.0,51.0,49.0,49.0,49.0,49.0
1791041239.4,rest,51.0,58.0,3500,3.52,510,0,51.0,49.0,2.0,50.0,49.0,51.0,51.0,51.0,51.0,49.0,49.0,49.0,49.0
1791041240.4,rest,51.0,58.0,3500,3.07,479,0,51.0,48.0,3.0,49.0,48.0,51.0,51.0,51.0,51.0,49.0,48.0,48.0,48.0
1791041241.5,rest,51.0,58.0,3500,3.24,472,0,51.0,46.0,5.0,49.0,46.0,51.0,51.0,50.0,50.0,48.0,48.0,48.0,48.0
1791041242.5,rest,51.0,58.0,3500,8.0,453,0,51.0,48.0,3.0,51.0,48.0,51.0,51.0,51.0,51.0,50.0,49.0,49.0,49.0
1791041243.5,rest,51.0,58.0,3500,2.88,1135,0,53.0,49.0,4.0,51.0,53.0,51.0,51.0,51.0,51.0,49.0,49.0,49.0,49.0
1791041244.5,rest,50.0,58.0,3500,2.99,541,0,51.0,45.0,6.0,49.0,45.0,51.0,51.0,51.0,51.0,49.0,49.0,49.0,49.0
1791041245.5,rest,51.0,58.0,3500,3.3,527,0,51.0,48.0,3.0,48.0,49.0,51.0,51.0,51.0,51.0,48.0,48.0,48.0,49.0
1791041246.5,rest,51.0,58.0,3500,3.02,436,0,51.0,47.0,4.0,49.0,47.0,51.0,51.0,51.0,51.0,49.0,49.0,49.0,49.0
1791041247.6,rest,51.0,58.0,3300,3.92,489,0,51.0,48.0,3.0,49.0,48.0,51.0,51.0,51.0,51.0,50.0,49.0,49.0,50.0
1791041248.6,rest,51.0,57.0,3300,3.16,429,0,51.0,48.0,3.0,49.0,49.0,51.0,51.0,51.0,51.0,48.0,49.0,49.0,49.0
1791041249.6,rest,50.0,57.0,3300,3.44,448,0,49.0,48.0,1.0,48.0,48.0,49.0,49.0,48.0,49.0,49.0,49.0,49.0,49.0
1791041250.6,rest,50.0,57.0,3300,3.2,433,0,49.0,48.0,1.0,48.0,48.0,49.0,49.0,49.0,48.0,49.0,49.0,49.0,49.0
1791041251.6,rest,51.0,57.0,3300,3.48,481,0,51.0,47.0,4.0,48.0,47.0,49.0,51.0,51.0,51.0,48.0,48.0,48.0,48.0
1791041252.6,rest,50.0,57.0,3300,3.05,489,0,51.0,47.0,4.0,48.0,48.0,51.0,51.0,51.0,51.0,48.0,48.0,47.0,47.0
1791041253.7,rest,51.0,57.0,3300,3.24,487,0,51.0,48.0,3.0,49.0,48.0,51.0,51.0,51.0,51.0,50.0,49.0,49.0,49.0
1791041254.7,rest,50.0,57.0,3300,3.05,480,0,49.0,48.0,1.0,48.0,49.0,49.0,49.0,49.0,49.0,49.0,49.0,49.0,49.0
1791041255.7,rest,51.0,57.0,3300,3.02,501,0,49.0,47.0,2.0,48.0,47.0,49.0,49.0,49.0,49.0,47.0,47.0,48.0,48.0
1791041256.7,rest,50.0,57.0,3300,3.21,450,0,51.0,47.0,4.0,49.0,47.0,51.0,51.0,49.0,49.0,49.0,49.0,49.0,49.0
1791041257.7,rest,50.0,57.0,3300,3.42,452,0,51.0,48.0,3.0,49.0,48.0,51.0,51.0,51.0,51.0,48.0,48.0,48.0,48.0
1791041258.7,rest,50.0,57.0,3300,3.06,500,0,50.0,47.0,3.0,49.0,47.0,49.0,49.0,50.0,50.0,49.0,49.0,49.0,49.0
1791041259.8,rest,49.0,57.0,3300,2.99,435,0,51.0,45.0,6.0,49.0,45.0,49.0,49.0,49.0,51.0,48.0,48.0,48.0,49.0
1791041260.8,rest,50.0,57.0,3300,2.95,467,0,49.0,47.0,2.0,48.0,47.0,49.0,49.0,49.0,49.0,47.0,47.0,47.0,47.0
1791041261.8,rest,49.0,57.0,3300,3.02,485,0,51.0,47.0,4.0,48.0,47.0,51.0,49.0,49.0,49.0,49.0,49.0,49.0,49.0
1791041262.8,rest,50.0,57.0,3300,8.26,531,0,49.0,48.0,1.0,49.0,48.0,49.0,49.0,49.0,49.0,49.0,48.0,48.0,48.0
1791041263.8,rest,51.0,57.0,3300,3.2,438,0,49.0,47.0,2.0,48.0,47.0,49.0,49.0,49.0,49.0,49.0,49.0,49.0,47.0
1791041264.8,rest,50.0,57.0,3300,3.02,457,0,49.0,47.0,2.0,49.0,47.0,49.0,49.0,49.0,49.0,47.0,47.0,48.0,48.0
1791041265.9,rest,50.0,57.0,3300,3.08,425,0,50.0,46.0,4.0,48.0,46.0,50.0,48.0,48.0,49.0,48.0,48.0,48.0,48.0
1791041266.9,rest,50.0,57.0,3300,3.49,471,0,51.0,47.0,4.0,48.0,47.0,51.0,49.0,49.0,49.0,49.0,49.0,49.0,49.0
1791041267.9,rest,50.0,57.0,3300,3.19,458,0,49.0,47.0,2.0,47.0,48.0,49.0,49.0,49.0,49.0,47.0,47.0,47.0,47.0
1791041268.9,rest,49.0,57.0,3300,3.2,491,0,49.0,47.0,2.0,48.0,47.0,49.0,49.0,49.0,49.0,47.0,47.0,47.0,47.0
1791041269.9,rest,49.0,57.0,3300,3.52,449,0,49.0,47.0,2.0,48.0,48.0,48.0,49.0,49.0,49.0,47.0,47.0,47.0,47.0
1791041271.0,rest,50.0,57.0,3300,3.04,438,0,49.0,47.0,2.0,48.0,47.0,48.0,49.0,49.0,48.0,47.0,47.0,47.0,47.0
1791041272.0,rest,49.0,57.0,3300,2.95,463,0,49.0,46.0,3.0,48.0,46.0,49.0,49.0,49.0,48.0,48.0,47.0,48.0,48.0
1791041273.0,rest,49.0,57.0,3300,3.38,464,0,49.0,47.0,2.0,48.0,47.0,49.0,48.0,48.0,48.0,48.0,48.0,48.0,48.0
1791041274.0,rest,49.0,57.0,3300,2.96,452,0,49.0,46.0,3.0,48.0,46.0,48.0,48.0,49.0,49.0,47.0,47.0,47.0,47.0
1791041275.0,rest,49.0,57.0,3300,3.17,453,0,49.0,47.0,2.0,47.0,47.0,48.0,48.0,49.0,49.0,48.0,47.0,47.0,47.0
1791041276.0,rest,49.0,57.0,3300,2.94,447,0,49.0,47.0,2.0,47.0,47.0,49.0,49.0,49.0,49.0,47.0,47.0,47.0,47.0
1791041277.1,rest,49.0,57.0,3300,3.09,453,0,48.0,47.0,1.0,48.0,47.0,48.0,48.0,48.0,48.0,47.0,47.0,47.0,47.0
1791041278.1,rest,49.0,57.0,3300,4.13,479,0,49.0,48.0,1.0,48.0,48.0,49.0,49.0,49.0,49.0,49.0,49.0,49.0,49.0
1791041279.1,rest,49.0,57.0,3300,3.17,537,0,48.0,47.0,1.0,48.0,47.0,48.0,48.0,48.0,48.0,48.0,47.0,47.0,47.0
1791041280.1,rest,49.0,57.0,3300,3.23,489,0,51.0,47.0,4.0,48.0,47.0,48.0,48.0,48.0,51.0,48.0,48.0,48.0,47.0
1791041281.1,rest,50.0,57.0,3300,3.2,466,0,49.0,45.0,4.0,45.0,47.0,49.0,49.0,49.0,49.0,47.0,47.0,47.0,47.0
1791041282.1,rest,52.0,57.0,3300,8.2,425,0,51.0,48.0,3.0,51.0,48.0,51.0,51.0,51.0,51.0,50.0,50.0,49.0,49.0
1791041283.1,rest,49.0,57.0,3300,3.26,503,0,49.0,46.0,3.0,47.0,46.0,49.0,49.0,49.0,48.0,47.0,48.0,48.0,48.0
1791041284.2,rest,49.0,57.0,3300,3.1,485,0,49.0,47.0,2.0,48.0,47.0,48.0,48.0,48.0,48.0,47.0,47.0,49.0,49.0
1791041285.2,rest,49.0,57.0,3300,3.3,450,0,49.0,47.0,2.0,47.0,47.0,49.0,49.0,49.0,49.0,47.0,47.0,47.0,47.0
1791041286.2,rest,49.0,57.0,3300,2.94,467,0,48.0,46.0,2.0,47.0,46.0,48.0,48.0,48.0,48.0,47.0,47.0,47.0,47.0
1791041287.2,rest,50.0,57.0,3300,5.16,499,0,51.0,47.0,4.0,48.0,47.0,49.0,51.0,51.0,49.0,47.0,47.0,47.0,47.0
1791041288.2,rest,49.0,57.0,3300,3.46,429,0,49.0,47.0,2.0,47.0,47.0,49.0,48.0,48.0,49.0,47.0,47.0,47.0,47.0
1791041289.3,rest,49.0,57.0,3300,6.4,442,0,50.0,47.0,3.0,47.0,47.0,49.0,49.0,48.0,48.0,50.0,50.0,50.0,50.0
1791041290.3,rest,49.0,57.0,3300,3.9,499,0,48.0,47.0,1.0,47.0,47.0,48.0,48.0,48.0,48.0,48.0,47.0,47.0,47.0
1791041291.3,rest,48.0,57.0,3300,3.13,469,0,49.0,46.0,3.0,47.0,46.0,49.0,49.0,49.0,49.0,48.0,48.0,47.0,47.0
1791041292.3,rest,50.0,57.0,3300,3.32,746,0,49.0,47.0,2.0,47.0,47.0,49.0,49.0,48.0,48.0,47.0,47.0,47.0,47.0
1791041293.3,rest,49.0,57.0,3300,3.13,520,0,49.0,47.0,2.0,48.0,47.0,48.0,49.0,49.0,49.0,47.0,47.0,47.0,47.0
1791041294.3,rest,49.0,57.0,3300,3.69,490,0,51.0,47.0,4.0,47.0,47.0,51.0,51.0,51.0,51.0,47.0,47.0,47.0,47.0
1791041295.4,rest,50.0,57.0,3300,3.42,442,0,51.0,47.0,4.0,48.0,47.0,51.0,49.0,49.0,49.0,47.0,47.0,47.0,47.0
1791041296.4,rest,49.0,57.0,3300,3.24,480,0,48.0,46.0,2.0,47.0,46.0,48.0,48.0,48.0,48.0,47.0,47.0,47.0,47.0
1791041297.4,rest,50.0,57.0,3300,3.19,437,0,48.0,45.0,3.0,47.0,45.0,48.0,48.0,48.0,48.0,47.0,47.0,47.0,47.0
1791041298.4,rest,49.0,57.0,3300,3.12,478,0,49.0,45.0,4.0,48.0,45.0,49.0,48.0,48.0,48.0,47.0,46.0,46.0,46.0
1791041299.4,rest,48.0,57.0,3300,3.2,496,0,49.0,46.0,3.0,48.0,46.0,49.0,49.0,49.0,49.0,47.0,47.0,47.0,47.0
1791041300.4,rest,49.0,57.0,3300,3.75,513,0,49.0,45.0,4.0,47.0,45.0,48.0,48.0,49.0,49.0,47.0,47.0,47.0,47.0
1791041301.5,rest,49.0,57.0,3300,4.07,535,0,48.0,47.0,1.0,48.0,47.0,48.0,48.0,48.0,48.0,47.0,47.0,47.0,47.0
1791041302.5,rest,49.0,57.0,3300,8.21,444,0,49.0,47.0,2.0,48.0,47.0,49.0,49.0,49.0,49.0,48.0,48.0,48.0,48.0
1791041303.5,rest,48.0,57.0,3300,3.41,464,0,49.0,47.0,2.0,47.0,47.0,48.0,48.0,48.0,49.0,47.0,47.0,47.0,47.0
1791041304.5,rest,49.0,57.0,3300,3.25,473,0,48.0,45.0,3.0,48.0,45.0,48.0,48.0,48.0,48.0,47.0,47.0,47.0,47.0
1791041305.5,rest,48.0,57.0,3300,3.39,488,0,49.0,46.0,3.0,48.0,46.0,49.0,49.0,49.0,49.0,47.0,47.0,47.0,47.0
1791041306.5,rest,49.0,56.0,3300,3.17,467,0,48.0,47.0,1.0,47.0,47.0,48.0,48.0,48.0,48.0,47.0,47.0,47.0,47.0
1791041307.6,rest,48.0,56.0,3300,3.46,519,0,49.0,45.0,4.0,49.0,45.0,48.0,48.0,48.0,49.0,47.0,47.0,47.0,47.0
1791041308.6,rest,49.0,56.0,3300,3.92,505,0,47.0,46.0,1.0,47.0,46.0,47.0,47.0,47.0,47.0,47.0,47.0,47.0,47.0
1791041309.6,rest,48.0,56.0,3300,3.07,519,0,49.0,45.0,4.0,48.0,45.0,49.0,49.0,49.0,48.0,47.0,47.0,47.0,47.0
1791041310.6,rest,48.0,56.0,3300,3.09,542,0,48.0,47.0,1.0,48.0,47.0,48.0,48.0,47.0,47.0,47.0,47.0,47.0,47.0
1791041311.6,rest,49.0,56.0,3300,3.31,458,0,47.0,47.0,0.0,47.0,47.0,47.0,47.0,47.0,47.0,47.0,47.0,47.0,47.0
1791041312.6,rest,48.0,56.0,3300,3.14,487,0,48.0,45.0,3.0,47.0,45.0,48.0,48.0,48.0,48.0,47.0,46.0,47.0,47.0
1791041313.7,rest,49.0,56.0,3300,3.37,475,0,48.0,46.0,2.0,47.0,46.0,48.0,48.0,48.0,48.0,47.0,47.0,47.0,47.0
1791041314.7,rest,49.0,56.0,3300,3.07,459,0,48.0,45.0,3.0,47.0,45.0,48.0,48.0,48.0,48.0,46.0,46.0,46.0,46.0
1791041315.7,rest,49.0,56.0,3300,3.54,689,0,48.0,46.0,2.0,47.0,47.0,48.0,48.0,48.0,48.0,47.0,47.0,46.0,46.0
1791041316.7,rest,49.0,56.0,3300,3.46,430,0,48.0,46.0,2.0,47.0,47.0,48.0,48.0,48.0,48.0,47.0,47.0,47.0,46.0
1791041317.7,rest,49.0,56.0,3300,3.45,537,0,48.0,46.0,2.0,48.0,47.0,47.0,47.0,47.0,47.0,47.0,47.0,46.0,46.0
1791041318.7,rest,49.0,56.0,3300,3.24,516,0,48.0,45.0,3.0,47.0,45.0,48.0,48.0,48.0,48.0,47.0,47.0,47.0,47.0
1791041319.7,rest,48.0,56.0,3300,3.03,494,0,47.0,45.0,2.0,47.0,45.0,47.0,47.0,47.0,47.0,46.0,47.0,47.0,47.0
1791041320.8,rest,49.0,56.0,3300,3.34,474,0,48.0,45.0,3.0,45.0,47.0,47.0,48.0,48.0,48.0,46.0,46.0,46.0,46.0
1791041321.8,rest,48.0,56.0,3300,3.16,428,0,48.0,45.0,3.0,45.0,45.0,47.0,47.0,48.0,48.0,47.0,46.0,46.0,46.0
1791041322.8,rest,49.0,56.0,3300,8.22,481,0,48.0,45.0,3.0,45.0,45.0,48.0,48.0,48.0,48.0,47.0,47.0,47.0,47.0
1791041323.8,rest,48.0,56.0,3300,3.57,426,0,48.0,44.0,4.0,44.0,47.0,48.0,48.0,47.0,47.0,46.0,47.0,47.0,46.0
1791041324.8,rest,49.0,56.0,3300,3.44,533,0,48.0,46.0,2.0,47.0,47.0,48.0,48.0,47.0,48.0,46.0,47.0,47.0,47.0
1791041325.9,rest,50.0,56.0,3300,3.3,421,0,47.0,46.0,1.0,47.0,46.0,47.0,47.0,47.0,47.0,46.0,46.0,46.0,46.0
1791041326.9,rest,48.0,56.0,3300,3.35,457,0,48.0,45.0,3.0,47.0,45.0,48.0,48.0,47.0,47.0,46.0,45.0,45.0,45.0
1791041327.9,rest,47.0,56.0,3300,3.14,485,0,48.0,45.0,3.0,46.0,47.0,48.0,48.0,48.0,47.0,47.0,47.0,47.0,45.0
1791041328.9,rest,47.0,56.0,3300,3.43,519,0,49.0,46.0,3.0,47.0,46.0,48.0,48.0,48.0,49.0,46.0,47.0,47.0,47.0
1791041329.9,rest,49.0,56.0,3300,3.29,465,0,48.0,45.0,3.0,47.0,45.0,48.0,48.0,48.0,48.0,47.0,47.0,45.0,45.0
1791041330.9,rest,48.0,56.0,3300,3.05,515,0,47.0,45.0,2.0,46.0,45.0,47.0,47.0,47.0,47.0,46.0,46.0,45.0,45.0
1791041332.0,rest,47.0,56.0,3300,3.43,465,0,48.0,45.0,3.0,45.0,45.0,48.0,47.0,47.0,47.0,47.0,47.0,46.0,46.0
1791041333.0,rest,48.0,56.0,3300,3.15,453,0,48.0,46.0,2.0,47.0,46.0,48.0,46.0,46.0,46.0,46.0,46.0,46.0,46.0
1791041334.0,rest,49.0,56.0,3300,3.05,492,0,48.0,46.0,2.0,47.0,46.0,48.0,48.0,48.0,48.0,46.0,46.0,46.0,46.0
1791041335.0,rest,47.0,55.0,3300,3.37,458,0,47.0,45.0,2.0,47.0,45.0,47.0,47.0,47.0,47.0,46.0,46.0,47.0,47.0
1791041336.0,rest,47.0,55.0,3300,3.01,456,0,48.0,45.0,3.0,47.0,45.0,48.0,47.0,47.0,48.0,47.0,47.0,47.0,47.0
1791041337.0,rest,47.0,55.0,3300,3.15,449,0,48.0,46.0,2.0,48.0,47.0,47.0,47.0,48.0,48.0,46.0,46.0,46.0,46.0
1791041338.1,rest,47.0,55.0,3300,3.94,482,0,48.0,45.0,3.0,45.0,47.0,48.0,48.0,47.0,47.0,45.0,45.0,45.0,45.0
1791041339.1,rest,48.0,55.0,3300,3.26,468,0,48.0,45.0,3.0,47.0,45.0,48.0,48.0,47.0,47.0,45.0,45.0,45.0,45.0
1791041340.1,rest,48.0,55.0,3300,3.44,477,0,49.0,45.0,4.0,48.0,45.0,48.0,48.0,48.0,49.0,47.0,47.0,46.0,46.0
1791041341.1,rest,47.0,55.0,3300,3.37,431,0,48.0,45.0,3.0,47.0,45.0,47.0,48.0,48.0,48.0,45.0,45.0,45.0,46.0
1791041342.1,rest,51.0,55.0,3300,8.43,459,0,51.0,46.0,5.0,46.0,48.0,50.0,50.0,51.0,51.0,49.0,49.0,49.0,47.0
1791041343.1,rest,48.0,55.0,3300,3.08,482,0,48.0,45.0,3.0,46.0,45.0,48.0,48.0,48.0,48.0,46.0,47.0,47.0,47.0
1791041344.2,rest,47.0,55.0,3300,3.09,441,0,47.0,45.0,2.0,46.0,45.0,47.0,47.0,47.0,47.0,46.0,46.0,46.0,46.0
1791041345.2,rest,47.0,55.0,3300,3.16,442,0,48.0,45.0,3.0,47.0,45.0,48.0,47.0,47.0,48.0,47.0,47.0,47.0,46.0
1791041346.2,rest,47.0,55.0,3300,3.08,491,0,48.0,45.0,3.0,47.0,45.0,48.0,48.0,48.0,48.0,45.0,45.0,45.0,45.0
1791041347.2,rest,48.0,55.0,3300,3.43,461,0,48.0,45.0,3.0,47.0,45.0,48.0,48.0,47.0,47.0,45.0,45.0,45.0,45.0
1791041348.2,rest,48.0,55.0,3300,3.27,460,0,47.0,45.0,2.0,46.0,45.0,47.0,47.0,47.0,47.0,45.0,45.0,47.0,47.0
1791041349.2,rest,49.0,55.0,3300,3.29,458,0,48.0,45.0,3.0,47.0,46.0,47.0,47.0,48.0,48.0,45.0,45.0,45.0,45.0
1791041350.3,rest,48.0,55.0,3300,3.11,432,0,47.0,44.0,3.0,44.0,45.0,47.0,47.0,47.0,47.0,44.0,44.0,45.0,45.0
1791041351.3,rest,47.0,55.0,3300,3.14,448,0,48.0,45.0,3.0,46.0,45.0,45.0,47.0,47.0,48.0,46.0,46.0,46.0,45.0
1791041352.3,rest,47.0,55.0,3300,3.0,432,0,47.0,44.0,3.0,45.0,44.0,47.0,46.0,46.0,46.0,44.0,44.0,45.0,45.0
1791041353.3,rest,47.0,55.0,3300,3.11,493,0,47.0,44.0,3.0,47.0,44.0,47.0,47.0,47.0,46.0,46.0,46.0,46.0,46.0
1791041354.3,rest,47.0,55.0,3300,3.35,486,0,47.0,44.0,3.0,47.0,44.0,46.0,46.0,46.0,47.0,45.0,46.0,46.0,46.0
1791041355.3,rest,48.0,55.0,3300,3.36,462,0,48.0,45.0,3.0,46.0,45.0,48.0,46.0,46.0,46.0,45.0,45.0,45.0,45.0
1791041356.4,rest,47.0,55.0,3300,3.16,466,0,48.0,44.0,4.0,47.0,44.0,47.0,46.0,48.0,48.0,45.0,45.0,45.0,45.0
1791041357.4,rest,47.0,55.0,3300,3.14,487,0,47.0,44.0,3.0,45.0,44.0,47.0,47.0,47.0,47.0,45.0,45.0,45.0,45.0
1791041358.4,rest,47.0,55.0,3300,3.0,428,0,46.0,44.0,2.0,46.0,45.0,46.0,46.0,46.0,46.0,44.0,44.0,44.0,44.0
1791041359.4,rest,47.0,55.0,3300,3.4,464,0,47.0,45.0,2.0,46.0,45.0,47.0,47.0,47.0,47.0,45.0,45.0,45.0,45.0
1791041360.4,rest,47.0,55.0,3300,3.24,475,0,47.0,44.0,3.0,46.0,44.0,47.0,47.0,47.0,46.0,45.0,45.0,45.0,45.0
1791041361.4,rest,47.0,55.0,3300,3.31,436,0,47.0,44.0,3.0,45.0,44.0,46.0,47.0,47.0,47.0,45.0,45.0,45.0,45.0
1791041362.5,rest,49.0,55.0,3300,8.16,475,0,47.0,44.0,3.0,47.0,44.0,47.0,47.0,47.0,47.0,45.0,47.0,47.0,47.0
1791041363.5,rest,48.0,55.0,3300,3.24,480,0,47.0,44.0,3.0,47.0,44.0,47.0,47.0,47.0,47.0,45.0,45.0,45.0,45.0
1791041364.5,rest,47.0,55.0,3300,3.16,486,0,47.0,44.0,3.0,46.0,45.0,47.0,47.0,47.0,47.0,44.0,45.0,45.0,45.0
1791041365.5,rest,47.0,55.0,3300,3.33,448,0,47.0,45.0,2.0,45.0,45.0,46.0,46.0,47.0,47.0,45.0,45.0,45.0,45.0
1791041366.5,rest,47.0,55.0,3300,3.68,941,0,48.0,44.0,4.0,47.0,44.0,48.0,47.0,47.0,47.0,46.0,45.0,45.0,45.0
1791041367.5,rest,47.0,55.0,3300,3.65,433,0,48.0,44.0,4.0,47.0,44.0,47.0,47.0,48.0,48.0,44.0,44.0,44.0,45.0
1791041368.5,rest,48.0,55.0,3300,6.98,447,0,48.0,45.0,3.0,47.0,45.0,48.0,48.0,48.0,48.0,47.0,47.0,47.0,47.0
1791041369.6,rest,47.0,55.0,3300,4.67,706,0,48.0,44.0,4.0,44.0,44.0,48.0,48.0,48.0,48.0,46.0,46.0,46.0,46.0
1791041370.6,rest,47.0,55.0,3300,5.19,528,0,47.0,45.0,2.0,45.0,45.0,47.0,47.0,47.0,47.0,45.0,45.0,45.0,45.0
1791041371.6,rest,48.0,55.0,3300,5.36,560,0,48.0,44.0,4.0,47.0,44.0,48.0,48.0,48.0,48.0,45.0,45.0,46.0,46.0
1791041372.6,rest,49.0,55.0,3300,6.2,539,0,48.0,44.0,4.0,47.0,44.0,48.0,48.0,48.0,48.0,46.0,46.0,46.0,46.0
1791041373.6,rest,47.0,55.0,3300,3.99,464,0,48.0,45.0,3.0,46.0,45.0,48.0,48.0,48.0,48.0,45.0,45.0,45.0,45.0
1791041374.6,rest,47.0,55.0,3300,4.71,450,0,47.0,45.0,2.0,46.0,45.0,47.0,47.0,47.0,47.0,45.0,45.0,45.0,45.0
1791041375.7,rest,76.0,55.0,3200,15.96,3121,0,72.0,64.0,8.0,72.0,71.0,65.0,65.0,65.0,65.0,64.0,64.0,64.0,64.0
1791041376.7,rest,48.0,57.0,3300,11.15,432,0,48.0,46.0,2.0,47.0,46.0,48.0,48.0,48.0,48.0,46.0,46.0,46.0,46.0
1791041377.7,rest,48.0,57.0,3300,4.15,420,0,49.0,45.0,4.0,47.0,45.0,48.0,48.0,49.0,49.0,47.0,47.0,47.0,46.0
1791041378.7,rest,49.0,57.0,3300,4.03,462,0,47.0,44.0,3.0,44.0,47.0,47.0,47.0,47.0,47.0,46.0,46.0,46.0,46.0
1791041379.7,rest,47.0,57.0,3300,3.61,504,0,48.0,44.0,4.0,44.0,45.0,48.0,48.0,48.0,48.0,46.0,46.0,46.0,46.0
1791041380.7,rest,47.0,57.0,3300,4.12,516,0,48.0,44.0,4.0,45.0,44.0,48.0,48.0,48.0,48.0,47.0,47.0,46.0,45.0
1791041381.8,rest,49.0,57.0,3300,5.22,1503,0,58.0,47.0,11.0,49.0,58.0,49.0,49.0,49.0,49.0,47.0,47.0,47.0,47.0
1791041382.8,rest,48.0,56.0,3300,11.02,499,0,49.0,45.0,4.0,46.0,45.0,49.0,48.0,48.0,48.0,46.0,46.0,47.0,47.0
1791041383.8,rest,48.0,56.0,3300,4.28,653,0,48.0,45.0,3.0,47.0,45.0,48.0,48.0,48.0,48.0,46.0,46.0,46.0,46.0
1791041384.8,rest,48.0,56.0,3300,7.49,566,0,49.0,46.0,3.0,48.0,47.0,48.0,49.0,49.0,49.0,46.0,46.0,46.0,46.0
1791041385.8,rest,49.0,56.0,3300,5.03,573,0,49.0,47.0,2.0,48.0,48.0,49.0,49.0,49.0,49.0,47.0,47.0,47.0,47.0
1791041386.8,rest,49.0,56.0,3300,4.59,512,0,48.0,45.0,3.0,48.0,45.0,48.0,48.0,48.0,48.0,46.0,46.0,46.0,46.0
1791041387.8,rest,49.0,56.0,3300,5.37,483,0,49.0,45.0,4.0,47.0,45.0,48.0,49.0,49.0,48.0,46.0,46.0,46.0,47.0
1791041388.9,rest,50.0,55.0,3300,5.57,1583,0,51.0,46.0,5.0,49.0,47.0,51.0,51.0,51.0,51.0,46.0,46.0,46.0,46.0
1791041389.9,rest,49.0,56.0,3300,6.52,460,0,48.0,45.0,3.0,46.0,45.0,48.0,48.0,48.0,48.0,47.0,47.0,47.0,47.0
1791041390.9,rest,49.0,56.0,3300,4.49,434,0,48.0,45.0,3.0,48.0,45.0,48.0,48.0,48.0,48.0,46.0,46.0,47.0,47.0
1791041391.9,rest,49.0,56.0,3300,4.95,624,0,49.0,45.0,4.0,47.0,45.0,49.0,49.0,49.0,49.0,46.0,46.0,46.0,47.0
1791041392.9,rest,49.0,56.0,3300,4.74,524,0,48.0,45.0,3.0,47.0,45.0,48.0,48.0,48.0,48.0,46.0,46.0,46.0,46.0
1791041394.0,rest,48.0,56.0,3300,5.4,495,0,48.0,45.0,3.0,47.0,45.0,48.0,48.0,48.0,48.0,46.0,46.0,46.0,46.0
1791041395.0,rest,48.0,56.0,3300,4.49,815,0,48.0,45.0,3.0,47.0,45.0,48.0,48.0,48.0,48.0,45.0,45.0,45.0,46.0
1791041396.0,rest,49.0,55.0,3300,4.73,753,0,49.0,44.0,5.0,48.0,44.0,49.0,49.0,49.0,48.0,45.0,45.0,46.0,46.0
1791041397.0,rest,49.0,55.0,3300,4.85,576,0,48.0,45.0,3.0,47.0,45.0,48.0,48.0,48.0,48.0,47.0,47.0,46.0,46.0
1791041398.0,rest,55.0,55.0,3300,6.6,1491,0,52.0,50.0,2.0,51.0,51.0,52.0,52.0,52.0,52.0,50.0,50.0,50.0,50.0
1791041399.0,rest,49.0,56.0,3300,4.43,625,0,48.0,45.0,3.0,48.0,45.0,47.0,47.0,47.0,47.0,46.0,46.0,46.0,46.0
1791041400.0,rest,49.0,56.0,3300,4.67,506,0,48.0,45.0,3.0,47.0,45.0,48.0,48.0,48.0,48.0,46.0,46.0,46.0,46.0
1791041401.1,rest,49.0,56.0,3300,4.42,536,0,47.0,45.0,2.0,47.0,45.0,47.0,47.0,47.0,47.0,47.0,47.0,47.0,47.0
1791041402.1,rest,51.0,56.0,3300,9.75,502,0,51.0,49.0,2.0,51.0,49.0,51.0,49.0,49.0,49.0,50.0,50.0,50.0,50.0
1791041403.1,rest,48.0,56.0,3300,4.7,429,0,48.0,45.0,3.0,46.0,45.0,48.0,48.0,48.0,48.0,47.0,47.0,47.0,47.0
1791041404.1,rest,48.0,56.0,3300,4.62,464,0,48.0,44.0,4.0,47.0,44.0,47.0,48.0,48.0,48.0,47.0,46.0,46.0,46.0
1791041405.1,rest,48.0,56.0,3300,5.16,469,0,48.0,44.0,4.0,47.0,44.0,47.0,47.0,47.0,48.0,46.0,47.0,47.0,47.0
1791041406.1,rest,48.0,56.0,3300,5.02,469,0,48.0,45.0,3.0,46.0,45.0,48.0,48.0,48.0,48.0,46.0,46.0,46.0,46.0
1791041407.2,rest,49.0,56.0,3300,4.8,456,0,47.0,45.0,2.0,47.0,45.0,47.0,47.0,47.0,47.0,46.0,46.0,46.0,46.0
1791041408.2,rest,48.0,56.0,3300,4.43,466,0,48.0,45.0,3.0,47.0,45.0,47.0,48.0,48.0,48.0,47.0,46.0,46.0,46.0
1791041409.2,rest,49.0,55.0,3300,4.48,498,0,48.0,45.0,3.0,47.0,45.0,48.0,47.0,48.0,48.0,46.0,46.0,46.0,46.0
1791041410.2,rest,47.0,55.0,3300,4.4,451,0,48.0,44.0,4.0,47.0,44.0,48.0,48.0,48.0,48.0,46.0,46.0,46.0,46.0
1791041411.2,rest,48.0,55.0,3300,4.96,661,0,48.0,46.0,2.0,46.0,46.0,48.0,48.0,48.0,48.0,46.0,46.0,46.0,46.0
1791041412.2,rest,49.0,55.0,3300,4.15,540,0,48.0,45.0,3.0,47.0,45.0,48.0,46.0,46.0,46.0,45.0,45.0,46.0,46.0
1791041413.2,rest,47.0,55.0,3300,4.5,494,0,49.0,45.0,4.0,47.0,45.0,47.0,47.0,49.0,49.0,45.0,45.0,45.0,45.0
1791041414.3,rest,47.0,55.0,3300,4.78,624,0,48.0,44.0,4.0,47.0,44.0,47.0,48.0,48.0,47.0,46.0,46.0,46.0,46.0
1791041415.3,rest,48.0,55.0,3300,4.48,619,0,48.0,45.0,3.0,47.0,45.0,48.0,48.0,48.0,48.0,46.0,46.0,46.0,46.0
1791041416.3,rest,48.0,55.0,3300,4.81,663,0,48.0,45.0,3.0,48.0,45.0,48.0,48.0,48.0,47.0,46.0,46.0,46.0,46.0
1791041417.3,rest,49.0,55.0,3300,3.99,625,0,48.0,45.0,3.0,45.0,45.0,48.0,48.0,48.0,48.0,45.0,45.0,45.0,46.0
1791041418.3,rest,48.0,55.0,3300,4.22,584,0,48.0,44.0,4.0,45.0,44.0,47.0,48.0,48.0,48.0,45.0,45.0,45.0,45.0
1791041419.3,rest,48.0,55.0,3300,4.71,488,0,48.0,45.0,3.0,47.0,46.0,46.0,46.0,46.0,48.0,46.0,45.0,45.0,45.0
1791041420.4,rest,48.0,55.0,3300,4.29,585,0,48.0,47.0,1.0,47.0,47.0,48.0,48.0,48.0,48.0,47.0,47.0,47.0,47.0
1791041421.4,rest,48.0,55.0,3300,4.87,482,0,48.0,44.0,4.0,46.0,44.0,48.0,48.0,48.0,48.0,46.0,46.0,46.0,46.0
1791041422.4,rest,49.0,55.0,3300,9.12,515,0,49.0,47.0,2.0,48.0,47.0,49.0,49.0,48.0,48.0,47.0,47.0,47.0,47.0
1791041423.4,rest,48.0,55.0,3300,4.42,547,0,48.0,45.0,3.0,45.0,46.0,48.0,48.0,48.0,48.0,47.0,47.0,47.0,47.0
1791041424.4,rest,48.0,55.0,3300,4.23,446,0,48.0,45.0,3.0,46.0,45.0,48.0,48.0,48.0,47.0,46.0,46.0,46.0,46.0
1791041425.4,rest,47.0,55.0,3300,4.21,551,0,48.0,45.0,3.0,47.0,45.0,48.0,48.0,48.0,48.0,46.0,46.0,45.0,45.0
1791041426.5,rest,49.0,55.0,3300,4.73,525,0,48.0,44.0,4.0,46.0,44.0,47.0,47.0,47.0,48.0,46.0,46.0,46.0,46.0
1791041427.5,rest,47.0,55.0,3300,3.83,562,0,48.0,45.0,3.0,47.0,45.0,48.0,48.0,48.0,48.0,45.0,45.0,45.0,45.0
1791041428.5,rest,48.0,55.0,3300,5.15,459,0,48.0,45.0,3.0,48.0,45.0,47.0,47.0,47.0,47.0,46.0,46.0,45.0,45.0
1791041429.5,rest,48.0,55.0,3300,3.89,500,0,49.0,45.0,4.0,45.0,45.0,48.0,48.0,49.0,49.0,46.0,46.0,45.0,45.0
1791041430.5,rest,48.0,55.0,3300,4.36,761,0,49.0,44.0,5.0,46.0,44.0,48.0,48.0,49.0,49.0,46.0,45.0,45.0,45.0
1791041431.5,rest,48.0,55.0,3300,4.25,630,0,48.0,44.0,4.0,48.0,44.0,47.0,47.0,47.0,47.0,45.0,45.0,45.0,45.0
1791041432.5,rest,48.0,55.0,3300,3.88,547,0,48.0,44.0,4.0,47.0,44.0,48.0,48.0,48.0,48.0,45.0,45.0,45.0,45.0
1791041433.6,rest,47.0,55.0,3300,4.26,497,0,48.0,44.0,4.0,47.0,45.0,47.0,48.0,48.0,47.0,44.0,44.0,44.0,44.0
1791041434.6,rest,49.0,55.0,3300,4.51,464,0,48.0,45.0,3.0,47.0,45.0,48.0,47.0,47.0,47.0,45.0,45.0,45.0,45.0
1791041435.6,rest,49.0,55.0,3300,5.62,494,0,49.0,45.0,4.0,47.0,45.0,49.0,48.0,48.0,48.0,47.0,47.0,47.0,47.0
1791041436.6,rest,47.0,55.0,3300,3.84,417,0,48.0,45.0,3.0,47.0,45.0,46.0,47.0,47.0,48.0,46.0,46.0,45.0,45.0
1791041437.6,rest,48.0,55.0,3300,3.59,449,0,48.0,44.0,4.0,47.0,44.0,48.0,48.0,48.0,48.0,44.0,44.0,44.0,44.0
1791041438.6,rest,47.0,55.0,3300,3.87,448,0,48.0,45.0,3.0,47.0,45.0,47.0,48.0,48.0,48.0,45.0,45.0,45.0,45.0
1791041439.7,rest,47.0,55.0,3300,3.71,574,0,47.0,45.0,2.0,46.0,45.0,47.0,47.0,47.0,47.0,46.0,45.0,45.0,45.0
1791041440.7,rest,47.0,55.0,3300,3.35,447,0,47.0,44.0,3.0,47.0,44.0,47.0,47.0,47.0,47.0,44.0,45.0,45.0,45.0
1791041441.7,rest,48.0,55.0,3300,3.48,428,0,48.0,44.0,4.0,46.0,45.0,48.0,47.0,47.0,48.0,44.0,44.0,44.0,45.0
1791041442.7,rest,49.0,55.0,3300,8.36,473,0,48.0,45.0,3.0,47.0,45.0,48.0,47.0,47.0,47.0,46.0,46.0,46.0,47.0
1791041443.7,rest,47.0,55.0,3300,3.23,535,0,47.0,44.0,3.0,44.0,44.0,47.0,47.0,46.0,46.0,46.0,46.0,46.0,46.0
1791041444.7,rest,47.0,55.0,3300,5.29,1206,0,49.0,45.0,4.0,47.0,45.0,49.0,49.0,49.0,49.0,45.0,45.0,45.0,45.0
1791041445.8,rest,55.0,55.0,3300,6.74,2164,0,60.0,48.0,12.0,48.0,60.0,49.0,49.0,49.0,49.0,48.0,48.0,49.0,49.0
1791041446.8,rest,48.0,55.0,3300,5.73,574,0,48.0,44.0,4.0,47.0,45.0,47.0,47.0,47.0,48.0,45.0,45.0,44.0,44.0
1791041447.8,rest,49.0,55.0,3300,4.74,1089,0,55.0,45.0,10.0,54.0,55.0,50.0,50.0,50.0,50.0,45.0,45.0,45.0,45.0
1791041448.8,rest,47.0,55.0,3300,4.48,622,0,48.0,45.0,3.0,48.0,45.0,48.0,48.0,48.0,48.0,45.0,45.0,45.0,45.0
1791041449.8,rest,48.0,55.0,3300,4.23,580,0,47.0,45.0,2.0,47.0,45.0,47.0,47.0,47.0,47.0,45.0,45.0,45.0,45.0
1791041450.8,rest,48.0,55.0,3300,3.96,546,0,47.0,44.0,3.0,47.0,44.0,47.0,47.0,47.0,47.0,46.0,44.0,44.0,44.0
1791041451.8,rest,48.0,55.0,3300,3.89,474,0,48.0,44.0,4.0,47.0,44.0,48.0,48.0,48.0,48.0,45.0,45.0,45.0,45.0
1791041452.8,rest,47.0,54.0,3300,3.55,512,0,48.0,45.0,3.0,47.0,45.0,47.0,48.0,48.0,48.0,47.0,47.0,47.0,45.0
1791041453.9,rest,47.0,54.0,3300,4.47,532,0,47.0,43.0,4.0,43.0,44.0,47.0,47.0,47.0,47.0,46.0,44.0,44.0,44.0
1791041454.9,rest,47.0,54.0,3300,4.58,500,0,48.0,44.0,4.0,46.0,44.0,48.0,47.0,47.0,48.0,47.0,47.0,45.0,45.0
1791041455.9,rest,48.0,54.0,3300,4.3,474,0,48.0,44.0,4.0,46.0,44.0,48.0,48.0,48.0,48.0,46.0,46.0,46.0,46.0
1791041456.9,rest,47.0,54.0,3300,4.2,479,0,48.0,45.0,3.0,47.0,45.0,48.0,48.0,48.0,48.0,45.0,45.0,45.0,45.0
1791041457.9,rest,48.0,54.0,3300,3.78,1295,0,49.0,45.0,4.0,48.0,49.0,48.0,47.0,47.0,47.0,45.0,45.0,45.0,45.0
1791041458.9,rest,46.0,54.0,3300,4.65,425,0,47.0,43.0,4.0,43.0,44.0,47.0,47.0,47.0,47.0,45.0,45.0,45.0,45.0
1791041459.9,rest,47.0,54.0,3300,3.56,467,0,47.0,43.0,4.0,43.0,45.0,47.0,47.0,47.0,47.0,45.0,45.0,45.0,45.0
1791041461.0,rest,47.0,54.0,3300,3.73,468,0,48.0,44.0,4.0,45.0,44.0,47.0,47.0,47.0,48.0,46.0,46.0,45.0,45.0
1791041462.0,rest,73.0,54.0,3300,7.36,2834,0,72.0,53.0,19.0,53.0,72.0,57.0,57.0,57.0,57.0,61.0,61.0,61.0,62.0
1791041463.0,rest,47.0,55.0,3300,5.17,480,0,48.0,45.0,3.0,45.0,45.0,47.0,48.0,48.0,47.0,45.0,46.0,46.0,46.0
1791041464.0,rest,47.0,55.0,3300,4.05,433,0,47.0,45.0,2.0,46.0,45.0,47.0,47.0,47.0,46.0,45.0,46.0,46.0,46.0
1791041465.0,rest,47.0,55.0,3300,3.84,433,0,47.0,44.0,3.0,45.0,44.0,47.0,47.0,47.0,47.0,45.0,45.0,45.0,45.0
1791041466.0,rest,47.0,55.0,3300,4.36,437,0,46.0,44.0,2.0,44.0,44.0,46.0,46.0,46.0,46.0,45.0,45.0,45.0,45.0
1791041467.1,rest,47.0,55.0,3300,3.77,572,0,47.0,44.0,3.0,45.0,44.0,47.0,47.0,47.0,47.0,45.0,45.0,45.0,45.0
1791041468.1,rest,47.0,54.0,3300,4.74,622,0,48.0,44.0,4.0,47.0,44.0,48.0,48.0,48.0,48.0,46.0,46.0,45.0,45.0
1791041469.1,rest,47.0,54.0,3300,4.77,646,0,47.0,44.0,3.0,47.0,45.0,47.0,47.0,47.0,47.0,44.0,44.0,44.0,44.0
1791041470.1,rest,47.0,54.0,3300,3.87,433,0,47.0,44.0,3.0,46.0,44.0,46.0,47.0,47.0,47.0,44.0,44.0,44.0,44.0
1791041471.1,rest,47.0,54.0,3300,3.56,526,0,47.0,44.0,3.0,46.0,44.0,47.0,47.0,47.0,46.0,46.0,44.0,44.0,44.0
1791041472.1,rest,47.0,54.0,3300,4.1,478,0,47.0,44.0,3.0,47.0,44.0,47.0,47.0,47.0,47.0,44.0,44.0,44.0,44.0
1791041473.2,rest,47.0,54.0,3300,4.5,433,0,47.0,44.0,3.0,46.0,44.0,46.0,46.0,47.0,47.0,45.0,44.0,44.0,45.0
1791041474.2,rest,47.0,54.0,3300,4.2,465,0,47.0,44.0,3.0,45.0,44.0,47.0,47.0,47.0,47.0,44.0,44.0,44.0,45.0
1791041475.2,rest,47.0,54.0,3300,3.63,460,0,47.0,44.0,3.0,45.0,44.0,47.0,47.0,47.0,47.0,45.0,44.0,44.0,45.0
1791041476.2,rest,47.0,54.0,3300,4.4,427,0,47.0,44.0,3.0,46.0,45.0,47.0,47.0,47.0,47.0,45.0,45.0,44.0,44.0
1791041477.2,rest,47.0,54.0,3300,3.73,456,0,47.0,44.0,3.0,45.0,45.0,45.0,45.0,45.0,47.0,44.0,44.0,44.0,45.0
1791041478.2,rest,47.0,54.0,3300,3.41,444,0,46.0,44.0,2.0,45.0,44.0,46.0,46.0,46.0,46.0,44.0,44.0,44.0,44.0
1791041479.3,rest,47.0,54.0,3300,3.62,493,0,48.0,44.0,4.0,46.0,44.0,46.0,46.0,48.0,48.0,45.0,45.0,45.0,45.0
1791041480.3,rest,47.0,54.0,3300,3.73,524,0,47.0,44.0,3.0,45.0,44.0,47.0,47.0,47.0,47.0,44.0,44.0,44.0,44.0
1791041481.3,rest,46.0,54.0,3300,3.82,471,0,46.0,44.0,2.0,46.0,44.0,46.0,46.0,46.0,45.0,44.0,44.0,44.0,46.0
1791041482.3,rest,47.0,54.0,3300,8.5,471,0,47.0,45.0,2.0,47.0,45.0,46.0,46.0,47.0,47.0,45.0,46.0,46.0,46.0
1791041483.3,rest,47.0,54.0,3300,3.9,576,0,47.0,44.0,3.0,47.0,44.0,47.0,47.0,47.0,47.0,44.0,44.0,44.0,44.0
1791041484.3,rest,47.0,54.0,3300,4.04,441,0,47.0,44.0,3.0,47.0,44.0,46.0,45.0,45.0,45.0,45.0,45.0,45.0,45.0
1791041485.4,rest,47.0,54.0,3300,3.64,462,0,47.0,43.0,4.0,44.0,45.0,47.0,47.0,46.0,46.0,43.0,45.0,45.0,45.0
1791041486.4,rest,47.0,54.0,3300,4.07,504,0,47.0,44.0,3.0,46.0,44.0,47.0,47.0,47.0,47.0,45.0,45.0,45.0,45.0
1791041487.4,rest,46.0,54.0,3300,3.74,447,0,47.0,44.0,3.0,46.0,44.0,47.0,47.0,47.0,47.0,45.0,45.0,45.0,45.0
1791041488.4,rest,47.0,54.0,3300,4.61,476,0,47.0,44.0,3.0,46.0,44.0,47.0,47.0,47.0,47.0,45.0,45.0,46.0,46.0
1791041489.4,rest,47.0,54.0,3300,3.79,547,0,47.0,43.0,4.0,46.0,44.0,47.0,46.0,46.0,46.0,43.0,43.0,44.0,44.0
1791041490.4,rest,46.0,54.0,3300,3.58,560,0,47.0,44.0,3.0,44.0,44.0,47.0,47.0,46.0,46.0,45.0,45.0,45.0,45.0
1791041491.5,rest,47.0,54.0,3300,3.66,448,0,46.0,44.0,2.0,46.0,44.0,46.0,46.0,45.0,45.0,45.0,44.0,44.0,44.0
1791041492.5,rest,47.0,54.0,3300,3.62,450,0,45.0,44.0,1.0,44.0,44.0,45.0,45.0,45.0,45.0,44.0,44.0,44.0,44.0
1791041493.5,rest,47.0,54.0,3300,3.49,462,0,48.0,44.0,4.0,46.0,44.0,47.0,47.0,47.0,48.0,45.0,44.0,44.0,44.0
1791041494.5,rest,46.0,54.0,3300,3.57,492,0,47.0,44.0,3.0,46.0,44.0,46.0,45.0,47.0,47.0,44.0,44.0,44.0,44.0
1791041495.5,rest,47.0,54.0,3300,3.26,517,0,47.0,44.0,3.0,44.0,44.0,47.0,46.0,46.0,45.0,45.0,45.0,45.0,45.0
1791041496.5,rest,47.0,54.0,3300,4.21,504,0,46.0,44.0,2.0,46.0,44.0,45.0,46.0,46.0,46.0,44.0,44.0,44.0,44.0
1791041497.6,rest,46.0,54.0,3300,3.49,485,0,47.0,44.0,3.0,46.0,44.0,47.0,47.0,47.0,47.0,45.0,45.0,45.0,45.0
1791041498.6,rest,46.0,54.0,3300,3.99,538,0,46.0,43.0,3.0,43.0,44.0,46.0,46.0,45.0,45.0,44.0,44.0,44.0,44.0
1791041499.6,rest,47.0,54.0,3300,3.37,448,0,46.0,43.0,3.0,44.0,43.0,46.0,46.0,45.0,45.0,44.0,44.0,44.0,44.0
1791041500.6,rest,45.0,54.0,3300,3.3,456,0,47.0,44.0,3.0,45.0,44.0,47.0,46.0,46.0,47.0,44.0,44.0,44.0,44.0
1791041501.6,rest,47.0,54.0,3300,3.36,484,0,45.0,44.0,1.0,44.0,45.0,45.0,45.0,45.0,45.0,44.0,44.0,44.0,44.0
1791041502.6,rest,47.0,54.0,3300,8.45,456,0,47.0,44.0,3.0,45.0,45.0,47.0,47.0,46.0,46.0,44.0,44.0,44.0,44.0
1791041503.7,rest,47.0,54.0,3300,3.45,449,0,47.0,44.0,3.0,44.0,44.0,45.0,47.0,47.0,46.0,44.0,44.0,44.0,44.0
1791041504.7,rest,46.0,54.0,3300,3.51,551,0,46.0,43.0,3.0,44.0,43.0,45.0,45.0,46.0,46.0,44.0,44.0,44.0,44.0
1791041505.7,rest,46.0,54.0,3300,3.35,441,0,46.0,44.0,2.0,44.0,44.0,45.0,45.0,46.0,46.0,44.0,44.0,44.0,44.0
1791041506.7,rest,47.0,54.0,3300,4.18,463,0,46.0,43.0,3.0,45.0,44.0,45.0,46.0,46.0,46.0,43.0,43.0,43.0,44.0
1791041507.7,rest,46.0,54.0,3300,3.57,459,0,46.0,44.0,2.0,45.0,44.0,45.0,45.0,45.0,46.0,44.0,44.0,44.0,44.0
1791041508.7,rest,46.0,54.0,3300,3.48,456,0,47.0,43.0,4.0,45.0,43.0,47.0,47.0,47.0,46.0,44.0,44.0,44.0,43.0
1791041509.8,rest,46.0,54.0,3300,3.78,464,0,45.0,44.0,1.0,45.0,44.0,45.0,45.0,45.0,45.0,44.0,44.0,44.0,44.0
1791041510.8,rest,47.0,54.0,3300,3.94,435,0,46.0,44.0,2.0,45.0,44.0,46.0,45.0,45.0,46.0,44.0,45.0,45.0,45.0
1791041511.8,rest,46.0,54.0,3300,3.49,460,0,47.0,44.0,3.0,46.0,44.0,47.0,47.0,46.0,46.0,45.0,44.0,44.0,44.0
1791041512.8,rest,47.0,54.0,3300,3.88,590,0,46.0,44.0,2.0,45.0,44.0,45.0,45.0,45.0,46.0,44.0,44.0,44.0,44.0
1791041513.8,rest,46.0,54.0,3300,3.89,523,0,45.0,43.0,2.0,45.0,44.0,45.0,45.0,45.0,45.0,43.0,43.0,43.0,43.0
1791041514.8,rest,45.0,54.0,3300,3.61,508,0,45.0,44.0,1.0,44.0,44.0,45.0,45.0,45.0,45.0,44.0,44.0,44.0,44.0
1791041515.8,rest,46.0,54.0,3300,3.83,456,0,45.0,43.0,2.0,45.0,44.0,45.0,45.0,45.0,45.0,43.0,44.0,44.0,44.0
1791041516.9,rest,46.0,54.0,3300,3.64,481,0,47.0,43.0,4.0,45.0,44.0,45.0,47.0,47.0,47.0,43.0,43.0,43.0,43.0
1791041517.9,rest,47.0,54.0,3300,3.51,491,0,46.0,44.0,2.0,46.0,44.0,46.0,46.0,46.0,46.0,44.0,44.0,44.0,44.0
1791041518.9,rest,46.0,54.0,3300,4.45,497,0,45.0,43.0,2.0,44.0,44.0,45.0,45.0,45.0,45.0,43.0,43.0,43.0,43.0
1791041519.9,rest,45.0,54.0,3300,3.63,442,0,45.0,43.0,2.0,44.0,44.0,45.0,45.0,45.0,45.0,43.0,43.0,43.0,43.0
1791041521.0,rest,46.0,54.0,3300,3.66,425,0,47.0,43.0,4.0,45.0,44.0,45.0,47.0,47.0,47.0,43.0,43.0,43.0,43.0
1791041522.0,rest,69.0,53.0,3300,7.02,2618,0,68.0,55.0,13.0,55.0,68.0,58.0,58.0,58.0,58.0,55.0,55.0,55.0,55.0
1791041523.0,rest,46.0,53.0,3300,4.89,464,0,45.0,44.0,1.0,45.0,44.0,45.0,45.0,45.0,45.0,44.0,44.0,44.0,44.0
1791041524.0,rest,45.0,53.0,3300,3.64,440,0,45.0,43.0,2.0,44.0,44.0,45.0,45.0,45.0,45.0,43.0,44.0,44.0,44.0
1791041525.0,rest,45.0,53.0,3300,3.41,505,0,46.0,44.0,2.0,44.0,44.0,46.0,45.0,45.0,45.0,44.0,44.0,44.0,44.0
1791041526.0,rest,46.0,53.0,3300,4.25,479,0,45.0,44.0,1.0,44.0,44.0,45.0,45.0,45.0,45.0,44.0,44.0,44.0,44.0
1791041527.0,rest,46.0,53.0,3300,3.46,435,0,45.0,43.0,2.0,44.0,43.0,45.0,45.0,45.0,45.0,44.0,43.0,43.0,43.0
1791041528.1,rest,46.0,54.0,3300,3.37,533,0,45.0,44.0,1.0,45.0,44.0,45.0,45.0,45.0,45.0,44.0,44.0,44.0,44.0
1791041529.1,rest,46.0,54.0,3300,3.59,522,0,47.0,44.0,3.0,45.0,44.0,45.0,47.0,47.0,47.0,44.0,44.0,44.0,44.0
1791041530.1,rest,45.0,54.0,3300,3.27,473,0,45.0,44.0,1.0,45.0,44.0,45.0,45.0,45.0,45.0,44.0,44.0,44.0,44.0
1791041531.1,rest,45.0,54.0,3300,3.18,445,0,45.0,43.0,2.0,45.0,44.0,45.0,45.0,45.0,45.0,43.0,43.0,43.0,43.0
1791041532.1,rest,45.0,54.0,3300,3.24,463,0,45.0,43.0,2.0,44.0,44.0,45.0,45.0,45.0,45.0,43.0,43.0,43.0,43.0
1791041533.1,rest,45.0,54.0,3300,3.15,497,0,44.0,44.0,0.0,44.0,44.0,44.0,44.0,44.0,44.0,44.0,44.0,44.0,44.0
1791041534.2,rest,46.0,54.0,3300,3.51,446,0,45.0,42.0,3.0,44.0,42.0,45.0,45.0,45.0,45.0,44.0,44.0,44.0,44.0
1791041535.2,rest,45.0,54.0,3300,3.25,489,0,45.0,44.0,1.0,44.0,44.0,44.0,44.0,45.0,45.0,44.0,44.0,44.0,44.0
1791041536.2,rest,45.0,54.0,3300,4.0,438,0,45.0,43.0,2.0,44.0,44.0,44.0,45.0,45.0,45.0,43.0,43.0,43.0,45.0
1791041537.2,rest,45.0,53.0,3300,3.32,440,0,45.0,43.0,2.0,45.0,44.0,45.0,44.0,44.0,44.0,44.0,44.0,44.0,43.0
1791041538.2,rest,45.0,53.0,3300,3.14,496,0,45.0,42.0,3.0,44.0,42.0,45.0,45.0,45.0,45.0,43.0,43.0,43.0,43.0
1791041539.2,rest,45.0,53.0,3300,3.52,475,0,45.0,43.0,2.0,45.0,44.0,45.0,45.0,45.0,44.0,43.0,43.0,44.0,44.0
1791041540.3,rest,46.0,53.0,3300,3.52,427,0,45.0,43.0,2.0,44.0,43.0,45.0,45.0,45.0,45.0,43.0,43.0,43.0,43.0
1791041541.3,rest,46.0,53.0,3300,3.6,442,0,45.0,43.0,2.0,44.0,43.0,44.0,44.0,44.0,45.0,44.0,44.0,44.0,44.0
1791041542.3,rest,47.0,54.0,3300,8.42,444,0,47.0,43.0,4.0,45.0,44.0,47.0,47.0,47.0,46.0,43.0,44.0,44.0,44.0
1791041543.3,rest,46.0,54.0,3300,3.47,451,0,45.0,43.0,2.0,44.0,44.0,45.0,45.0,45.0,45.0,43.0,43.0,43.0,43.0
1791041544.3,rest,46.0,54.0,3300,3.25,449,0,45.0,43.0,2.0,43.0,44.0,44.0,45.0,45.0,45.0,43.0,43.0,43.0,43.0
1791041545.3,rest,45.0,54.0,3300,3.42,465,0,45.0,43.0,2.0,44.0,43.0,44.0,44.0,45.0,45.0,43.0,43.0,44.0,44.0
1791041546.4,rest,45.0,54.0,3300,3.83,438,0,45.0,43.0,2.0,44.0,43.0,45.0,45.0,44.0,44.0,43.0,43.0,43.0,43.0
1791041547.4,rest,45.0,54.0,3300,3.45,435,0,45.0,43.0,2.0,44.0,44.0,45.0,45.0,45.0,45.0,43.0,43.0,43.0,43.0
1791041548.4,rest,46.0,53.0,3300,3.38,511,0,45.0,43.0,2.0,45.0,43.0,45.0,45.0,44.0,44.0,43.0,43.0,43.0,43.0
1791041549.4,rest,46.0,53.0,3300,4.43,473,0,46.0,43.0,3.0,44.0,44.0,45.0,46.0,45.0,45.0,43.0,43.0,43.0,43.0
1791041550.4,rest,46.0,53.0,3300,3.23,441,0,44.0,43.0,1.0,44.0,44.0,44.0,44.0,44.0,44.0,43.0,43.0,43.0,43.0
1791041551.4,rest,45.0,53.0,3300,3.38,435,0,47.0,44.0,3.0,44.0,44.0,46.0,46.0,47.0,47.0,44.0,44.0,44.0,44.0
1791041552.5,rest,45.0,53.0,3300,3.52,470,0,44.0,43.0,1.0,44.0,44.0,44.0,44.0,44.0,44.0,43.0,43.0,43.0,43.0
1791041553.5,rest,46.0,53.0,3300,3.48,478,0,45.0,43.0,2.0,44.0,43.0,45.0,45.0,45.0,45.0,43.0,43.0,43.0,43.0
1791041554.5,rest,45.0,53.0,3300,3.48,515,0,45.0,43.0,2.0,44.0,44.0,45.0,45.0,45.0,45.0,43.0,43.0,43.0,43.0
1791041555.5,rest,45.0,53.0,3300,3.1,447,0,44.0,43.0,1.0,44.0,43.0,44.0,44.0,44.0,44.0,43.0,43.0,43.0,43.0
1791041556.5,rest,45.0,53.0,3300,3.85,454,0,45.0,43.0,2.0,44.0,43.0,45.0,45.0,45.0,45.0,43.0,44.0,44.0,44.0
1791041557.5,rest,45.0,52.0,3300,3.29,449,0,45.0,43.0,2.0,43.0,43.0,45.0,45.0,45.0,45.0,43.0,43.0,44.0,44.0
1791041558.6,rest,45.0,52.0,3300,3.36,515,0,44.0,43.0,1.0,44.0,44.0,44.0,44.0,44.0,44.0,43.0,43.0,43.0,43.0
1791041559.6,rest,46.0,52.0,3300,3.32,468,0,45.0,43.0,2.0,43.0,44.0,45.0,44.0,44.0,45.0,43.0,43.0,43.0,43.0
1791041560.6,rest,45.0,52.0,3300,3.27,483,0,45.0,43.0,2.0,43.0,44.0,44.0,44.0,45.0,45.0,43.0,43.0,43.0,44.0
1791041561.6,rest,46.0,52.0,3300,3.33,488,0,45.0,43.0,2.0,44.0,43.0,45.0,45.0,45.0,45.0,44.0,43.0,43.0,43.0
1791041562.6,rest,45.0,53.0,3300,8.2,492,0,44.0,43.0,1.0,43.0,43.0,44.0,44.0,44.0,44.0,44.0,43.0,43.0,43.0
1791041563.6,rest,45.0,53.0,3300,3.2,534,0,44.0,42.0,2.0,42.0,44.0,44.0,44.0,44.0,44.0,42.0,42.0,42.0,43.0
1791041564.7,rest,46.0,53.0,3300,3.36,425,0,45.0,43.0,2.0,44.0,43.0,45.0,45.0,45.0,45.0,43.0,43.0,43.0,43.0
1791041565.7,rest,45.0,53.0,3300,3.28,522,0,45.0,43.0,2.0,43.0,44.0,45.0,45.0,45.0,45.0,43.0,43.0,43.0,43.0
1791041566.7,rest,45.0,53.0,3300,3.78,486,0,45.0,42.0,3.0,42.0,43.0,45.0,45.0,45.0,45.0,43.0,43.0,43.0,43.0
1791041567.7,rest,45.0,53.0,3300,3.12,454,0,45.0,43.0,2.0,43.0,43.0,45.0,45.0,45.0,45.0,43.0,43.0,43.0,43.0
1791041568.7,rest,45.0,52.0,3300,3.18,481,0,45.0,42.0,3.0,43.0,42.0,44.0,44.0,45.0,45.0,43.0,43.0,43.0,43.0
1791041569.7,rest,46.0,52.0,3300,3.93,515,0,45.0,42.0,3.0,42.0,43.0,45.0,45.0,45.0,45.0,43.0,43.0,43.0,43.0
1791041570.7,rest,45.0,52.0,3300,3.19,449,0,45.0,42.0,3.0,42.0,43.0,45.0,44.0,44.0,44.0,43.0,43.0,43.0,43.0
1791041571.8,rest,45.0,52.0,3300,3.22,464,0,45.0,43.0,2.0,43.0,43.0,45.0,45.0,45.0,45.0,43.0,43.0,43.0,43.0
1791041572.8,rest,45.0,52.0,3300,3.66,457,0,45.0,43.0,2.0,43.0,44.0,45.0,45.0,45.0,45.0,44.0,43.0,43.0,43.0
1791041573.8,rest,45.0,52.0,3300,3.3,479,0,44.0,43.0,1.0,43.0,44.0,44.0,44.0,44.0,44.0,43.0,43.0,43.0,43.0
1791041574.8,rest,44.0,52.0,3300,3.22,875,0,45.0,43.0,2.0,44.0,43.0,45.0,45.0,45.0,45.0,43.0,43.0,43.0,43.0
1791041575.8,max,83.0,56.0,3300,47.61,3567,20536,83.0,69.0,14.0,83.0,69.0,77.0,77.0,77.0,77.0,72.0,72.0,72.0,72.0
1791041576.9,max,85.0,61.0,3300,50.04,3566,41600,85.0,72.0,13.0,85.0,77.0,78.0,78.0,78.0,78.0,73.0,72.0,72.0,72.0
1791041577.9,max,85.0,67.0,3300,50.75,3566,62872,85.0,75.0,10.0,85.0,78.0,80.0,80.0,80.0,80.0,76.0,76.0,76.0,75.0
1791041578.9,max,86.0,73.0,3300,51.38,3566,83968,86.0,77.0,9.0,86.0,80.0,82.0,82.0,82.0,82.0,77.0,77.0,77.0,77.0
1791041579.9,max,83.0,79.0,3300,50.42,3567,105064,86.0,78.0,8.0,86.0,78.0,82.0,82.0,82.0,82.0,79.0,79.0,79.0,79.0
1791041580.9,max,89.0,85.0,3300,49.76,3567,125688,89.0,80.0,9.0,89.0,81.0,85.0,85.0,85.0,85.0,80.0,80.0,80.0,80.0
1791041581.9,max,92.0,87.0,3300,50.68,3566,146448,92.0,82.0,10.0,92.0,86.0,85.0,85.0,85.0,85.0,82.0,82.0,82.0,82.0
1791041582.9,max,86.0,89.0,3300,52.11,3567,166368,92.0,83.0,9.0,92.0,86.0,86.0,86.0,86.0,85.0,83.0,83.0,83.0,83.0
1791041583.9,max,94.0,90.0,3500,52.07,3567,187344,94.0,83.0,11.0,94.0,86.0,89.0,89.0,89.0,88.0,84.0,84.0,83.0,83.0
1791041584.9,max,96.0,91.0,3500,52.08,3567,208616,94.0,86.0,8.0,94.0,88.0,89.0,89.0,89.0,89.0,86.0,86.0,86.0,86.0
1791041586.0,max,90.0,92.0,3500,50.56,3567,229312,89.0,86.0,3.0,89.0,89.0,88.0,88.0,88.0,88.0,86.0,86.0,86.0,86.0
1791041587.0,max,92.0,92.0,3500,50.71,3258,250032,94.0,87.0,7.0,94.0,90.0,89.0,89.0,89.0,89.0,87.0,87.0,88.0,88.0
1791041588.0,max,92.0,93.0,3500,50.94,3567,270688,93.0,90.0,3.0,93.0,92.0,90.0,90.0,90.0,90.0,90.0,90.0,90.0,90.0
1791041589.0,max,94.0,93.0,3500,47.79,3500,291088,97.0,84.0,13.0,97.0,89.0,89.0,89.0,90.0,90.0,84.0,84.0,84.0,84.0
1791041590.0,max,93.0,93.0,3500,46.34,3567,311160,97.0,90.0,7.0,97.0,92.0,90.0,90.0,90.0,90.0,90.0,90.0,90.0,90.0
1791041591.0,max,94.0,93.0,3500,51.23,3567,331768,98.0,91.0,7.0,98.0,93.0,94.0,94.0,94.0,94.0,91.0,91.0,91.0,91.0
1791041592.0,max,96.0,94.0,3500,49.45,3400,352136,96.0,86.0,10.0,96.0,90.0,90.0,90.0,90.0,90.0,86.0,86.0,86.0,86.0
1791041593.0,max,94.0,94.0,3500,43.55,3400,371784,97.0,86.0,11.0,97.0,88.0,90.0,90.0,90.0,90.0,86.0,86.0,86.0,86.0
1791041594.0,max,93.0,95.0,3500,43.0,3400,391424,96.0,86.0,10.0,96.0,89.0,90.0,90.0,90.0,90.0,86.0,86.0,86.0,86.0
1791041595.0,max,94.0,95.0,3500,42.36,3400,411024,96.0,86.0,10.0,96.0,88.0,90.0,90.0,90.0,90.0,86.0,86.0,86.0,86.0
1791041596.1,max,93.0,95.0,3500,43.36,3500,430536,98.0,91.0,7.0,98.0,93.0,93.0,93.0,93.0,92.0,91.0,91.0,91.0,91.0
1791041597.1,max,96.0,95.0,3500,46.18,3429,450368,96.0,91.0,5.0,96.0,93.0,93.0,93.0,93.0,93.0,91.0,91.0,91.0,91.0
1791041598.1,max,96.0,95.0,3500,45.62,3428,470072,98.0,90.0,8.0,98.0,93.0,94.0,94.0,94.0,93.0,90.0,90.0,90.0,90.0
1791041599.1,max,96.0,95.0,3500,44.55,3433,489600,100.0,91.0,9.0,100.0,94.0,94.0,94.0,94.0,94.0,91.0,91.0,91.0,91.0
1791041600.1,max,94.0,95.0,3500,44.41,3300,509024,96.0,91.0,5.0,96.0,94.0,93.0,93.0,93.0,93.0,91.0,91.0,91.0,91.0
1791041601.1,max,94.0,95.0,3500,38.69,3300,527784,96.0,87.0,9.0,96.0,92.0,90.0,90.0,90.0,90.0,88.0,88.0,88.0,87.0
1791041602.1,max,94.0,95.0,3500,38.67,3200,546520,96.0,86.0,10.0,96.0,89.0,90.0,90.0,90.0,90.0,86.0,86.0,86.0,86.0
1791041603.1,max,94.0,95.0,3500,38.65,3200,564720,96.0,87.0,9.0,96.0,94.0,90.0,90.0,90.0,90.0,87.0,87.0,88.0,88.0
1791041604.1,max,96.0,95.0,3500,37.72,3300,582616,94.0,90.0,4.0,94.0,92.0,94.0,94.0,94.0,94.0,90.0,90.0,90.0,90.0
1791041605.1,max,96.0,95.0,3500,36.46,2917,600584,96.0,85.0,11.0,96.0,85.0,90.0,90.0,90.0,92.0,86.0,86.0,86.0,86.0
1791041606.2,max,94.0,95.0,3500,36.4,3220,618632,94.0,86.0,8.0,94.0,90.0,92.0,92.0,92.0,92.0,86.0,86.0,86.0,86.0
1791041607.2,max,94.0,95.0,3500,40.41,3200,637480,98.0,91.0,7.0,98.0,94.0,93.0,93.0,93.0,93.0,91.0,91.0,91.0,91.0
1791041608.2,max,94.0,95.0,3500,38.81,3200,656056,96.0,88.0,8.0,96.0,92.0,92.0,92.0,92.0,92.0,88.0,88.0,88.0,88.0
1791041609.2,max,94.0,95.0,3500,35.85,3200,674184,96.0,87.0,9.0,96.0,92.0,92.0,92.0,92.0,92.0,90.0,90.0,88.0,87.0
1791041610.2,max,96.0,95.0,3500,36.11,3100,692496,94.0,87.0,7.0,94.0,90.0,92.0,92.0,92.0,92.0,87.0,87.0,87.0,87.0
1791041611.2,max,96.0,95.0,3500,35.8,3100,710680,96.0,88.0,8.0,96.0,92.0,92.0,92.0,92.0,92.0,88.0,88.0,88.0,88.0
1791041612.2,max,94.0,95.0,3500,35.31,3100,728816,94.0,87.0,7.0,94.0,90.0,92.0,92.0,92.0,92.0,87.0,87.0,88.0,88.0
1791041613.2,max,94.0,95.0,3500,35.17,3100,746912,94.0,87.0,7.0,94.0,92.0,90.0,90.0,90.0,90.0,87.0,87.0,87.0,87.0
1791041614.2,max,94.0,95.0,3500,35.04,3100,764968,96.0,88.0,8.0,96.0,90.0,92.0,92.0,92.0,92.0,88.0,88.0,88.0,88.0
1791041615.3,max,94.0,95.0,3500,34.57,3100,782912,94.0,88.0,6.0,94.0,92.0,92.0,92.0,92.0,92.0,88.0,88.0,88.0,88.0
1791041616.3,max,94.0,95.0,3500,34.61,3100,800744,96.0,90.0,6.0,96.0,92.0,92.0,92.0,92.0,92.0,90.0,90.0,90.0,90.0
1791041617.3,max,94.0,95.0,3500,34.01,3100,818616,96.0,88.0,8.0,96.0,92.0,92.0,92.0,92.0,92.0,88.0,88.0,88.0,88.0
1791041618.3,max,94.0,95.0,3500,34.21,3100,836512,94.0,88.0,6.0,94.0,92.0,93.0,93.0,93.0,93.0,88.0,90.0,90.0,90.0
1791041619.3,max,94.0,95.0,3500,33.77,3000,854256,96.0,88.0,8.0,96.0,93.0,90.0,90.0,90.0,90.0,88.0,88.0,88.0,88.0
1791041620.3,max,96.0,95.0,3500,33.6,3000,872048,94.0,90.0,4.0,94.0,92.0,92.0,92.0,92.0,92.0,90.0,90.0,90.0,90.0
1791041621.3,max,94.0,95.0,3500,33.53,3100,889760,96.0,90.0,6.0,96.0,92.0,93.0,93.0,92.0,92.0,90.0,90.0,90.0,90.0
1791041622.3,max,96.0,95.0,3500,33.71,3000,907456,94.0,90.0,4.0,94.0,92.0,90.0,90.0,90.0,90.0,90.0,90.0,90.0,90.0
1791041623.4,max,94.0,95.0,3500,33.36,2967,925096,94.0,88.0,6.0,94.0,92.0,92.0,92.0,92.0,92.0,88.0,88.0,88.0,88.0
1791041624.4,max,94.0,95.0,3500,32.8,3135,941608,97.0,91.0,6.0,97.0,94.0,94.0,94.0,94.0,94.0,91.0,91.0,91.0,91.0
1791041625.4,max,94.0,95.0,3500,35.22,2967,959888,94.0,90.0,4.0,94.0,90.0,92.0,92.0,92.0,92.0,90.0,90.0,90.0,90.0
1791041626.4,max,94.0,95.0,3500,32.01,3000,977040,94.0,90.0,4.0,94.0,92.0,90.0,90.0,90.0,90.0,90.0,90.0,90.0,90.0
1791041627.4,max,94.0,95.0,3500,32.04,2967,994360,94.0,90.0,4.0,94.0,92.0,92.0,92.0,92.0,92.0,90.0,90.0,90.0,90.0
1791041628.5,max,94.0,95.0,3500,31.94,2967,1011632,96.0,91.0,5.0,96.0,92.0,92.0,92.0,92.0,92.0,91.0,91.0,91.0,91.0
1791041629.5,max,94.0,95.0,3500,31.58,2967,1028808,96.0,88.0,8.0,96.0,92.0,92.0,92.0,92.0,93.0,90.0,90.0,90.0,88.0
1791041630.5,max,94.0,95.0,3500,33.71,3108,1046360,97.0,91.0,6.0,97.0,96.0,94.0,94.0,94.0,94.0,91.0,91.0,91.0,91.0
1791041631.5,max,96.0,95.0,3500,31.73,2967,1063480,94.0,90.0,4.0,94.0,93.0,93.0,93.0,93.0,93.0,90.0,90.0,90.0,90.0
1791041632.5,max,96.0,95.0,3500,31.72,2867,1080680,96.0,90.0,6.0,96.0,92.0,92.0,92.0,92.0,92.0,90.0,90.0,90.0,90.0
1791041633.5,max,94.0,95.0,3500,31.45,2941,1097840,96.0,90.0,6.0,96.0,92.0,92.0,92.0,92.0,92.0,91.0,90.0,90.0,90.0
1791041634.5,max,94.0,95.0,3500,31.36,2967,1114992,96.0,90.0,6.0,96.0,92.0,92.0,93.0,93.0,93.0,90.0,90.0,90.0,90.0
1791041635.6,max,94.0,95.0,3500,31.42,2967,1132688,96.0,90.0,6.0,96.0,92.0,92.0,92.0,92.0,92.0,91.0,90.0,90.0,90.0
1791041636.6,max,94.0,95.0,3500,31.01,2967,1149592,94.0,90.0,4.0,94.0,93.0,93.0,93.0,93.0,93.0,90.0,90.0,90.0,90.0
1791041637.6,max,96.0,95.0,3500,31.15,2867,1166664,94.0,90.0,4.0,94.0,92.0,93.0,93.0,93.0,93.0,90.0,90.0,90.0,90.0
1791041638.6,max,94.0,95.0,3500,30.96,2967,1183736,96.0,91.0,5.0,96.0,92.0,93.0,93.0,93.0,93.0,91.0,91.0,91.0,91.0
1791041639.6,max,94.0,95.0,3500,31.04,2967,1200648,96.0,90.0,6.0,96.0,93.0,94.0,94.0,94.0,94.0,91.0,90.0,90.0,90.0
1791041640.7,max,94.0,95.0,3500,31.07,2867,1218256,94.0,91.0,3.0,94.0,92.0,93.0,93.0,93.0,93.0,91.0,91.0,91.0,91.0
1791041641.7,max,94.0,95.0,3500,30.87,2867,1235256,94.0,90.0,4.0,94.0,92.0,93.0,93.0,93.0,93.0,90.0,90.0,90.0,90.0
1791041642.7,max,96.0,95.0,3500,30.55,2867,1252208,94.0,90.0,4.0,94.0,92.0,93.0,93.0,93.0,93.0,91.0,91.0,90.0,90.0
1791041643.7,max,94.0,95.0,3500,30.59,2867,1269192,94.0,90.0,4.0,94.0,92.0,94.0,94.0,94.0,94.0,91.0,91.0,90.0,90.0
1791041644.7,max,96.0,95.0,3500,30.26,2767,1286080,94.0,90.0,4.0,94.0,92.0,92.0,92.0,92.0,92.0,90.0,90.0,90.0,90.0
1791041645.7,max,94.0,95.0,3500,31.13,3000,1302024,97.0,91.0,6.0,97.0,94.0,94.0,94.0,94.0,94.0,91.0,91.0,91.0,91.0
1791041646.7,max,94.0,95.0,3500,31.78,2867,1318920,96.0,91.0,5.0,96.0,93.0,93.0,93.0,93.0,93.0,91.0,91.0,91.0,91.0
1791041647.8,max,96.0,95.0,3500,30.04,2867,1335704,94.0,90.0,4.0,94.0,93.0,93.0,93.0,93.0,93.0,90.0,90.0,90.0,90.0
1791041648.8,max,94.0,95.0,3500,29.75,2867,1352432,96.0,90.0,6.0,96.0,92.0,94.0,94.0,94.0,94.0,90.0,91.0,91.0,91.0
1791041649.8,max,94.0,95.0,3500,30.22,2967,1369216,96.0,91.0,5.0,96.0,93.0,94.0,96.0,96.0,96.0,91.0,91.0,91.0,91.0
1791041650.8,max,94.0,95.0,3500,29.97,2867,1385896,96.0,90.0,6.0,96.0,92.0,92.0,92.0,92.0,92.0,90.0,90.0,90.0,90.0
1791041651.8,max,94.0,95.0,3500,30.69,2867,1402696,96.0,91.0,5.0,96.0,92.0,93.0,93.0,93.0,93.0,91.0,91.0,91.0,91.0
1791041652.8,max,96.0,95.0,3500,28.99,2767,1419288,96.0,90.0,6.0,96.0,92.0,93.0,93.0,93.0,93.0,90.0,90.0,90.0,90.0
1791041653.8,max,94.0,95.0,3500,28.98,2867,1435792,94.0,90.0,4.0,94.0,93.0,93.0,93.0,93.0,93.0,90.0,90.0,90.0,90.0
1791041654.9,max,96.0,95.0,3500,30.05,2867,1452496,96.0,91.0,5.0,96.0,93.0,94.0,94.0,94.0,94.0,91.0,91.0,91.0,91.0
1791041655.9,max,94.0,95.0,3500,29.94,2867,1469024,96.0,91.0,5.0,96.0,93.0,92.0,92.0,92.0,92.0,91.0,91.0,91.0,91.0
1791041656.9,max,96.0,95.0,3500,30.2,2867,1485672,94.0,91.0,3.0,94.0,94.0,94.0,94.0,94.0,94.0,91.0,91.0,91.0,91.0
1791041657.9,max,94.0,95.0,3500,29.2,2867,1502136,96.0,91.0,5.0,96.0,93.0,93.0,93.0,93.0,93.0,91.0,91.0,91.0,91.0
1791041658.9,max,94.0,95.0,3500,29.78,2967,1518720,97.0,93.0,4.0,97.0,94.0,94.0,94.0,94.0,94.0,93.0,93.0,93.0,93.0
1791041659.9,max,94.0,95.0,3500,30.89,2967,1535416,96.0,91.0,5.0,96.0,94.0,94.0,94.0,94.0,94.0,91.0,91.0,91.0,91.0
1791041660.9,max,96.0,95.0,3500,30.93,2967,1552080,97.0,93.0,4.0,97.0,94.0,94.0,94.0,94.0,94.0,93.0,93.0,93.0,93.0
1791041661.9,max,94.0,95.0,3500,30.49,2967,1568680,97.0,91.0,6.0,97.0,94.0,96.0,96.0,96.0,94.0,91.0,91.0,91.0,91.0
1791041662.9,max,94.0,95.0,3500,30.36,2733,1585256,96.0,91.0,5.0,96.0,92.0,92.0,92.0,92.0,92.0,91.0,91.0,91.0,91.0
1791041663.9,max,92.0,95.0,3500,29.32,2360,1601656,92.0,88.0,4.0,92.0,88.0,92.0,92.0,92.0,92.0,90.0,90.0,90.0,90.0
1791041664.9,max,96.0,95.0,3500,27.81,2767,1617840,96.0,90.0,6.0,96.0,92.0,93.0,93.0,93.0,93.0,90.0,90.0,90.0,90.0
1791041666.0,max,94.0,95.0,3500,27.95,2728,1633616,96.0,91.0,5.0,96.0,93.0,92.0,92.0,92.0,92.0,91.0,91.0,91.0,91.0
1791041667.0,max,96.0,95.0,3500,27.98,2513,1649024,96.0,88.0,8.0,96.0,88.0,93.0,93.0,93.0,93.0,90.0,90.0,90.0,90.0
1791041668.0,max,94.0,95.0,3500,27.88,2733,1665264,96.0,90.0,6.0,96.0,92.0,93.0,93.0,93.0,93.0,90.0,90.0,90.0,91.0
1791041669.0,max,96.0,95.0,3500,28.05,2767,1681528,96.0,90.0,6.0,96.0,92.0,93.0,93.0,93.0,93.0,90.0,90.0,90.0,90.0
1791041670.0,max,96.0,95.0,3500,27.5,2733,1697608,93.0,91.0,2.0,93.0,92.0,93.0,93.0,93.0,93.0,91.0,91.0,91.0,91.0
1791041671.0,max,94.0,95.0,3500,27.76,2733,1713808,94.0,90.0,4.0,94.0,92.0,92.0,92.0,92.0,92.0,90.0,90.0,90.0,90.0
1791041672.0,max,94.0,95.0,3500,27.86,2743,1730080,94.0,90.0,4.0,94.0,93.0,94.0,94.0,94.0,94.0,90.0,90.0,90.0,90.0
1791041673.1,max,94.0,95.0,3500,27.93,2867,1746328,96.0,91.0,5.0,96.0,93.0,93.0,93.0,96.0,96.0,91.0,91.0,91.0,91.0
1791041674.1,max,96.0,95.0,3500,28.26,2767,1762696,94.0,91.0,3.0,94.0,93.0,93.0,93.0,93.0,93.0,91.0,91.0,91.0,91.0
1791041675.1,max,94.0,95.0,3500,27.81,2733,1778912,94.0,91.0,3.0,94.0,92.0,93.0,93.0,93.0,93.0,91.0,91.0,91.0,91.0
1791041676.1,max,96.0,95.0,3500,27.49,2733,1794952,94.0,91.0,3.0,94.0,92.0,94.0,93.0,93.0,93.0,91.0,91.0,91.0,91.0
1791041677.1,max,94.0,95.0,3500,27.58,2733,1811064,96.0,91.0,5.0,96.0,92.0,93.0,93.0,93.0,93.0,91.0,91.0,91.0,91.0
1791041678.1,max,94.0,95.0,3500,27.76,2733,1827264,96.0,91.0,5.0,96.0,92.0,93.0,93.0,93.0,93.0,91.0,91.0,91.0,91.0
1791041679.1,max,94.0,95.0,3500,27.51,2733,1843352,94.0,91.0,3.0,94.0,92.0,93.0,93.0,93.0,93.0,91.0,91.0,91.0,91.0
1791041680.1,max,94.0,95.0,3500,27.38,2733,1859448,94.0,91.0,3.0,94.0,92.0,93.0,93.0,93.0,93.0,91.0,91.0,91.0,91.0
1791041681.2,max,94.0,95.0,3500,27.75,2733,1875688,94.0,91.0,3.0,94.0,93.0,93.0,93.0,93.0,93.0,91.0,91.0,91.0,91.0
1791041682.2,max,94.0,95.0,3500,27.78,2715,1891896,96.0,91.0,5.0,96.0,92.0,93.0,93.0,93.0,93.0,91.0,91.0,91.0,91.0
1791041683.2,max,94.0,95.0,3500,28.85,2867,1908192,96.0,93.0,3.0,96.0,94.0,94.0,94.0,94.0,94.0,93.0,93.0,93.0,93.0
1791041684.2,max,96.0,95.0,3500,26.98,2733,1923880,94.0,91.0,3.0,94.0,92.0,92.0,92.0,92.0,92.0,91.0,91.0,91.0,91.0
1791041685.2,max,94.0,95.0,3500,27.15,2733,1939872,96.0,91.0,5.0,96.0,92.0,93.0,93.0,93.0,93.0,91.0,91.0,91.0,91.0
1791041686.2,max,96.0,95.0,3500,26.99,2733,1955648,94.0,91.0,3.0,94.0,93.0,93.0,93.0,93.0,93.0,91.0,91.0,91.0,91.0
1791041687.2,max,94.0,95.0,3500,26.69,2600,1970944,96.0,90.0,6.0,96.0,90.0,90.0,92.0,92.0,92.0,90.0,90.0,90.0,90.0
1791041688.2,max,96.0,95.0,3500,28.08,2867,1986912,96.0,93.0,3.0,96.0,94.0,96.0,96.0,96.0,96.0,93.0,93.0,93.0,93.0
1791041689.3,max,94.0,95.0,3500,27.65,2733,2002936,94.0,91.0,3.0,94.0,92.0,92.0,92.0,92.0,93.0,91.0,91.0,91.0,91.0
1791041690.3,max,94.0,95.0,3500,26.72,2733,2018840,96.0,91.0,5.0,96.0,92.0,93.0,93.0,93.0,93.0,91.0,91.0,91.0,91.0
1791041691.3,max,94.0,95.0,3500,26.6,2733,2034680,96.0,91.0,5.0,96.0,92.0,93.0,94.0,94.0,94.0,91.0,91.0,91.0,91.0
1791041692.3,max,94.0,95.0,3500,28.07,2806,2050776,96.0,91.0,5.0,96.0,94.0,96.0,96.0,96.0,96.0,91.0,91.0,91.0,91.0
1791041693.3,max,93.0,95.0,3500,28.21,2867,2066792,97.0,91.0,6.0,97.0,94.0,94.0,94.0,94.0,94.0,91.0,91.0,91.0,91.0
1791041694.3,max,94.0,95.0,3500,27.18,2767,2082632,96.0,93.0,3.0,96.0,94.0,94.0,93.0,93.0,93.0,93.0,93.0,93.0,93.0
1791041695.3,max,94.0,95.0,3500,27.78,2660,2098624,96.0,91.0,5.0,96.0,92.0,92.0,92.0,92.0,92.0,91.0,91.0,91.0,91.0
1791041696.3,max,94.0,95.0,3500,28.48,2767,2114584,97.0,91.0,6.0,97.0,93.0,93.0,93.0,93.0,93.0,91.0,93.0,93.0,93.0
1791041697.3,max,94.0,95.0,3500,27.25,2733,2130248,96.0,90.0,6.0,96.0,90.0,94.0,94.0,94.0,94.0,91.0,91.0,91.0,91.0
1791041698.4,max,96.0,95.0,3500,26.79,2700,2146008,96.0,91.0,5.0,96.0,92.0,94.0,93.0,93.0,94.0,91.0,91.0,91.0,91.0
1791041699.4,max,96.0,95.0,3500,27.43,2525,2161944,97.0,90.0,7.0,97.0,90.0,94.0,94.0,94.0,94.0,91.0,91.0,91.0,91.0
1791041700.4,max,94.0,95.0,3500,27.58,2867,2177656,97.0,91.0,6.0,97.0,94.0,96.0,96.0,96.0,96.0,91.0,91.0,91.0,91.0
1791041701.4,max,94.0,95.0,3500,27.98,2767,2193624,96.0,91.0,5.0,96.0,93.0,94.0,94.0,94.0,94.0,91.0,91.0,91.0,91.0
1791041702.4,max,94.0,95.0,3500,26.94,2767,2209368,94.0,91.0,3.0,94.0,93.0,94.0,94.0,94.0,94.0,91.0,91.0,91.0,91.0
1791041703.4,max,94.0,95.0,3500,27.57,2767,2225264,96.0,91.0,5.0,96.0,94.0,96.0,96.0,96.0,94.0,91.0,91.0,91.0,91.0
1791041704.4,max,96.0,95.0,3500,26.88,2633,2241024,94.0,91.0,3.0,94.0,92.0,94.0,94.0,93.0,93.0,91.0,91.0,91.0,91.0
1791041705.4,max,94.0,95.0,3500,25.98,2733,2256752,96.0,91.0,5.0,96.0,92.0,93.0,93.0,94.0,94.0,91.0,91.0,91.0,91.0
1791041706.4,max,94.0,95.0,3500,25.94,2633,2272392,94.0,91.0,3.0,94.0,92.0,93.0,93.0,93.0,94.0,91.0,91.0,91.0,91.0
1791041707.5,max,94.0,95.0,3500,26.37,2633,2288096,96.0,91.0,5.0,96.0,92.0,93.0,93.0,93.0,93.0,91.0,91.0,91.0,91.0
1791041708.5,max,94.0,95.0,3500,25.93,2633,2302616,96.0,91.0,5.0,96.0,92.0,93.0,94.0,94.0,94.0,91.0,91.0,91.0,91.0
1791041709.5,max,94.0,95.0,3500,25.72,2659,2318280,96.0,91.0,5.0,96.0,93.0,93.0,93.0,93.0,93.0,91.0,91.0,91.0,91.0
1791041710.5,max,94.0,95.0,3500,25.79,2733,2333920,94.0,91.0,3.0,94.0,93.0,94.0,94.0,94.0,94.0,91.0,91.0,91.0,91.0
1791041711.5,max,94.0,95.0,3500,25.88,2733,2349576,96.0,91.0,5.0,96.0,92.0,93.0,93.0,93.0,93.0,91.0,91.0,91.0,91.0
1791041712.5,max,84.0,95.0,3500,24.56,400,2364288,84.0,82.0,2.0,83.0,82.0,84.0,84.0,82.0,84.0,82.0,83.0,82.0,82.0
1791041713.6,max,80.0,93.0,3500,6.85,400,2366816,80.0,77.0,3.0,78.0,77.0,80.0,80.0,80.0,80.0,79.0,79.0,79.0,79.0
1791041714.6,max,79.0,91.0,3500,6.49,400,2369344,80.0,77.0,3.0,77.0,77.0,80.0,80.0,80.0,77.0,78.0,78.0,78.0,78.0
1791041715.7,max,79.0,89.0,3500,6.5,400,2371840,78.0,76.0,2.0,76.0,76.0,77.0,77.0,77.0,78.0,76.0,76.0,77.0,77.0
1791041716.7,max,79.0,86.0,3500,6.64,400,2374272,78.0,76.0,2.0,76.0,76.0,78.0,77.0,77.0,77.0,77.0,77.0,77.0,76.0
1791041717.8,max,78.0,84.0,3500,6.46,400,2376784,77.0,75.0,2.0,75.0,76.0,77.0,77.0,77.0,77.0,76.0,76.0,76.0,76.0
1791041718.8,max,78.0,82.0,3500,6.54,400,2379232,77.0,75.0,2.0,75.0,76.0,77.0,77.0,77.0,77.0,75.0,75.0,75.0,76.0
1791041719.8,max,76.0,81.0,3500,6.43,400,2381736,77.0,74.0,3.0,74.0,74.0,77.0,76.0,76.0,77.0,75.0,75.0,75.0,75.0
1791041720.9,max,78.0,81.0,3500,6.39,400,2384280,76.0,73.0,3.0,74.0,73.0,76.0,76.0,76.0,76.0,75.0,75.0,75.0,75.0
1791041722.0,max,76.0,81.0,3500,6.36,400,2386800,76.0,73.0,3.0,75.0,73.0,76.0,74.0,76.0,76.0,75.0,75.0,73.0,75.0
1791041723.0,max,74.0,80.0,3500,6.36,400,2389352,75.0,73.0,2.0,74.0,73.0,74.0,74.0,75.0,74.0,73.0,75.0,73.0,73.0
1791041724.1,max,75.0,80.0,3500,6.47,400,2391888,74.0,72.0,2.0,73.0,72.0,74.0,74.0,74.0,74.0,73.0,73.0,73.0,73.0
1791041725.1,max,75.0,79.0,3500,6.33,400,2394384,74.0,72.0,2.0,73.0,72.0,73.0,74.0,74.0,74.0,73.0,73.0,72.0,73.0
1791041726.2,max,74.0,79.0,3500,6.29,400,2396912,74.0,71.0,3.0,72.0,71.0,74.0,74.0,73.0,73.0,72.0,72.0,72.0,72.0
1791041727.2,max,74.0,78.0,3500,6.39,400,2399360,74.0,71.0,3.0,72.0,71.0,73.0,73.0,73.0,74.0,73.0,72.0,72.0,72.0
1791041728.3,max,74.0,78.0,3500,6.29,400,2401880,73.0,71.0,2.0,72.0,71.0,73.0,73.0,73.0,72.0,71.0,71.0,71.0,72.0
1791041729.4,max,73.0,78.0,3500,6.41,400,2404720,73.0,71.0,2.0,72.0,71.0,72.0,72.0,72.0,73.0,71.0,71.0,72.0,71.0
1791041730.6,max,72.0,77.0,3500,6.61,400,2406880,73.0,70.0,3.0,71.0,71.0,72.0,72.0,72.0,73.0,71.0,71.0,71.0,70.0
1791041731.7,max,72.0,76.0,3500,6.62,400,2409096,72.0,69.0,3.0,71.0,69.0,72.0,72.0,72.0,72.0,71.0,71.0,69.0,69.0
1791041732.8,max,71.0,76.0,3500,6.24,400,2411512,71.0,69.0,2.0,71.0,71.0,71.0,71.0,71.0,71.0,69.0,69.0,69.0,69.0
1791041733.8,max,72.0,76.0,3500,6.12,400,2413992,71.0,69.0,2.0,71.0,71.0,70.0,71.0,71.0,71.0,69.0,69.0,69.0,69.0
1791041734.8,max,70.0,76.0,3500,6.26,400,2416520,72.0,68.0,4.0,69.0,69.0,71.0,71.0,72.0,71.0,68.0,69.0,69.0,69.0
1791041735.9,max,71.0,75.0,3500,6.16,400,2419008,69.0,68.0,1.0,69.0,69.0,69.0,69.0,69.0,69.0,69.0,69.0,68.0,69.0
1791041736.9,max,70.0,75.0,3500,6.11,400,2421512,69.0,68.0,1.0,69.0,68.0,69.0,69.0,69.0,69.0,69.0,68.0,68.0,68.0
1791041738.0,max,70.0,75.0,3500,6.17,400,2424064,70.0,68.0,2.0,69.0,68.0,70.0,69.0,70.0,70.0,68.0,68.0,68.0,68.0
1791041739.1,max,70.0,75.0,3500,6.15,400,2426568,69.0,68.0,1.0,68.0,68.0,69.0,69.0,69.0,69.0,69.0,69.0,69.0,69.0
1791041740.1,max,69.0,75.0,3500,6.11,400,2429088,69.0,68.0,1.0,68.0,68.0,69.0,69.0,69.0,69.0,68.0,68.0,68.0,68.0
1791041741.2,max,70.0,74.0,3500,6.08,400,2431600,69.0,66.0,3.0,68.0,67.0,69.0,69.0,69.0,69.0,66.0,68.0,66.0,68.0
1791041742.2,max,69.0,74.0,3500,6.08,400,2434128,69.0,65.0,4.0,67.0,65.0,69.0,69.0,69.0,68.0,68.0,68.0,68.0,68.0
1791041743.3,max,68.0,74.0,3500,6.07,400,2436656,69.0,65.0,4.0,67.0,65.0,69.0,69.0,68.0,69.0,66.0,66.0,66.0,66.0
1791041744.3,max,69.0,74.0,3500,6.05,400,2439192,68.0,65.0,3.0,67.0,65.0,68.0,68.0,68.0,68.0,66.0,66.0,66.0,66.0
1791041745.4,max,94.0,73.0,3500,22.88,3300,2449920,94.0,87.0,7.0,94.0,90.0,90.0,90.0,90.0,90.0,87.0,87.0,87.0,87.0
1791041746.4,max,96.0,76.0,3500,38.9,3200,2468832,94.0,88.0,6.0,94.0,89.0,90.0,90.0,90.0,90.0,88.0,88.0,88.0,88.0
1791041747.4,max,94.0,80.0,3500,37.35,3200,2487344,96.0,88.0,8.0,96.0,90.0,90.0,90.0,90.0,90.0,88.0,88.0,88.0,88.0
1791041748.4,max,94.0,83.0,3500,36.32,3200,2505672,96.0,90.0,6.0,96.0,90.0,92.0,92.0,92.0,92.0,90.0,90.0,90.0,90.0
1791041749.4,max,96.0,87.0,3500,34.89,2814,2523448,94.0,85.0,9.0,94.0,85.0,92.0,92.0,92.0,92.0,87.0,87.0,87.0,87.0
1791041750.4,max,97.0,91.0,3500,35.26,3100,2541232,97.0,91.0,6.0,97.0,94.0,93.0,93.0,93.0,93.0,91.0,91.0,91.0,91.0
1791041751.5,max,94.0,95.0,3500,38.19,3100,2559592,94.0,91.0,3.0,94.0,93.0,93.0,93.0,93.0,93.0,91.0,91.0,91.0,91.0
1791041752.5,max,96.0,95.0,3500,34.3,3100,2576224,94.0,91.0,3.0,94.0,93.0,93.0,93.0,93.0,93.0,91.0,91.0,91.0,91.0
1791041753.5,max,94.0,95.0,3500,34.35,2967,2593976,96.0,88.0,8.0,96.0,92.0,92.0,92.0,92.0,92.0,88.0,88.0,90.0,90.0
1791041754.5,max,96.0,95.0,3500,32.22,2967,2611376,94.0,90.0,4.0,94.0,92.0,92.0,92.0,92.0,92.0,90.0,90.0,90.0,90.0
1791041755.5,max,94.0,95.0,3500,32.34,2941,2628800,94.0,90.0,4.0,94.0,92.0,90.0,90.0,90.0,92.0,90.0,90.0,90.0,90.0
1791041756.5,max,94.0,95.0,3500,31.55,2967,2646064,96.0,90.0,6.0,96.0,93.0,92.0,92.0,92.0,92.0,90.0,90.0,90.0,90.0
1791041757.5,max,96.0,95.0,3500,30.99,2967,2663184,96.0,90.0,6.0,96.0,92.0,90.0,90.0,90.0,90.0,90.0,90.0,90.0,90.0
1791041758.5,max,96.0,95.0,3500,30.63,2967,2680216,94.0,90.0,4.0,94.0,92.0,93.0,93.0,93.0,93.0,90.0,90.0,90.0,90.0
1791041759.6,max,96.0,95.0,3500,30.72,2867,2697120,94.0,90.0,4.0,94.0,92.0,90.0,90.0,90.0,90.0,90.0,90.0,90.0,90.0
1791041760.6,max,94.0,95.0,3500,30.55,2880,2714152,96.0,90.0,6.0,96.0,93.0,92.0,92.0,92.0,92.0,90.0,91.0,91.0,91.0
1791041761.6,max,94.0,95.0,3500,29.57,2867,2730752,94.0,88.0,6.0,94.0,92.0,90.0,90.0,90.0,90.0,90.0,88.0,88.0,88.0
1791041762.6,max,96.0,95.0,3500,29.61,2843,2747512,94.0,88.0,6.0,94.0,92.0,92.0,92.0,92.0,92.0,90.0,90.0,88.0,88.0
1791041763.6,max,94.0,95.0,3500,29.42,2767,2764200,94.0,90.0,4.0,94.0,92.0,92.0,92.0,92.0,92.0,91.0,91.0,91.0,90.0
1791041764.6,max,94.0,95.0,3500,29.27,2767,2780872,94.0,90.0,4.0,94.0,93.0,93.0,92.0,92.0,92.0,90.0,90.0,90.0,90.0
1791041765.6,max,94.0,95.0,3500,29.47,2867,2797608,94.0,90.0,4.0,94.0,92.0,92.0,93.0,93.0,93.0,90.0,90.0,90.0,90.0
1791041766.7,max,96.0,95.0,3500,29.07,2867,2814200,94.0,91.0,3.0,94.0,93.0,93.0,93.0,93.0,93.0,91.0,91.0,91.0,91.0
1791041767.7,max,94.0,95.0,3500,29.04,2867,2830808,96.0,91.0,5.0,96.0,93.0,93.0,93.0,93.0,93.0,91.0,91.0,91.0,91.0
1791041768.7,max,94.0,95.0,3500,28.72,2767,2847336,94.0,90.0,4.0,94.0,92.0,93.0,92.0,92.0,92.0,91.0,90.0,90.0,90.0
1791041769.7,max,96.0,95.0,3500,28.73,2801,2864248,96.0,90.0,6.0,96.0,93.0,92.0,92.0,92.0,92.0,90.0,91.0,91.0,91.0
1791041770.7,max,96.0,95.0,3500,28.4,2767,2880640,96.0,91.0,5.0,96.0,92.0,93.0,92.0,92.0,92.0,91.0,91.0,91.0,91.0
1791041771.8,max,96.0,95.0,3500,28.23,2767,2897008,96.0,91.0,5.0,96.0,92.0,92.0,92.0,92.0,92.0,91.0,91.0,91.0,91.0
1791041772.8,max,94.0,95.0,3500,28.33,2767,2913472,94.0,91.0,3.0,94.0,93.0,93.0,92.0,92.0,92.0,91.0,91.0,91.0,91.0
1791041773.8,max,96.0,95.0,3500,29.3,2867,2928912,94.0,93.0,1.0,94.0,94.0,94.0,94.0,94.0,94.0,93.0,93.0,93.0,93.0
1791041774.8,max,94.0,95.0,3500,29.97,2733,2945416,94.0,90.0,4.0,94.0,92.0,93.0,93.0,93.0,93.0,90.0,91.0,91.0,91.0
1791041775.8,max,96.0,95.0,3500,27.41,2860,2961536,96.0,91.0,5.0,96.0,92.0,93.0,93.0,93.0,93.0,91.0,91.0,91.0,91.0
1791041776.8,max,94.0,95.0,3500,27.77,2733,2977768,94.0,91.0,3.0,94.0,92.0,92.0,92.0,92.0,92.0,91.0,91.0,91.0,91.0
1791041777.8,max,94.0,95.0,3500,27.59,2767,2993936,94.0,91.0,3.0,94.0,93.0,93.0,93.0,93.0,93.0,91.0,91.0,91.0,91.0
1791041778.8,max,94.0,95.0,3500,27.58,2738,3009952,94.0,91.0,3.0,94.0,93.0,92.0,92.0,92.0,93.0,91.0,91.0,91.0,91.0
1791041779.9,max,94.0,95.0,3500,27.6,2733,3026176,94.0,91.0,3.0,94.0,93.0,93.0,93.0,93.0,93.0,91.0,91.0,91.0,91.0
1791041780.9,max,94.0,95.0,3500,27.41,2733,3042272,94.0,91.0,3.0,94.0,92.0,93.0,93.0,93.0,93.0,91.0,91.0,91.0,91.0
1791041781.9,max,94.0,95.0,3500,27.21,2733,3058272,94.0,90.0,4.0,94.0,93.0,92.0,93.0,93.0,93.0,91.0,91.0,91.0,90.0
1791041782.9,max,94.0,95.0,3500,26.89,2733,3074744,94.0,91.0,3.0,94.0,92.0,92.0,92.0,92.0,92.0,91.0,91.0,91.0,91.0
1791041783.9,max,94.0,95.0,3500,26.8,2733,3090648,96.0,90.0,6.0,96.0,93.0,93.0,94.0,94.0,94.0,91.0,90.0,90.0,90.0
1791041785.0,max,96.0,95.0,3500,27.43,2733,3106688,96.0,91.0,5.0,96.0,93.0,93.0,93.0,93.0,93.0,91.0,91.0,91.0,91.0
1791041786.0,max,94.0,95.0,3500,26.8,2733,3122544,96.0,91.0,5.0,96.0,93.0,93.0,93.0,93.0,93.0,91.0,91.0,91.0,91.0
1791041787.0,max,94.0,95.0,3500,26.37,2731,3138328,96.0,91.0,5.0,96.0,92.0,93.0,93.0,93.0,93.0,91.0,91.0,91.0,91.0
1791041788.0,max,94.0,95.0,3500,26.49,2733,3154152,96.0,91.0,5.0,96.0,93.0,93.0,93.0,93.0,93.0,91.0,91.0,91.0,91.0
1791041789.0,max,96.0,95.0,3500,26.52,2636,3169856,94.0,91.0,3.0,94.0,93.0,93.0,93.0,93.0,93.0,91.0,91.0,91.0,91.0
1791041790.0,max,96.0,95.0,3500,26.46,2733,3185688,94.0,91.0,3.0,94.0,93.0,94.0,94.0,94.0,94.0,91.0,91.0,91.0,91.0
1791041791.0,max,94.0,95.0,3500,26.52,2733,3201496,94.0,90.0,4.0,94.0,93.0,93.0,93.0,93.0,93.0,90.0,90.0,91.0,91.0
1791041792.1,max,96.0,95.0,3500,26.64,2733,3217224,94.0,91.0,3.0,94.0,93.0,92.0,92.0,92.0,92.0,91.0,91.0,91.0,91.0
1791041793.1,max,94.0,95.0,3500,26.54,2691,3233032,96.0,91.0,5.0,96.0,93.0,93.0,94.0,94.0,94.0,91.0,91.0,91.0,91.0
1791041794.1,max,94.0,95.0,3500,26.31,2500,3248384,94.0,90.0,4.0,94.0,92.0,93.0,93.0,93.0,92.0,90.0,90.0,90.0,90.0
1791041795.1,max,96.0,95.0,3500,27.17,2767,3263600,96.0,91.0,5.0,96.0,94.0,94.0,94.0,94.0,94.0,91.0,91.0,91.0,91.0
1791041796.1,max,94.0,95.0,3500,26.73,2662,3279352,96.0,91.0,5.0,96.0,93.0,92.0,92.0,92.0,92.0,91.0,91.0,91.0,91.0
1791041797.1,max,96.0,95.0,3500,26.45,2767,3295128,96.0,91.0,5.0,96.0,94.0,96.0,96.0,96.0,96.0,91.0,91.0,91.0,91.0
1791041798.1,max,94.0,95.0,3500,27.21,2633,3310968,96.0,91.0,5.0,96.0,92.0,92.0,92.0,92.0,93.0,91.0,91.0,91.0,91.0
1791041799.1,max,94.0,95.0,3500,25.66,2633,3326432,94.0,91.0,3.0,94.0,93.0,94.0,94.0,94.0,94.0,91.0,91.0,91.0,91.0
1791041800.2,max,94.0,95.0,3500,26.21,2767,3342576,96.0,93.0,3.0,96.0,94.0,94.0,94.0,94.0,94.0,93.0,93.0,93.0,93.0
1791041801.2,max,94.0,95.0,3500,25.71,2600,3357888,96.0,91.0,5.0,96.0,93.0,92.0,92.0,92.0,92.0,91.0,91.0,91.0,91.0
1791041802.2,max,94.0,95.0,3500,25.47,2625,3373416,94.0,91.0,3.0,94.0,93.0,93.0,93.0,93.0,93.0,91.0,91.0,91.0,91.0
1791041803.2,max,96.0,95.0,3500,25.49,2733,3388960,96.0,91.0,5.0,96.0,93.0,94.0,94.0,93.0,93.0,91.0,91.0,91.0,91.0
1791041804.2,max,94.0,95.0,3500,25.47,2709,3404552,94.0,91.0,3.0,94.0,92.0,94.0,94.0,94.0,94.0,91.0,91.0,91.0,91.0
1791041805.2,max,94.0,95.0,3500,25.37,2600,3420032,94.0,91.0,3.0,94.0,92.0,93.0,93.0,93.0,93.0,91.0,91.0,91.0,91.0
1791041806.3,max,82.0,95.0,3500,16.5,400,3429208,82.0,80.0,2.0,80.0,80.0,82.0,81.0,81.0,81.0,80.0,80.0,80.0,80.0
1791041807.3,max,80.0,93.0,3500,6.77,400,3431736,81.0,78.0,3.0,78.0,78.0,78.0,80.0,80.0,81.0,79.0,79.0,79.0,79.0
1791041808.4,max,80.0,91.0,3500,6.49,400,3434264,80.0,77.0,3.0,77.0,77.0,80.0,80.0,78.0,80.0,79.0,79.0,79.0,78.0
1791041809.4,max,79.0,89.0,3500,6.67,400,3436664,78.0,77.0,1.0,77.0,78.0,78.0,78.0,77.0,77.0,78.0,77.0,77.0,77.0
1791041810.5,max,79.0,87.0,3500,6.49,400,3439192,78.0,76.0,2.0,76.0,77.0,78.0,78.0,77.0,77.0,77.0,77.0,76.0,76.0
1791041811.5,max,78.0,85.0,3500,6.45,400,3441720,78.0,76.0,2.0,76.0,77.0,77.0,78.0,78.0,78.0,77.0,76.0,76.0,76.0
1791041812.6,max,78.0,83.0,3500,6.44,400,3444240,77.0,75.0,2.0,76.0,76.0,77.0,76.0,76.0,77.0,75.0,75.0,75.0,75.0
1791041813.6,max,78.0,82.0,3500,6.44,400,3446752,77.0,74.0,3.0,75.0,74.0,77.0,76.0,76.0,77.0,75.0,75.0,75.0,75.0
1791041814.7,max,77.0,81.0,3500,6.43,400,3449296,77.0,74.0,3.0,75.0,74.0,76.0,77.0,74.0,74.0,75.0,75.0,75.0,75.0
1791041815.7,max,76.0,80.0,3500,6.72,400,3451608,77.0,74.0,3.0,75.0,74.0,77.0,75.0,76.0,76.0,74.0,74.0,75.0,74.0
1791041816.8,max,76.0,80.0,3500,6.81,400,3453872,76.0,73.0,3.0,75.0,75.0,76.0,75.0,75.0,74.0,73.0,75.0,73.0,73.0
1791041817.8,max,75.0,80.0,3500,6.61,400,3456200,76.0,73.0,3.0,74.0,73.0,74.0,75.0,74.0,76.0,75.0,73.0,73.0,73.0
1791041818.9,max,75.0,79.0,3500,6.37,400,3458696,75.0,73.0,2.0,73.0,73.0,75.0,75.0,74.0,74.0,75.0,73.0,73.0,73.0
1791041819.9,max,75.0,79.0,3500,6.43,400,3461176,75.0,73.0,2.0,74.0,73.0,74.0,74.0,74.0,74.0,73.0,75.0,75.0,73.0
1791041821.0,max,74.0,79.0,3500,6.38,400,3463688,74.0,73.0,1.0,73.0,73.0,74.0,74.0,73.0,74.0,73.0,73.0,73.0,73.0
1791041822.0,max,74.0,79.0,3500,6.31,400,3466136,73.0,72.0,1.0,73.0,73.0,73.0,73.0,73.0,72.0,72.0,72.0,72.0,72.0
1791041823.1,max,75.0,78.0,3500,6.31,400,3468560,73.0,72.0,1.0,73.0,73.0,73.0,73.0,73.0,73.0,72.0,72.0,72.0,72.0
1791041824.1,max,72.0,78.0,3500,6.25,400,3471040,73.0,72.0,1.0,72.0,72.0,72.0,72.0,73.0,73.0,72.0,72.0,72.0,72.0
1791041825.2,max,74.0,78.0,3500,6.26,400,3473520,73.0,71.0,2.0,72.0,71.0,73.0,73.0,72.0,72.0,72.0,71.0,72.0,72.0
1791041826.2,max,74.0,77.0,3500,6.29,400,3476048,72.0,70.0,2.0,72.0,71.0,72.0,72.0,72.0,72.0,72.0,72.0,70.0,70.0
1791041827.3,max,72.0,77.0,3500,6.34,400,3478568,72.0,69.0,3.0,71.0,71.0,72.0,72.0,72.0,72.0,69.0,71.0,71.0,71.0
1791041828.3,max,72.0,76.0,3500,6.23,400,3481104,72.0,70.0,2.0,71.0,71.0,72.0,72.0,72.0,72.0,70.0,70.0,70.0,71.0
1791041829.4,max,72.0,76.0,3500,6.2,400,3483640,72.0,69.0,3.0,71.0,71.0,72.0,71.0,72.0,72.0,71.0,71.0,69.0,71.0
1791041830.4,max,72.0,76.0,3500,6.15,400,3486184,72.0,69.0,3.0,69.0,69.0,71.0,72.0,72.0,72.0,69.0,69.0,69.0,69.0
1791041831.5,max,72.0,76.0,3500,6.4,400,3488608,71.0,69.0,2.0,71.0,71.0,69.0,71.0,70.0,70.0,69.0,69.0,69.0,69.0
1791041832.5,max,72.0,76.0,3500,6.08,400,3491144,72.0,69.0,3.0,69.0,69.0,70.0,71.0,72.0,71.0,69.0,69.0,69.0,69.0
1791041833.6,max,71.0,75.0,3500,6.09,400,3493656,71.0,69.0,2.0,71.0,69.0,70.0,71.0,70.0,70.0,71.0,69.0,69.0,69.0
1791041834.6,max,70.0,75.0,3500,6.07,400,3496200,71.0,68.0,3.0,69.0,69.0,68.0,68.0,71.0,69.0,69.0,68.0,69.0,68.0
1791041835.7,max,71.0,75.0,3500,6.07,400,3498728,69.0,68.0,1.0,68.0,68.0,69.0,69.0,69.0,69.0,68.0,68.0,68.0,69.0
1791041836.7,max,70.0,75.0,3500,6.05,400,3501264,71.0,68.0,3.0,69.0,68.0,71.0,71.0,69.0,69.0,68.0,68.0,68.0,69.0
1791041837.8,max,70.0,75.0,3500,6.18,400,3503776,69.0,68.0,1.0,69.0,68.0,69.0,69.0,69.0,69.0,69.0,68.0,68.0,68.0
1791041838.8,max,70.0,75.0,3500,6.42,400,3505992,69.0,68.0,1.0,68.0,68.0,69.0,69.0,69.0,69.0,68.0,68.0,68.0,68.0
1791041839.9,max,70.0,74.0,3500,6.47,400,3508168,69.0,68.0,1.0,68.0,68.0,69.0,69.0,69.0,69.0,68.0,68.0,68.0,68.0
1791041840.9,max,69.0,74.0,3500,6.26,400,3510456,68.0,66.0,2.0,68.0,67.0,68.0,68.0,68.0,68.0,66.0,66.0,66.0,68.0
1791041842.0,max,70.0,74.0,3500,6.09,400,3512864,69.0,66.0,3.0,67.0,67.0,69.0,69.0,68.0,69.0,66.0,66.0,68.0,68.0
1791041843.0,max,94.0,74.0,3500,33.01,3300,3527808,97.0,90.0,7.0,97.0,93.0,90.0,90.0,90.0,90.0,91.0,91.0,91.0,91.0
1791041844.0,max,96.0,77.0,3500,38.49,3100,3546480,94.0,87.0,7.0,94.0,90.0,90.0,90.0,90.0,89.0,87.0,87.0,87.0,87.0
1791041845.0,max,94.0,80.0,3500,36.42,3100,3564856,96.0,88.0,8.0,96.0,90.0,90.0,90.0,90.0,90.0,88.0,88.0,88.0,88.0
1791041846.1,max,96.0,84.0,3500,35.45,3100,3583104,94.0,88.0,6.0,94.0,92.0,90.0,90.0,90.0,90.0,88.0,88.0,88.0,88.0
1791041847.1,max,96.0,87.0,3500,34.67,3100,3601088,96.0,88.0,8.0,96.0,92.0,92.0,92.0,92.0,92.0,90.0,90.0,88.0,88.0
1791041848.1,max,94.0,91.0,3500,33.84,3100,3618928,96.0,90.0,6.0,96.0,92.0,90.0,90.0,90.0,90.0,90.0,90.0,90.0,90.0
1791041849.1,max,94.0,95.0,3500,33.64,3100,3636656,96.0,88.0,8.0,96.0,92.0,92.0,92.0,92.0,92.0,88.0,88.0,90.0,90.0
1791041850.1,max,94.0,95.0,3500,33.14,2967,3654288,94.0,90.0,4.0,94.0,92.0,90.0,90.0,90.0,90.0,90.0,90.0,90.0,90.0
1791041851.1,max,96.0,95.0,3500,32.67,2967,3671808,94.0,88.0,6.0,94.0,92.0,90.0,90.0,90.0,90.0,88.0,88.0,88.0,88.0
1791041852.1,max,94.0,95.0,3500,32.1,2967,3689184,94.0,88.0,6.0,94.0,92.0,92.0,92.0,90.0,90.0,88.0,88.0,88.0,88.0
1791041853.1,max,96.0,95.0,3500,31.68,2967,3706176,96.0,90.0,6.0,96.0,93.0,90.0,90.0,92.0,92.0,91.0,91.0,91.0,91.0
1791041854.2,max,96.0,95.0,3500,31.01,2967,3723240,96.0,91.0,5.0,96.0,93.0,93.0,93.0,93.0,93.0,91.0,91.0,91.0,91.0
1791041855.2,max,96.0,95.0,3500,30.79,2951,3740280,96.0,91.0,5.0,96.0,92.0,92.0,92.0,92.0,92.0,91.0,91.0,91.0,91.0
1791041856.2,max,96.0,95.0,3500,30.33,2867,3757232,94.0,91.0,3.0,94.0,92.0,92.0,92.0,92.0,92.0,91.0,91.0,91.0,91.0
1791041857.2,max,94.0,95.0,3500,30.26,2867,3774136,96.0,90.0,6.0,96.0,92.0,92.0,92.0,92.0,92.0,91.0,91.0,90.0,90.0
1791041858.2,max,96.0,95.0,3500,29.81,2808,3790872,94.0,90.0,4.0,94.0,92.0,92.0,92.0,92.0,92.0,90.0,90.0,90.0,90.0
1791041859.2,max,96.0,95.0,3500,29.43,2776,3807552,96.0,90.0,6.0,96.0,92.0,92.0,92.0,92.0,92.0,90.0,90.0,90.0,90.0
1791041860.2,max,94.0,95.0,3500,29.15,2867,3824168,96.0,91.0,5.0,96.0,92.0,93.0,93.0,93.0,93.0,91.0,91.0,91.0,91.0
1791041861.2,max,94.0,95.0,3500,29.02,2634,3839776,94.0,88.0,6.0,94.0,88.0,90.0,90.0,90.0,90.0,90.0,90.0,90.0,90.0
1791041862.3,max,96.0,95.0,3500,28.14,2788,3856112,96.0,90.0,6.0,96.0,93.0,90.0,90.0,90.0,92.0,91.0,91.0,91.0,91.0
1791041863.3,max,94.0,95.0,3500,28.47,2867,3872424,96.0,91.0,5.0,96.0,93.0,93.0,93.0,93.0,93.0,91.0,91.0,91.0,91.0
1791041864.3,max,94.0,95.0,3500,29.89,2867,3889104,97.0,91.0,6.0,97.0,94.0,94.0,94.0,94.0,94.0,93.0,93.0,91.0,91.0
1791041865.3,max,96.0,95.0,3500,30.64,2867,3905768,97.0,93.0,4.0,97.0,93.0,94.0,94.0,94.0,94.0,93.0,93.0,93.0,93.0
1791041866.3,max,94.0,95.0,3500,27.92,2733,3921760,94.0,90.0,4.0,94.0,90.0,92.0,92.0,92.0,92.0,91.0,91.0,91.0,91.0
1791041867.3,max,93.0,95.0,3500,26.55,2733,3937384,94.0,91.0,3.0,94.0,92.0,92.0,92.0,92.0,92.0,91.0,91.0,91.0,91.0
1791041868.3,max,96.0,95.0,3500,26.8,2733,3953056,94.0,90.0,4.0,94.0,92.0,92.0,92.0,92.0,92.0,90.0,90.0,90.0,90.0
1791041869.3,max,94.0,95.0,3500,26.48,2733,3968640,94.0,89.0,5.0,94.0,89.0,90.0,90.0,90.0,90.0,90.0,90.0,90.0,90.0
1791041870.3,max,96.0,95.0,3500,27.0,2733,3984544,94.0,91.0,3.0,94.0,92.0,93.0,92.0,92.0,92.0,91.0,91.0,91.0,91.0
1791041871.4,max,94.0,95.0,3500,26.94,2733,4000504,94.0,91.0,3.0,94.0,92.0,92.0,92.0,92.0,92.0,91.0,91.0,91.0,91.0
1791041872.4,max,94.0,95.0,3500,27.12,2733,4016520,94.0,90.0,4.0,94.0,93.0,93.0,93.0,93.0,93.0,90.0,90.0,90.0,91.0
1791041873.4,max,94.0,95.0,3500,26.69,2733,4032352,96.0,91.0,5.0,96.0,93.0,92.0,92.0,92.0,92.0,91.0,91.0,91.0,91.0
1791041874.4,max,96.0,95.0,3500,26.54,2733,4048200,94.0,91.0,3.0,94.0,92.0,93.0,93.0,93.0,93.0,91.0,91.0,91.0,91.0
1791041875.4,max,96.0,95.0,3500,26.34,2733,4064008,94.0,91.0,3.0,94.0,93.0,92.0,92.0,92.0,92.0,91.0,91.0,91.0,91.0
1791041876.4,max,94.0,95.0,3500,26.51,2733,4079840,94.0,91.0,3.0,94.0,92.0,93.0,93.0,93.0,93.0,91.0,91.0,91.0,91.0
1791041877.4,max,96.0,95.0,3500,26.45,2636,4095680,94.0,91.0,3.0,94.0,92.0,93.0,93.0,93.0,92.0,91.0,91.0,91.0,91.0
1791041878.4,max,94.0,95.0,3500,26.35,2633,4111400,94.0,91.0,3.0,94.0,92.0,93.0,93.0,93.0,93.0,91.0,91.0,91.0,91.0
1791041879.5,max,94.0,95.0,3500,26.31,2733,4127184,94.0,91.0,3.0,94.0,92.0,94.0,94.0,94.0,94.0,91.0,91.0,91.0,91.0
1791041880.5,max,94.0,95.0,3500,26.16,2733,4142880,94.0,91.0,3.0,94.0,92.0,92.0,92.0,92.0,92.0,91.0,91.0,91.0,91.0
1791041881.5,max,94.0,95.0,3500,25.92,2633,4158568,96.0,91.0,5.0,96.0,93.0,92.0,92.0,92.0,92.0,91.0,91.0,91.0,91.0
1791041882.5,max,94.0,95.0,3500,25.84,2633,4173136,96.0,91.0,5.0,96.0,92.0,92.0,92.0,92.0,92.0,91.0,91.0,91.0,91.0
1791041883.5,max,94.0,95.0,3500,26.01,2630,4188472,94.0,91.0,3.0,94.0,92.0,93.0,93.0,93.0,93.0,91.0,91.0,91.0,91.0
1791041884.5,max,94.0,95.0,3500,25.68,2633,4204064,94.0,91.0,3.0,94.0,93.0,92.0,92.0,92.0,92.0,91.0,91.0,91.0,91.0
1791041885.5,max,94.0,95.0,3500,25.89,2651,4219728,94.0,91.0,3.0,94.0,93.0,94.0,94.0,94.0,94.0,91.0,91.0,91.0,91.0
1791041886.6,max,94.0,95.0,3500,25.7,2633,4235408,94.0,91.0,3.0,94.0,93.0,94.0,93.0,93.0,93.0,91.0,91.0,91.0,91.0
1791041887.6,max,94.0,95.0,3500,25.78,2633,4251064,96.0,91.0,5.0,96.0,92.0,92.0,92.0,92.0,92.0,91.0,91.0,91.0,91.0
1791041888.6,max,94.0,95.0,3500,25.94,2633,4266712,96.0,91.0,5.0,96.0,93.0,93.0,93.0,93.0,93.0,91.0,91.0,91.0,91.0
1791041889.6,max,94.0,95.0,3500,25.73,2633,4282800,96.0,91.0,5.0,96.0,92.0,93.0,93.0,93.0,93.0,91.0,91.0,91.0,91.0
1791041890.6,max,94.0,95.0,3500,25.55,2633,4298240,94.0,91.0,3.0,94.0,93.0,93.0,93.0,93.0,93.0,91.0,91.0,91.0,91.0
1791041891.7,max,82.0,95.0,3500,13.7,400,4305456,81.0,78.0,3.0,78.0,80.0,81.0,80.0,80.0,80.0,79.0,79.0,79.0,79.0
1791041892.7,max,80.0,93.0,3500,6.64,400,4307976,80.0,77.0,3.0,77.0,80.0,80.0,78.0,80.0,80.0,79.0,78.0,79.0,78.0
1791041893.8,max,79.0,91.0,3500,6.71,400,4310368,79.0,77.0,2.0,77.0,77.0,78.0,78.0,78.0,78.0,79.0,79.0,78.0,79.0
1791041894.8,max,79.0,89.0,3500,6.47,400,4312904,78.0,76.0,2.0,77.0,77.0,78.0,78.0,77.0,78.0,77.0,77.0,76.0,78.0
1791041895.9,max,79.0,84.0,3500,6.47,400,4315424,77.0,76.0,1.0,76.0,76.0,77.0,77.0,77.0,77.0,76.0,76.0,77.0,77.0
1791041896.9,max,78.0,82.0,3500,6.45,400,4317960,77.0,76.0,1.0,76.0,76.0,77.0,77.0,77.0,77.0,77.0,76.0,76.0,77.0
1791041898.0,max,77.0,81.0,3500,6.4,400,4320480,77.0,75.0,2.0,75.0,76.0,77.0,76.0,77.0,77.0,75.0,76.0,76.0,76.0
1791041899.0,max,77.0,81.0,3500,6.52,400,4323016,77.0,74.0,3.0,74.0,74.0,77.0,77.0,77.0,77.0,75.0,76.0,76.0,76.0
1791041900.1,max,76.0,81.0,3500,6.39,400,4325536,77.0,74.0,3.0,74.0,74.0,76.0,77.0,77.0,77.0,75.0,75.0,75.0,75.0
1791041901.1,max,76.0,80.0,3500,6.36,400,4328048,76.0,73.0,3.0,73.0,74.0,76.0,76.0,76.0,76.0,75.0,75.0,75.0,75.0
1791041902.2,max,76.0,80.0,3500,6.33,400,4330568,76.0,73.0,3.0,73.0,73.0,75.0,76.0,76.0,76.0,75.0,75.0,75.0,74.0
1791041903.2,max,75.0,80.0,3500,6.44,400,4332976,75.0,73.0,2.0,73.0,74.0,74.0,74.0,75.0,75.0,75.0,75.0,73.0,75.0
1791041904.3,max,75.0,80.0,3500,6.88,400,4335104,76.0,73.0,3.0,73.0,74.0,75.0,75.0,76.0,76.0,73.0,75.0,75.0,73.0
1791041905.4,max,75.0,79.0,3500,6.63,400,4337248,74.0,72.0,2.0,73.0,73.0,74.0,74.0,74.0,74.0,73.0,72.0,72.0,72.0
1791041906.4,max,74.0,79.0,3500,6.32,400,4339768,74.0,72.0,2.0,72.0,73.0,74.0,74.0,74.0,74.0,73.0,73.0,73.0,73.0
1791041907.5,max,75.0,79.0,3500,6.34,400,4342256,74.0,72.0,2.0,72.0,72.0,74.0,74.0,73.0,73.0,73.0,72.0,72.0,72.0
1791041908.5,max,74.0,78.0,3500,6.41,400,4344696,74.0,72.0,2.0,72.0,72.0,74.0,74.0,73.0,73.0,72.0,72.0,72.0,72.0
1791041909.6,max,74.0,78.0,3500,6.38,400,4347224,74.0,71.0,3.0,72.0,71.0,74.0,73.0,73.0,73.0,72.0,72.0,72.0,72.0
1791041910.6,max,73.0,78.0,3500,6.29,400,4349752,73.0,71.0,2.0,72.0,71.0,72.0,72.0,73.0,73.0,72.0,72.0,71.0,72.0
1791041911.7,max,72.0,77.0,3500,6.28,400,4352280,73.0,71.0,2.0,71.0,71.0,72.0,72.0,73.0,72.0,71.0,71.0,71.0,72.0
1791041912.7,max,72.0,77.0,3500,6.24,400,4354824,73.0,71.0,2.0,72.0,71.0,71.0,73.0,73.0,71.0,71.0,71.0,71.0,71.0
1791041913.8,max,72.0,76.0,3500,6.39,400,4357176,72.0,70.0,2.0,71.0,71.0,72.0,72.0,72.0,72.0,70.0,71.0,70.0,70.0
1791041914.8,max,72.0,76.0,3500,6.25,400,4359680,73.0,70.0,3.0,71.0,71.0,72.0,72.0,72.0,73.0,70.0,71.0,71.0,71.0
1791041915.9,max,72.0,76.0,3500,6.35,400,4362136,72.0,69.0,3.0,69.0,69.0,71.0,71.0,71.0,72.0,69.0,69.0,69.0,69.0
1791041916.9,max,71.0,76.0,3500,6.29,400,4364632,72.0,69.0,3.0,71.0,71.0,72.0,72.0,71.0,71.0,71.0,70.0,70.0,69.0
1791041918.0,max,71.0,76.0,3500,6.19,400,4367136,71.0,69.0,2.0,69.0,69.0,71.0,71.0,70.0,70.0,69.0,69.0,69.0,69.0
1791041919.0,max,72.0,76.0,3500,6.21,400,4369648,71.0,69.0,2.0,69.0,69.0,71.0,71.0,71.0,71.0,71.0,69.0,69.0,69.0
1791041920.1,max,71.0,75.0,3500,6.07,400,4372184,71.0,68.0,3.0,69.0,68.0,70.0,70.0,70.0,71.0,69.0,68.0,68.0,68.0
1791041921.1,max,71.0,75.0,3500,6.05,400,4374728,70.0,68.0,2.0,69.0,69.0,70.0,70.0,70.0,69.0,69.0,68.0,69.0,69.0
1791041922.2,max,70.0,75.0,3500,6.07,400,4377264,70.0,68.0,2.0,69.0,68.0,69.0,70.0,70.0,69.0,69.0,69.0,69.0,68.0
1791041923.2,max,70.0,75.0,3500,6.08,400,4379760,69.0,68.0,1.0,68.0,68.0,69.0,69.0,69.0,69.0,68.0,68.0,69.0,68.0
1791041924.3,max,69.0,75.0,3500,6.05,400,4382296,69.0,68.0,1.0,68.0,68.0,69.0,69.0,69.0,69.0,68.0,69.0,68.0,68.0
1791041925.3,max,69.0,75.0,3500,6.04,400,4384832,69.0,68.0,1.0,68.0,68.0,69.0,69.0,69.0,69.0,69.0,68.0,68.0,68.0
1791041926.4,max,69.0,74.0,3500,6.39,400,4387032,69.0,68.0,1.0,69.0,68.0,69.0,69.0,69.0,69.0,69.0,69.0,68.0,68.0
1791041927.4,max,70.0,74.0,3500,6.48,400,4389256,69.0,68.0,1.0,68.0,68.0,69.0,68.0,69.0,69.0,68.0,68.0,68.0,68.0
1791041928.5,max,69.0,74.0,3500,6.4,400,4391400,69.0,66.0,3.0,69.0,66.0,69.0,69.0,68.0,69.0,66.0,66.0,68.0,67.0
1791041929.6,max,69.0,74.0,3500,6.04,400,4393872,69.0,67.0,2.0,67.0,68.0,69.0,69.0,69.0,69.0,68.0,68.0,68.0,68.0
1791041930.6,max,69.0,73.0,3500,6.18,400,4396424,69.0,67.0,2.0,67.0,67.0,69.0,69.0,69.0,68.0,68.0,68.0,67.0,67.0
1791041931.7,max,96.0,73.0,3500,8.18,3567,4399968,96.0,86.0,10.0,96.0,90.0,89.0,89.0,89.0,89.0,86.0,86.0,86.0,86.0
1791041932.7,max,94.0,76.0,3500,40.02,3300,4419000,97.0,90.0,7.0,97.0,93.0,93.0,93.0,93.0,93.0,90.0,90.0,90.0,90.0
1791041933.7,max,96.0,80.0,3500,41.56,3144,4438064,96.0,88.0,8.0,96.0,90.0,90.0,90.0,90.0,90.0,88.0,88.0,88.0,88.0
1791041934.7,max,94.0,83.0,3500,36.25,3200,4456400,94.0,90.0,4.0,94.0,92.0,90.0,90.0,90.0,90.0,90.0,90.0,90.0,90.0
1791041935.7,max,94.0,87.0,3500,35.8,3100,4474712,96.0,90.0,6.0,96.0,90.0,92.0,92.0,92.0,92.0,90.0,90.0,90.0,90.0
1791041936.7,max,94.0,91.0,3500,34.83,3100,4492736,94.0,88.0,6.0,94.0,92.0,92.0,92.0,92.0,92.0,88.0,88.0,88.0,90.0
1791041937.7,max,94.0,95.0,3500,34.25,3100,4510496,94.0,90.0,4.0,94.0,92.0,92.0,92.0,92.0,92.0,90.0,90.0,90.0,90.0
1791041938.7,max,94.0,95.0,3500,33.87,3000,4528304,94.0,88.0,6.0,94.0,92.0,92.0,92.0,92.0,92.0,88.0,88.0,90.0,90.0
1791041939.8,max,96.0,95.0,3500,33.26,2967,4545992,94.0,90.0,4.0,94.0,92.0,92.0,92.0,92.0,92.0,90.0,90.0,90.0,90.0
1791041940.8,max,94.0,95.0,3500,32.73,3000,4563552,94.0,91.0,3.0,94.0,93.0,92.0,92.0,92.0,92.0,91.0,91.0,91.0,91.0
1791041941.8,max,96.0,95.0,3500,32.26,2964,4580896,94.0,90.0,4.0,94.0,92.0,92.0,92.0,92.0,92.0,90.0,90.0,90.0,90.0
1791041942.8,max,94.0,95.0,3500,31.35,2967,4598080,94.0,90.0,4.0,94.0,92.0,90.0,90.0,90.0,90.0,91.0,91.0,91.0,91.0
1791041943.8,max,94.0,95.0,3500,30.76,2967,4615096,94.0,90.0,4.0,94.0,93.0,92.0,92.0,92.0,92.0,90.0,90.0,90.0,91.0
1791041944.8,max,96.0,95.0,3500,33.65,3000,4632392,96.0,91.0,5.0,96.0,93.0,93.0,93.0,93.0,93.0,91.0,91.0,91.0,91.0
1791041945.8,max,96.0,95.0,3500,33.47,2967,4649600,96.0,91.0,5.0,96.0,94.0,94.0,94.0,94.0,94.0,91.0,91.0,91.0,91.0
1791041946.8,max,94.0,95.0,3500,31.01,2867,4666384,94.0,91.0,3.0,94.0,93.0,93.0,93.0,92.0,92.0,91.0,91.0,91.0,91.0
1791041947.8,max,94.0,95.0,3500,29.45,2867,4683000,94.0,90.0,4.0,94.0,93.0,92.0,92.0,92.0,92.0,90.0,90.0,91.0,91.0
1791041948.9,max,93.0,95.0,3500,29.13,2867,4699624,94.0,90.0,4.0,94.0,92.0,92.0,92.0,92.0,92.0,91.0,90.0,91.0,91.0
1791041949.9,max,94.0,95.0,3500,29.81,2767,4715312,94.0,90.0,4.0,94.0,92.0,92.0,92.0,92.0,92.0,90.0,90.0,90.0,90.0
1791041950.9,max,94.0,95.0,3500,28.38,2851,4731792,94.0,91.0,3.0,94.0,93.0,92.0,92.0,92.0,92.0,91.0,91.0,91.0,91.0
1791041951.9,max,94.0,95.0,3500,28.24,2767,4748184,94.0,90.0,4.0,94.0,92.0,92.0,92.0,92.0,92.0,90.0,91.0,91.0,91.0
1791041952.9,max,94.0,95.0,3500,27.9,2767,4764544,96.0,91.0,5.0,96.0,92.0,93.0,93.0,92.0,92.0,91.0,91.0,91.0,91.0
1791041953.9,max,94.0,95.0,3500,27.98,2766,4780920,94.0,91.0,3.0,94.0,93.0,93.0,93.0,93.0,93.0,91.0,91.0,91.0,91.0
1791041955.0,max,94.0,95.0,3500,27.57,2733,4797096,96.0,90.0,6.0,96.0,93.0,92.0,92.0,92.0,92.0,90.0,90.0,91.0,91.0
1791041956.0,max,96.0,95.0,3500,27.53,2757,4813312,94.0,91.0,3.0,94.0,93.0,92.0,92.0,92.0,92.0,91.0,91.0,91.0,91.0
1791041957.0,max,94.0,95.0,3500,27.51,2733,4829320,96.0,91.0,5.0,96.0,93.0,92.0,92.0,92.0,92.0,91.0,91.0,91.0,91.0
1791041958.0,max,96.0,95.0,3500,27.18,2733,4845440,96.0,91.0,5.0,96.0,93.0,93.0,93.0,92.0,92.0,91.0,91.0,91.0,91.0
1791041959.0,max,96.0,95.0,3500,26.72,2733,4861336,94.0,91.0,3.0,94.0,93.0,92.0,92.0,93.0,93.0,91.0,91.0,91.0,91.0
1791041960.0,max,94.0,95.0,3500,26.98,2733,4877296,94.0,91.0,3.0,94.0,93.0,92.0,92.0,92.0,92.0,91.0,91.0,91.0,91.0
1791041961.0,max,94.0,95.0,3500,26.89,2733,4893224,94.0,91.0,3.0,94.0,93.0,92.0,92.0,92.0,92.0,91.0,91.0,91.0,91.0
1791041962.0,max,94.0,95.0,3500,26.54,2733,4909096,96.0,91.0,5.0,96.0,93.0,92.0,92.0,92.0,92.0,91.0,91.0,91.0,91.0
1791041963.1,max,96.0,95.0,3500,26.41,2709,4924920,94.0,91.0,3.0,94.0,93.0,94.0,94.0,94.0,94.0,91.0,91.0,91.0,91.0
1791041964.1,max,94.0,95.0,3500,26.46,2733,4940688,94.0,91.0,3.0,94.0,93.0,92.0,92.0,92.0,92.0,91.0,91.0,91.0,91.0
1791041965.1,max,94.0,95.0,3500,26.24,2733,4956496,96.0,91.0,5.0,96.0,92.0,92.0,92.0,92.0,92.0,91.0,91.0,91.0,91.0
1791041966.1,max,96.0,95.0,3500,26.29,2730,4972272,96.0,91.0,5.0,96.0,92.0,92.0,92.0,92.0,92.0,91.0,91.0,91.0,91.0
1791041967.1,max,94.0,95.0,3500,26.94,2733,4988016,96.0,91.0,5.0,96.0,93.0,92.0,92.0,92.0,92.0,91.0,91.0,91.0,91.0
1791041968.1,max,94.0,95.0,3500,26.08,2733,5003720,94.0,91.0,3.0,94.0,93.0,93.0,93.0,93.0,93.0,91.0,91.0,91.0,91.0
1791041969.1,max,96.0,95.0,3500,26.08,2622,5019416,94.0,91.0,3.0,94.0,92.0,92.0,92.0,92.0,92.0,91.0,91.0,91.0,91.0
1791041970.2,max,94.0,95.0,3500,25.89,2467,5034832,94.0,90.0,4.0,94.0,90.0,92.0,92.0,92.0,92.0,91.0,91.0,91.0,91.0
1791041971.2,max,94.0,95.0,3500,26.93,2646,5050320,94.0,91.0,3.0,94.0,93.0,93.0,93.0,93.0,93.0,91.0,91.0,91.0,91.0
1791041972.2,max,86.0,95.0,3500,25.55,400,5065648,85.0,83.0,2.0,83.0,84.0,85.0,84.0,84.0,84.0,85.0,84.0,83.0,83.0
1791041973.3,max,80.0,93.0,3500,6.64,400,5068184,80.0,78.0,2.0,80.0,78.0,80.0,80.0,80.0,80.0,79.0,79.0,79.0,79.0
1791041974.3,max,80.0,91.0,3500,6.64,400,5070640,80.0,77.0,3.0,77.0,78.0,80.0,80.0,80.0,80.0,79.0,79.0,79.0,79.0
1791041975.4,max,79.0,89.0,3500,6.5,400,5072976,80.0,76.0,4.0,76.0,77.0,78.0,78.0,80.0,80.0,79.0,77.0,77.0,77.0
1791041976.4,max,79.0,87.0,3500,6.45,400,5075504,78.0,76.0,2.0,76.0,77.0,78.0,78.0,78.0,78.0,76.0,76.0,77.0,77.0
1791041977.5,max,79.0,84.0,3500,6.6,400,5077944,78.0,76.0,2.0,76.0,76.0,78.0,77.0,77.0,77.0,76.0,76.0,76.0,76.0
1791041978.5,max,78.0,82.0,3500,6.45,400,5080480,78.0,76.0,2.0,76.0,76.0,77.0,77.0,77.0,78.0,76.0,76.0,77.0,77.0
1791041979.6,max,78.0,81.0,3500,6.43,400,5083016,77.0,74.0,3.0,75.0,76.0,76.0,76.0,77.0,77.0,76.0,74.0,75.0,75.0
1791041980.6,max,78.0,81.0,3500,6.39,400,5085552,77.0,73.0,4.0,74.0,73.0,76.0,77.0,77.0,77.0,75.0,75.0,75.0,75.0
1791041981.7,max,76.0,81.0,3500,6.54,400,5088072,77.0,74.0,3.0,75.0,76.0,75.0,77.0,77.0,76.0,74.0,74.0,74.0,74.0
1791041982.7,max,76.0,80.0,3500,6.49,400,5090608,76.0,73.0,3.0,74.0,74.0,76.0,76.0,76.0,76.0,73.0,75.0,75.0,75.0
1791041983.8,max,76.0,80.0,3500,6.39,400,5093096,75.0,73.0,2.0,73.0,73.0,74.0,74.0,74.0,74.0,74.0,73.0,73.0,75.0
1791041984.8,max,75.0,80.0,3500,6.33,400,5095640,75.0,73.0,2.0,73.0,73.0,74.0,74.0,75.0,74.0,75.0,73.0,73.0,73.0
1791041985.9,max,76.0,80.0,3500,6.38,400,5098160,75.0,73.0,2.0,73.0,73.0,74.0,74.0,75.0,75.0,73.0,73.0,73.0,73.0
1791041986.9,max,74.0,79.0,3500,6.4,400,5100672,74.0,72.0,2.0,73.0,73.0,74.0,74.0,74.0,74.0,72.0,73.0,73.0,73.0
1791041987.9,max,74.0,79.0,3500,6.3,400,5103080,74.0,72.0,2.0,73.0,73.0,74.0,73.0,73.0,74.0,72.0,72.0,73.0,73.0
1791041989.0,max,74.0,78.0,3500,6.36,400,5105560,74.0,72.0,2.0,73.0,72.0,73.0,73.0,73.0,74.0,72.0,72.0,72.0,72.0
1791041990.0,max,73.0,78.0,3500,6.27,400,5108024,73.0,72.0,1.0,72.0,72.0,73.0,73.0,73.0,72.0,72.0,72.0,72.0,72.0
1791041991.1,max,73.0,78.0,3500,6.34,400,5110504,73.0,72.0,1.0,72.0,72.0,73.0,73.0,73.0,73.0,72.0,72.0,72.0,72.0
1791041992.1,max,73.0,77.0,3500,6.62,400,5112848,73.0,71.0,2.0,72.0,72.0,72.0,73.0,73.0,73.0,71.0,72.0,72.0,71.0
1791041993.2,max,73.0,77.0,3500,6.51,400,5115176,72.0,71.0,1.0,72.0,71.0,72.0,72.0,72.0,72.0,72.0,71.0,71.0,71.0
1791041994.2,max,72.0,77.0,3500,6.44,400,5117592,73.0,71.0,2.0,71.0,71.0,73.0,73.0,73.0,72.0,71.0,72.0,71.0,71.0
1791041995.3,max,72.0,76.0,3500,6.22,400,5120024,72.0,69.0,3.0,72.0,71.0,72.0,72.0,72.0,71.0,71.0,69.0,71.0,71.0
1791041996.3,max,73.0,76.0,3500,6.22,400,5122544,72.0,70.0,2.0,71.0,71.0,71.0,71.0,72.0,72.0,70.0,70.0,70.0,71.0
1791041997.4,max,71.0,76.0,3500,6.17,400,5125152,72.0,69.0,3.0,69.0,71.0,72.0,71.0,70.0,70.0,72.0,71.0,71.0,71.0
1791041998.5,max,72.0,76.0,3500,6.11,400,5127688,72.0,69.0,3.0,69.0,69.0,72.0,70.0,70.0,71.0,71.0,69.0,70.0,70.0
1791041999.5,max,72.0,75.0,3500,6.22,400,5130160,71.0,69.0,2.0,71.0,69.0,71.0,70.0,71.0,71.0,69.0,69.0,69.0,69.0
1791042000.6,max,71.0,75.0,3500,6.11,400,5132680,72.0,69.0,3.0,69.0,69.0,71.0,70.0,70.0,72.0,69.0,69.0,69.0,69.0
1791042001.6,max,71.0,75.0,3500,6.23,400,5135216,70.0,68.0,2.0,69.0,68.0,70.0,70.0,70.0,70.0,69.0,69.0,69.0,69.0
1791042002.7,max,71.0,75.0,3500,6.07,400,5137824,69.0,69.0,0.0,69.0,69.0,69.0,69.0,69.0,69.0,69.0,69.0,69.0,69.0
1791042003.8,max,70.0,75.0,3500,6.07,400,5140352,70.0,68.0,2.0,69.0,68.0,69.0,69.0,70.0,70.0,69.0,69.0,69.0,69.0
1791042004.8,max,70.0,75.0,3500,6.06,400,5142848,69.0,68.0,1.0,68.0,68.0,69.0,69.0,69.0,69.0,68.0,68.0,68.0,69.0
1791042005.9,max,71.0,75.0,3500,6.17,400,5145184,69.0,68.0,1.0,68.0,68.0,69.0,69.0,68.0,68.0,69.0,68.0,68.0,68.0
1791042006.9,max,70.0,74.0,3500,6.05,400,5147712,71.0,67.0,4.0,68.0,67.0,71.0,69.0,68.0,68.0,68.0,68.0,68.0,68.0
1791042008.0,max,70.0,74.0,3500,6.04,400,5150248,69.0,68.0,1.0,68.0,68.0,69.0,69.0,69.0,69.0,69.0,68.0,68.0,68.0
1791042009.0,max,96.0,74.0,3500,16.74,3300,5157920,96.0,88.0,8.0,96.0,90.0,90.0,90.0,90.0,90.0,88.0,88.0,88.0,88.0
1791042010.0,max,94.0,77.0,3500,39.01,3300,5176496,97.0,91.0,6.0,97.0,94.0,93.0,93.0,93.0,93.0,91.0,91.0,91.0,91.0
1791042011.0,max,94.0,81.0,3500,41.3,3300,5195456,97.0,91.0,6.0,97.0,94.0,94.0,94.0,94.0,94.0,91.0,91.0,91.0,91.0
1791042012.1,max,96.0,84.0,3500,39.71,3200,5214040,97.0,91.0,6.0,97.0,93.0,93.0,93.0,93.0,93.0,91.0,91.0,91.0,91.0
1791042013.1,max,94.0,88.0,3500,35.74,3000,5232080,96.0,88.0,8.0,96.0,92.0,92.0,92.0,90.0,90.0,88.0,88.0,88.0,88.0
1791042014.1,max,96.0,91.0,3500,33.42,3000,5249816,94.0,88.0,6.0,94.0,90.0,90.0,90.0,90.0,90.0,88.0,88.0,88.0,88.0
1791042015.1,max,94.0,95.0,3500,33.43,2967,5267024,96.0,88.0,8.0,96.0,93.0,92.0,92.0,92.0,92.0,90.0,90.0,88.0,88.0
1791042016.1,max,96.0,95.0,3500,32.89,2967,5283992,96.0,88.0,8.0,96.0,92.0,92.0,90.0,90.0,90.0,88.0,88.0,88.0,88.0
1791042017.1,max,94.0,95.0,3500,32.16,2967,5301344,96.0,90.0,6.0,96.0,92.0,90.0,92.0,92.0,92.0,90.0,90.0,90.0,90.0
1791042018.1,max,94.0,95.0,3500,31.36,2967,5318504,94.0,90.0,4.0,94.0,92.0,92.0,92.0,92.0,92.0,90.0,90.0,90.0,90.0
1791042019.1,max,94.0,95.0,3500,31.93,3000,5335744,96.0,91.0,5.0,96.0,94.0,94.0,94.0,94.0,94.0,91.0,91.0,91.0,91.0
1791042020.1,max,94.0,95.0,3500,32.4,2867,5352792,96.0,91.0,5.0,96.0,92.0,92.0,92.0,92.0,92.0,91.0,91.0,91.0,91.0
1791042021.2,max,94.0,95.0,3500,30.46,2867,5369712,94.0,90.0,4.0,94.0,93.0,92.0,92.0,92.0,92.0,90.0,90.0,91.0,91.0
1791042022.2,max,94.0,95.0,3500,30.05,2867,5386576,96.0,90.0,6.0,96.0,93.0,93.0,93.0,93.0,93.0,90.0,90.0,90.0,90.0
1791042023.2,max,94.0,95.0,3500,29.82,2867,5403336,96.0,90.0,6.0,96.0,92.0,90.0,90.0,90.0,90.0,90.0,90.0,90.0,90.0
1791042024.2,max,94.0,95.0,3500,29.34,2831,5419952,94.0,91.0,3.0,94.0,92.0,92.0,92.0,92.0,92.0,91.0,91.0,91.0,91.0
1791042025.2,max,94.0,95.0,3500,28.95,2867,5436568,94.0,91.0,3.0,94.0,92.0,93.0,93.0,93.0,93.0,91.0,91.0,91.0,91.0
1791042026.2,max,96.0,95.0,3500,28.82,2860,5453080,94.0,91.0,3.0,94.0,94.0,92.0,92.0,92.0,92.0,91.0,91.0,91.0,91.0
1791042027.2,max,94.0,95.0,3500,28.49,2867,5469536,96.0,91.0,5.0,96.0,92.0,92.0,92.0,92.0,92.0,91.0,91.0,91.0,91.0
1791042028.3,max,96.0,95.0,3500,29.22,2867,5486056,96.0,91.0,5.0,96.0,94.0,94.0,94.0,94.0,94.0,91.0,91.0,91.0,91.0
1791042029.3,max,94.0,95.0,3500,30.05,2733,5502560,94.0,91.0,3.0,94.0,93.0,92.0,92.0,92.0,93.0,91.0,91.0,91.0,91.0
1791042030.3,max,96.0,95.0,3500,27.41,2733,5518616,96.0,91.0,5.0,96.0,93.0,93.0,93.0,93.0,93.0,91.0,91.0,91.0,91.0
1791042031.3,max,94.0,95.0,3500,27.28,2733,5534688,96.0,91.0,5.0,96.0,93.0,92.0,92.0,92.0,92.0,91.0,91.0,91.0,91.0
1791042032.3,max,94.0,95.0,3500,27.96,2867,5550920,96.0,93.0,3.0,96.0,93.0,94.0,94.0,94.0,94.0,93.0,93.0,93.0,93.0
1791042033.3,max,96.0,95.0,3500,27.5,2726,5566848,96.0,91.0,5.0,96.0,93.0,93.0,93.0,93.0,93.0,91.0,91.0,91.0,91.0
1791042034.3,max,94.0,95.0,3500,26.59,2687,5582768,96.0,91.0,5.0,96.0,93.0,92.0,92.0,92.0,92.0,91.0,91.0,91.0,91.0
1791042035.3,max,94.0,95.0,3500,26.31,2690,5598544,94.0,91.0,3.0,94.0,93.0,92.0,92.0,92.0,92.0,91.0,91.0,91.0,91.0
1791042036.3,max,96.0,95.0,3500,27.23,2600,5613400,94.0,91.0,3.0,94.0,94.0,92.0,92.0,92.0,92.0,91.0,91.0,91.0,91.0
1791042037.4,max,94.0,95.0,3500,25.83,2733,5628880,96.0,91.0,5.0,96.0,94.0,93.0,93.0,93.0,93.0,91.0,91.0,91.0,91.0
1791042038.4,max,94.0,95.0,3500,26.14,2733,5644664,96.0,91.0,5.0,96.0,93.0,92.0,92.0,92.0,92.0,91.0,91.0,91.0,91.0
1791042039.4,max,94.0,95.0,3500,25.9,2633,5660344,96.0,91.0,5.0,96.0,93.0,93.0,93.0,93.0,93.0,91.0,91.0,91.0,91.0
1791042040.4,max,94.0,95.0,3500,26.09,2633,5675976,96.0,91.0,5.0,96.0,93.0,93.0,93.0,93.0,93.0,91.0,91.0,91.0,91.0
1791042041.4,max,96.0,95.0,3500,25.6,2633,5691640,94.0,91.0,3.0,94.0,92.0,92.0,92.0,92.0,92.0,91.0,91.0,91.0,91.0
1791042042.4,max,94.0,95.0,3500,27.59,2867,5707608,97.0,91.0,6.0,97.0,94.0,94.0,94.0,94.0,94.0,91.0,91.0,91.0,91.0
1791042043.4,max,96.0,95.0,3500,27.18,2600,5723424,96.0,91.0,5.0,96.0,93.0,93.0,92.0,92.0,92.0,91.0,91.0,91.0,91.0
1791042044.5,max,94.0,95.0,3500,25.48,2633,5739000,96.0,91.0,5.0,96.0,93.0,93.0,93.0,93.0,93.0,91.0,91.0,91.0,91.0
1791042045.5,max,96.0,95.0,3500,25.37,2633,5754512,94.0,91.0,3.0,94.0,93.0,94.0,94.0,94.0,94.0,91.0,91.0,91.0,91.0
1791042046.5,max,94.0,95.0,3500,25.1,2600,5769896,93.0,91.0,2.0,93.0,92.0,92.0,92.0,92.0,92.0,91.0,91.0,91.0,91.0
1791042047.5,max,96.0,95.0,3500,25.13,2609,5785384,94.0,91.0,3.0,94.0,93.0,94.0,93.0,93.0,93.0,91.0,91.0,91.0,91.0
1791042048.5,max,96.0,95.0,3500,25.45,2633,5800904,96.0,91.0,5.0,96.0,93.0,93.0,93.0,93.0,93.0,91.0,91.0,91.0,91.0
1791042049.5,max,83.0,95.0,3500,21.88,400,5813816,84.0,80.0,4.0,80.0,81.0,82.0,82.0,82.0,84.0,82.0,80.0,82.0,82.0
1791042050.6,max,82.0,93.0,3500,6.91,400,5816208,81.0,78.0,3.0,79.0,78.0,81.0,81.0,81.0,80.0,78.0,79.0,79.0,79.0
1791042051.6,max,80.0,91.0,3500,6.69,400,5818672,79.0,78.0,1.0,79.0,78.0,78.0,78.0,78.0,78.0,79.0,79.0,79.0,79.0
1791042052.7,max,80.0,89.0,3500,6.48,400,5821152,79.0,77.0,2.0,77.0,78.0,77.0,77.0,78.0,78.0,78.0,79.0,79.0,78.0
1791042053.7,max,79.0,87.0,3500,6.6,400,5823688,78.0,76.0,2.0,76.0,77.0,77.0,77.0,78.0,77.0,77.0,77.0,78.0,78.0
1791042054.8,max,78.0,85.0,3500,6.54,400,5826184,78.0,76.0,2.0,76.0,77.0,77.0,77.0,77.0,77.0,77.0,77.0,77.0,78.0
1791042055.8,max,78.0,82.0,3500,6.46,400,5828720,78.0,76.0,2.0,76.0,76.0,77.0,77.0,78.0,78.0,76.0,76.0,76.0,76.0
1791042056.9,max,78.0,82.0,3500,6.55,400,5831240,77.0,75.0,2.0,75.0,76.0,77.0,77.0,77.0,77.0,76.0,76.0,76.0,76.0
1791042058.0,max,77.0,81.0,3500,6.73,400,5833592,77.0,74.0,3.0,76.0,74.0,76.0,77.0,77.0,76.0,76.0,76.0,76.0,75.0
1791042059.0,max,77.0,81.0,3500,6.67,400,5836008,77.0,74.0,3.0,76.0,74.0,76.0,76.0,76.0,77.0,75.0,75.0,74.0,74.0
1791042060.1,max,76.0,81.0,3500,6.77,400,5838248,77.0,75.0,2.0,75.0,76.0,77.0,76.0,77.0,77.0,75.0,75.0,75.0,75.0
1791042061.2,max,76.0,81.0,3500,6.57,400,5840744,75.0,73.0,2.0,75.0,74.0,74.0,74.0,74.0,74.0,73.0,73.0,73.0,74.0
1791042062.2,max,76.0,80.0,3500,6.42,400,5843280,76.0,73.0,3.0,74.0,73.0,74.0,74.0,76.0,74.0,75.0,75.0,75.0,75.0
1791042063.3,max,75.0,80.0,3500,6.4,400,5845800,74.0,73.0,1.0,73.0,73.0,74.0,74.0,74.0,74.0,73.0,73.0,73.0,73.0
1791042064.3,max,75.0,80.0,3500,6.47,400,5848216,75.0,73.0,2.0,73.0,73.0,74.0,74.0,74.0,75.0,73.0,73.0,73.0,73.0
1791042065.4,max,75.0,79.0,3500,6.53,400,5850672,74.0,72.0,2.0,73.0,73.0,73.0,74.0,74.0,74.0,73.0,72.0,73.0,73.0
1791042066.4,max,74.0,79.0,3500,6.29,400,5853136,74.0,72.0,2.0,73.0,73.0,74.0,74.0,73.0,74.0,72.0,73.0,73.0,73.0
1791042067.5,max,74.0,79.0,3500,6.3,400,5855544,74.0,72.0,2.0,73.0,72.0,73.0,73.0,74.0,74.0,72.0,73.0,73.0,72.0
1791042068.5,max,74.0,78.0,3500,6.27,400,5858064,73.0,72.0,1.0,73.0,73.0,73.0,73.0,73.0,73.0,72.0,72.0,72.0,72.0
1791042069.6,max,74.0,78.0,3500,6.25,400,5860592,73.0,71.0,2.0,72.0,71.0,73.0,73.0,73.0,73.0,72.0,72.0,72.0,72.0
1791042070.6,max,74.0,78.0,3500,6.27,400,5863128,74.0,71.0,3.0,72.0,72.0,74.0,74.0,72.0,73.0,72.0,72.0,71.0,72.0
1791042071.7,max,73.0,77.0,3500,6.27,400,5865656,72.0,71.0,1.0,72.0,72.0,72.0,72.0,72.0,72.0,71.0,71.0,71.0,71.0
1791042072.7,max,72.0,77.0,3500,6.26,400,5868048,73.0,71.0,2.0,72.0,71.0,72.0,73.0,73.0,73.0,72.0,72.0,72.0,72.0
1791042073.8,max,72.0,77.0,3500,6.11,400,5870520,72.0,71.0,1.0,71.0,71.0,72.0,72.0,72.0,72.0,72.0,72.0,71.0,71.0
1791042074.8,max,72.0,76.0,3500,6.35,400,5873040,73.0,70.0,3.0,71.0,72.0,73.0,71.0,72.0,72.0,70.0,70.0,70.0,70.0
1791042075.9,max,72.0,76.0,3500,6.23,400,5875552,72.0,69.0,3.0,71.0,71.0,71.0,71.0,72.0,72.0,69.0,69.0,69.0,69.0
1791042076.9,max,71.0,76.0,3500,6.18,400,5878072,72.0,69.0,3.0,69.0,69.0,71.0,71.0,71.0,72.0,71.0,69.0,69.0,70.0
1791042078.0,max,72.0,76.0,3500,6.13,400,5880616,72.0,69.0,3.0,70.0,71.0,72.0,72.0,72.0,72.0,71.0,69.0,69.0,69.0
1791042079.0,max,72.0,75.0,3500,6.1,400,5883136,71.0,69.0,2.0,69.0,71.0,70.0,71.0,71.0,71.0,70.0,70.0,69.0,69.0
1791042080.1,max,71.0,75.0,3500,6.12,400,5885672,71.0,69.0,2.0,69.0,71.0,69.0,70.0,70.0,70.0,69.0,69.0,69.0,69.0
1791042081.1,max,70.0,75.0,3500,6.2,400,5888104,72.0,69.0,3.0,69.0,69.0,70.0,70.0,70.0,72.0,69.0,69.0,69.0,69.0
1791042082.5,max,70.0,75.0,3500,6.55,400,5891208,70.0,69.0,1.0,69.0,69.0,69.0,70.0,70.0,70.0,69.0,69.0,69.0,69.0
1791042083.8,max,70.0,75.0,3500,6.47,400,5893648,71.0,68.0,3.0,69.0,68.0,69.0,71.0,69.0,69.0,69.0,68.0,68.0,69.0
1791042084.9,max,69.0,75.0,3500,6.2,400,5896168,69.0,68.0,1.0,68.0,68.0,69.0,69.0,69.0,69.0,68.0,68.0,68.0,68.0
1791042085.9,max,70.0,75.0,3500,6.05,400,5898696,69.0,68.0,1.0,68.0,69.0,69.0,69.0,69.0,69.0,68.0,68.0,69.0,68.0
1791042087.0,max,70.0,74.0,3500,6.17,400,5901232,69.0,68.0,1.0,68.0,68.0,69.0,69.0,69.0,69.0,69.0,68.0,68.0,69.0
1791042088.0,max,70.0,74.0,3500,6.04,400,5903784,69.0,67.0,2.0,68.0,67.0,69.0,68.0,69.0,69.0,68.0,68.0,68.0,68.0
1791042089.1,max,70.0,74.0,3500,6.15,400,5906312,69.0,66.0,3.0,68.0,68.0,68.0,69.0,69.0,68.0,68.0,68.0,66.0,66.0
1791042090.1,max,96.0,74.0,3500,12.95,3239,5912072,96.0,86.0,10.0,96.0,90.0,89.0,90.0,90.0,90.0,87.0,87.0,86.0,87.0
1791042091.1,max,96.0,77.0,3500,37.88,3237,5930856,96.0,88.0,8.0,96.0,93.0,92.0,92.0,92.0,90.0,88.0,88.0,88.0,88.0
1791042092.1,max,94.0,81.0,3500,36.79,3100,5949296,94.0,88.0,6.0,94.0,90.0,89.0,90.0,90.0,90.0,88.0,88.0,88.0,88.0
1791042093.2,max,96.0,84.0,3500,35.92,3100,5967624,94.0,88.0,6.0,94.0,90.0,90.0,90.0,90.0,90.0,88.0,88.0,88.0,88.0
1791042094.2,max,96.0,88.0,3500,34.91,3100,5985584,96.0,88.0,8.0,96.0,92.0,92.0,92.0,92.0,92.0,88.0,88.0,88.0,88.0
1791042095.2,max,96.0,91.0,3500,36.21,3100,6003720,96.0,91.0,5.0,96.0,93.0,93.0,93.0,93.0,93.0,91.0,91.0,91.0,91.0
1791042096.2,max,94.0,95.0,3500,33.7,2993,6021432,94.0,88.0,6.0,94.0,92.0,92.0,92.0,92.0,92.0,90.0,88.0,88.0,88.0
1791042097.2,max,94.0,95.0,3500,32.79,2967,6038752,96.0,90.0,6.0,96.0,92.0,92.0,92.0,92.0,92.0,90.0,90.0,90.0,90.0
1791042098.2,max,94.0,95.0,3500,32.17,2967,6056128,96.0,90.0,6.0,96.0,92.0,90.0,92.0,92.0,92.0,90.0,90.0,90.0,90.0
1791042099.2,max,94.0,95.0,3500,31.74,2965,6073440,96.0,90.0,6.0,96.0,92.0,92.0,92.0,92.0,92.0,90.0,90.0,90.0,90.0
1791042100.2,max,94.0,95.0,3500,31.27,2967,6090600,96.0,90.0,6.0,96.0,93.0,93.0,93.0,93.0,93.0,90.0,90.0,90.0,90.0
1791042101.2,max,96.0,95.0,3500,30.75,2867,6107640,94.0,90.0,4.0,94.0,92.0,90.0,92.0,92.0,92.0,90.0,90.0,90.0,90.0
1791042102.3,max,96.0,95.0,3500,30.44,2867,6124632,94.0,91.0,3.0,94.0,93.0,92.0,92.0,92.0,92.0,91.0,91.0,91.0,91.0
1791042103.3,max,96.0,95.0,3500,30.11,2767,6141552,96.0,90.0,6.0,96.0,93.0,92.0,92.0,92.0,92.0,90.0,90.0,90.0,90.0
1791042104.3,max,94.0,95.0,3500,29.4,2867,6157072,94.0,90.0,4.0,94.0,93.0,93.0,93.0,93.0,93.0,90.0,90.0,90.0,90.0
1791042105.3,max,94.0,95.0,3500,29.16,2767,6173704,96.0,90.0,6.0,96.0,92.0,92.0,90.0,93.0,93.0,91.0,91.0,91.0,91.0
1791042106.3,max,94.0,95.0,3500,29.08,2867,6190200,94.0,91.0,3.0,94.0,93.0,93.0,92.0,92.0,92.0,91.0,91.0,91.0,91.0
1791042107.3,max,96.0,95.0,3500,28.92,2767,6206712,94.0,91.0,3.0,94.0,93.0,93.0,93.0,93.0,93.0,91.0,91.0,91.0,91.0
1791042108.3,max,96.0,95.0,3500,28.29,2767,6223184,96.0,90.0,6.0,96.0,93.0,92.0,92.0,92.0,92.0,90.0,90.0,90.0,90.0
1791042109.4,max,94.0,95.0,3500,28.01,2767,6239424,94.0,90.0,4.0,94.0,92.0,93.0,93.0,92.0,92.0,90.0,90.0,90.0,90.0
1791042110.4,max,94.0,95.0,3500,27.84,2767,6255728,94.0,90.0,4.0,94.0,93.0,92.0,93.0,93.0,93.0,90.0,90.0,90.0,90.0
1791042111.4,max,96.0,95.0,3500,27.88,2867,6272032,96.0,91.0,5.0,96.0,93.0,93.0,92.0,93.0,94.0,91.0,91.0,91.0,91.0
1791042112.4,max,94.0,95.0,3500,27.57,2733,6288240,94.0,90.0,4.0,94.0,92.0,93.0,93.0,93.0,93.0,90.0,90.0,90.0,90.0
1791042113.4,max,94.0,95.0,3500,27.3,2733,6304376,94.0,90.0,4.0,94.0,92.0,92.0,93.0,93.0,93.0,90.0,90.0,90.0,91.0
1791042114.4,max,96.0,95.0,3500,28.38,2866,6320376,96.0,93.0,3.0,94.0,94.0,96.0,94.0,94.0,94.0,93.0,93.0,93.0,93.0
1791042115.4,max,96.0,95.0,3500,27.84,2639,6336472,96.0,91.0,5.0,96.0,93.0,93.0,93.0,93.0,93.0,91.0,91.0,91.0,91.0
1791042116.4,max,96.0,95.0,3500,26.62,2733,6352296,96.0,90.0,6.0,96.0,93.0,94.0,93.0,93.0,93.0,90.0,90.0,90.0,90.0
1791042117.5,max,96.0,95.0,3500,26.31,2633,6368120,96.0,91.0,5.0,96.0,92.0,92.0,92.0,92.0,92.0,91.0,91.0,91.0,91.0
1791042118.5,max,94.0,95.0,3500,26.4,2733,6383920,96.0,91.0,5.0,96.0,93.0,94.0,93.0,93.0,93.0,91.0,91.0,91.0,91.0
1791042119.5,max,94.0,95.0,3500,26.24,2671,6399712,94.0,91.0,3.0,93.0,92.0,94.0,92.0,92.0,92.0,91.0,91.0,91.0,91.0
1791042120.5,max,94.0,95.0,3500,26.17,2733,6415496,96.0,91.0,5.0,96.0,93.0,94.0,92.0,92.0,92.0,91.0,91.0,91.0,91.0
1791042121.5,max,96.0,95.0,3500,25.99,2633,6431152,96.0,91.0,5.0,96.0,92.0,92.0,92.0,92.0,92.0,91.0,91.0,91.0,91.0
1791042122.5,max,94.0,95.0,3500,25.66,2633,6446760,94.0,91.0,3.0,94.0,92.0,92.0,92.0,92.0,92.0,91.0,91.0,91.0,91.0
1791042123.6,max,96.0,95.0,3500,25.71,2717,6462856,96.0,91.0,5.0,94.0,93.0,96.0,96.0,94.0,94.0,91.0,91.0,91.0,91.0
1791042124.6,max,96.0,95.0,3500,26.04,2733,6478464,94.0,91.0,3.0,94.0,94.0,93.0,93.0,93.0,93.0,91.0,91.0,91.0,91.0
1791042125.6,max,94.0,95.0,3500,25.66,2767,6492928,94.0,93.0,1.0,93.0,94.0,94.0,94.0,94.0,94.0,93.0,93.0,93.0,93.0
1791042126.6,max,96.0,95.0,3500,27.36,2600,6508760,96.0,91.0,5.0,96.0,93.0,93.0,93.0,93.0,93.0,91.0,91.0,91.0,91.0
1791042127.6,max,94.0,95.0,3500,25.46,2636,6524112,96.0,91.0,5.0,96.0,93.0,96.0,96.0,94.0,96.0,91.0,91.0,91.0,91.0
1791042128.6,max,96.0,95.0,3500,25.29,2633,6539616,96.0,91.0,5.0,96.0,93.0,92.0,92.0,94.0,94.0,91.0,91.0,91.0,91.0
1791042129.6,max,94.0,95.0,3500,25.16,2633,6555088,94.0,91.0,3.0,94.0,93.0,94.0,93.0,93.0,93.0,91.0,91.0,91.0,91.0
1791042130.7,max,96.0,95.0,3500,25.04,2600,6570480,96.0,91.0,5.0,96.0,93.0,94.0,94.0,94.0,94.0,91.0,91.0,91.0,91.0
1791042131.7,max,94.0,95.0,3500,24.78,2633,6585816,94.0,91.0,3.0,94.0,92.0,92.0,92.0,92.0,92.0,91.0,91.0,91.0,91.0
1791042132.7,max,94.0,95.0,3500,24.96,2600,6601144,94.0,91.0,3.0,94.0,93.0,94.0,94.0,93.0,93.0,91.0,91.0,91.0,91.0
1791042133.7,max,94.0,95.0,3500,24.75,2600,6616480,94.0,91.0,3.0,94.0,93.0,93.0,93.0,93.0,93.0,91.0,91.0,91.0,91.0
1791042134.7,max,84.0,95.0,3500,22.95,400,6630216,84.0,82.0,2.0,83.0,82.0,84.0,84.0,84.0,82.0,82.0,82.0,82.0,82.0
1791042135.8,max,81.0,93.0,3500,6.69,400,6632704,81.0,79.0,2.0,79.0,81.0,81.0,81.0,81.0,81.0,79.0,79.0,79.0,79.0
1791042136.8,max,80.0,91.0,3500,6.59,400,6635224,80.0,78.0,2.0,79.0,80.0,80.0,80.0,80.0,80.0,79.0,78.0,78.0,79.0
1791042137.9,max,80.0,89.0,3500,6.53,400,6637768,80.0,77.0,3.0,78.0,77.0,80.0,80.0,80.0,78.0,78.0,78.0,78.0,78.0
1791042138.9,max,79.0,87.0,3500,6.52,400,6640320,80.0,76.0,4.0,77.0,77.0,78.0,78.0,78.0,80.0,78.0,76.0,76.0,76.0
1791042140.0,max,80.0,85.0,3500,6.5,400,6642816,78.0,76.0,2.0,77.0,77.0,77.0,78.0,78.0,77.0,77.0,76.0,76.0,76.0
1791042141.0,max,78.0,83.0,3500,6.49,400,6645336,78.0,76.0,2.0,76.0,77.0,78.0,78.0,78.0,78.0,76.0,76.0,76.0,76.0
1791042142.1,max,79.0,82.0,3500,6.51,400,6647856,77.0,76.0,1.0,76.0,76.0,77.0,77.0,76.0,77.0,76.0,76.0,77.0,77.0
1791042143.1,max,78.0,81.0,3500,6.45,400,6650384,77.0,75.0,2.0,75.0,76.0,77.0,77.0,77.0,77.0,76.0,76.0,76.0,76.0
1791042144.2,max,78.0,81.0,3500,6.58,400,6652824,77.0,74.0,3.0,75.0,74.0,77.0,77.0,77.0,77.0,76.0,76.0,75.0,75.0
1791042145.2,max,78.0,81.0,3500,6.37,400,6655352,77.0,74.0,3.0,75.0,74.0,77.0,76.0,77.0,76.0,75.0,75.0,75.0,74.0
1791042146.3,max,76.0,81.0,3500,6.53,400,6657792,77.0,73.0,4.0,74.0,73.0,76.0,76.0,77.0,77.0,74.0,75.0,75.0,75.0
1791042147.4,max,76.0,80.0,3500,6.73,400,6660184,77.0,73.0,4.0,75.0,73.0,77.0,76.0,76.0,77.0,75.0,73.0,73.0,75.0
1791042148.4,max,75.0,80.0,3500,6.65,400,6662464,75.0,73.0,2.0,74.0,73.0,75.0,75.0,75.0,75.0,75.0,75.0,75.0,73.0
1791042149.5,max,76.0,80.0,3500,6.56,400,6664816,76.0,73.0,3.0,73.0,73.0,74.0,74.0,74.0,76.0,73.0,73.0,73.0,73.0
1791042150.5,max,77.0,80.0,3500,6.32,400,6667360,76.0,72.0,4.0,73.0,72.0,76.0,76.0,76.0,76.0,73.0,73.0,72.0,72.0
1791042151.6,max,74.0,79.0,3500,6.39,400,6669848,74.0,73.0,1.0,73.0,73.0,73.0,74.0,74.0,74.0,73.0,73.0,73.0,73.0
1791042152.6,max,75.0,79.0,3500,6.26,400,6672376,74.0,72.0,2.0,73.0,73.0,74.0,74.0,74.0,74.0,72.0,72.0,72.0,72.0
1791042153.7,max,74.0,78.0,3500,6.4,400,6674904,74.0,72.0,2.0,73.0,73.0,73.0,74.0,74.0,74.0,72.0,72.0,72.0,72.0
1791042154.8,max,74.0,78.0,3500,6.29,400,6677440,74.0,72.0,2.0,73.0,72.0,74.0,73.0,73.0,74.0,72.0,72.0,72.0,72.0
1791042155.8,max,73.0,78.0,3500,6.37,400,6679904,74.0,71.0,3.0,73.0,71.0,74.0,73.0,73.0,73.0,71.0,72.0,71.0,71.0
1791042156.9,max,74.0,77.0,3500,6.26,400,6682424,74.0,71.0,3.0,73.0,71.0,73.0,74.0,73.0,73.0,71.0,71.0,72.0,72.0
1791042157.9,max,73.0,77.0,3500,6.41,400,6684936,73.0,72.0,1.0,72.0,72.0,73.0,73.0,73.0,73.0,72.0,72.0,72.0,72.0
1791042159.0,max,73.0,77.0,3500,6.32,400,6687320,73.0,70.0,3.0,72.0,71.0,73.0,73.0,73.0,73.0,70.0,70.0,70.0,71.0
1791042160.0,max,73.0,77.0,3500,6.26,400,6689848,73.0,71.0,2.0,72.0,71.0,73.0,73.0,73.0,72.0,71.0,71.0,71.0,71.0
1791042161.1,max,72.0,76.0,3500,6.29,400,6692368,73.0,69.0,4.0,71.0,69.0,73.0,73.0,71.0,73.0,71.0,70.0,70.0,69.0
1791042162.1,max,72.0,76.0,3500,6.35,400,6694904,73.0,69.0,4.0,71.0,71.0,73.0,73.0,72.0,73.0,69.0,69.0,69.0,69.0
1791042163.2,max,72.0,76.0,3500,6.33,400,6697440,73.0,69.0,4.0,71.0,71.0,72.0,72.0,73.0,72.0,69.0,69.0,69.0,69.0
1791042164.2,max,72.0,76.0,3500,6.2,400,6699960,73.0,69.0,4.0,72.0,71.0,71.0,72.0,73.0,73.0,69.0,69.0,69.0,69.0
1791042165.3,max,71.0,76.0,3500,6.13,400,6702472,72.0,69.0,3.0,70.0,69.0,72.0,72.0,72.0,72.0,69.0,69.0,69.0,69.0
1791042166.3,max,72.0,76.0,3500,6.29,400,6704912,72.0,69.0,3.0,71.0,69.0,70.0,70.0,72.0,72.0,69.0,69.0,69.0,69.0
1791042167.4,max,71.0,76.0,3500,6.08,400,6707440,72.0,68.0,4.0,71.0,69.0,71.0,72.0,71.0,71.0,68.0,69.0,69.0,69.0
1791042168.4,max,72.0,75.0,3500,6.18,400,6709976,71.0,68.0,3.0,69.0,68.0,70.0,70.0,71.0,71.0,69.0,69.0,69.0,69.0
1791042169.5,max,72.0,75.0,3500,6.4,400,6712368,71.0,68.0,3.0,69.0,68.0,71.0,70.0,70.0,71.0,68.0,68.0,68.0,69.0
1791042170.7,max,71.0,75.0,3500,6.48,400,6714904,71.0,68.0,3.0,69.0,68.0,69.0,70.0,70.0,71.0,69.0,68.0,69.0,69.0
1791042171.9,max,71.0,75.0,3500,6.35,400,6717448,70.0,68.0,2.0,69.0,69.0,70.0,70.0,70.0,69.0,68.0,68.0,68.0,68.0
1791042172.9,max,70.0,75.0,3500,6.04,400,6719976,69.0,66.0,3.0,68.0,68.0,69.0,69.0,69.0,69.0,66.0,68.0,68.0,68.0
1791042174.0,max,70.0,75.0,3500,6.05,400,6722528,71.0,68.0,3.0,68.0,68.0,69.0,69.0,70.0,71.0,68.0,69.0,69.0,68.0
1791042175.0,max,69.0,74.0,3500,6.05,400,6725032,69.0,66.0,3.0,68.0,68.0,69.0,69.0,69.0,69.0,68.0,68.0,66.0,68.0
1791042176.1,max,69.0,74.0,3500,6.0,400,6727520,69.0,66.0,3.0,68.0,67.0,69.0,69.0,69.0,69.0,66.0,66.0,68.0,68.0
1791042177.1,max,69.0,74.0,3500,6.18,400,6729944,69.0,66.0,3.0,68.0,68.0,69.0,69.0,69.0,69.0,68.0,66.0,66.0,66.0
1791042178.2,max,69.0,74.0,3500,6.05,400,6732416,70.0,67.0,3.0,68.0,68.0,69.0,69.0,69.0,70.0,68.0,68.0,67.0,68.0
1791042179.2,max,69.0,73.0,3500,6.12,400,6734960,77.0,66.0,11.0,77.0,77.0,69.0,69.0,69.0,69.0,66.0,71.0,71.0,72.0
1791042180.3,max,94.0,77.0,3500,41.79,3240,6754464,96.0,90.0,6.0,96.0,93.0,94.0,94.0,94.0,93.0,90.0,90.0,90.0,90.0
1791042181.3,max,94.0,80.0,3500,39.77,3183,6773368,96.0,90.0,6.0,96.0,93.0,93.0,93.0,92.0,92.0,90.0,90.0,90.0,90.0
1791042182.3,max,94.0,84.0,3500,38.29,3183,6792016,94.0,90.0,4.0,94.0,93.0,94.0,94.0,94.0,94.0,90.0,91.0,91.0,91.0
1791042183.3,max,94.0,87.0,3500,37.93,3083,6810552,94.0,91.0,3.0,94.0,93.0,93.0,93.0,93.0,93.0,91.0,91.0,91.0,91.0
1791042184.3,max,96.0,91.0,3500,36.84,3035,6828880,96.0,91.0,5.0,96.0,93.0,93.0,93.0,93.0,93.0,91.0,91.0,91.0,91.0
1791042185.3,max,94.0,95.0,3500,36.06,2988,6846912,96.0,91.0,5.0,96.0,94.0,93.0,93.0,93.0,93.0,91.0,91.0,91.0,91.0
1791042186.3,max,94.0,95.0,3500,35.07,3061,6864792,94.0,91.0,3.0,94.0,94.0,93.0,94.0,94.0,94.0,91.0,91.0,91.0,91.0
1791042187.4,max,96.0,95.0,3500,34.53,2983,6882576,94.0,91.0,3.0,94.0,94.0,93.0,93.0,93.0,93.0,91.0,91.0,91.0,91.0
1791042188.4,max,94.0,95.0,3500,33.58,2983,6899984,94.0,91.0,3.0,94.0,94.0,93.0,93.0,93.0,93.0,91.0,91.0,91.0,91.0
1791042189.4,max,94.0,95.0,3500,33.19,2921,6917280,94.0,91.0,3.0,94.0,94.0,93.0,93.0,93.0,93.0,91.0,91.0,91.0,91.0
1791042190.4,max,94.0,95.0,3500,32.76,2933,6934472,96.0,91.0,5.0,96.0,94.0,93.0,93.0,93.0,93.0,91.0,91.0,91.0,91.0
1791042191.4,max,94.0,95.0,3500,32.27,2867,6951632,96.0,91.0,5.0,94.0,94.0,96.0,96.0,94.0,94.0,91.0,91.0,91.0,91.0
1791042192.4,max,96.0,95.0,3500,31.61,2867,6967632,94.0,91.0,3.0,94.0,94.0,93.0,93.0,93.0,93.0,91.0,91.0,91.0,91.0
1791042193.4,cooldown,78.0,92.0,3500,4.61,480,0,76.0,75.0,1.0,76.0,75.0,76.0,76.0,76.0,76.0,75.0,75.0,75.0,75.0
1791042194.4,cooldown,75.0,90.0,3500,3.96,483,0,76.0,73.0,3.0,75.0,74.0,75.0,75.0,75.0,76.0,74.0,74.0,74.0,73.0
1791042195.5,cooldown,75.0,87.0,3500,3.8,493,0,74.0,73.0,1.0,74.0,73.0,74.0,74.0,74.0,74.0,73.0,73.0,73.0,73.0
1791042196.5,cooldown,75.0,85.0,3500,4.23,511,0,74.0,72.0,2.0,73.0,73.0,74.0,73.0,73.0,73.0,72.0,72.0,72.0,73.0
1791042197.5,cooldown,74.0,82.0,3500,3.75,531,0,74.0,71.0,3.0,74.0,73.0,73.0,73.0,73.0,73.0,71.0,71.0,71.0,71.0
1791042198.5,cooldown,75.0,79.0,3500,4.28,502,0,73.0,71.0,2.0,72.0,72.0,73.0,73.0,73.0,73.0,71.0,71.0,71.0,72.0
1791042199.5,cooldown,74.0,79.0,3500,4.36,538,0,73.0,71.0,2.0,73.0,72.0,72.0,72.0,72.0,72.0,72.0,71.0,71.0,71.0
1791042200.5,cooldown,74.0,78.0,3500,3.84,493,0,73.0,71.0,2.0,72.0,72.0,72.0,72.0,72.0,73.0,71.0,71.0,71.0,71.0
1791042201.5,cooldown,72.0,78.0,3500,3.64,449,0,72.0,69.0,3.0,72.0,71.0,72.0,72.0,72.0,72.0,71.0,71.0,71.0,69.0
1791042202.6,cooldown,72.0,77.0,3500,3.89,465,0,72.0,69.0,3.0,71.0,69.0,72.0,72.0,72.0,72.0,70.0,69.0,69.0,69.0
1791042203.6,cooldown,72.0,77.0,3500,3.6,469,0,71.0,69.0,2.0,71.0,69.0,71.0,71.0,71.0,71.0,69.0,69.0,69.0,69.0
1791042204.6,cooldown,71.0,76.0,3500,3.58,432,0,71.0,68.0,3.0,69.0,69.0,71.0,71.0,71.0,71.0,68.0,68.0,68.0,68.0
1791042205.6,cooldown,71.0,76.0,3500,3.94,484,0,71.0,69.0,2.0,69.0,71.0,71.0,69.0,69.0,69.0,69.0,69.0,69.0,69.0
1791042206.6,cooldown,71.0,76.0,3500,3.72,502,0,69.0,69.0,0.0,69.0,69.0,69.0,69.0,69.0,69.0,69.0,69.0,69.0,69.0
1791042207.6,cooldown,70.0,76.0,3500,3.42,478,0,69.0,68.0,1.0,68.0,69.0,69.0,69.0,69.0,69.0,69.0,69.0,69.0,69.0
1791042208.7,cooldown,70.0,75.0,3500,4.16,467,0,69.0,68.0,1.0,68.0,69.0,69.0,69.0,69.0,69.0,69.0,69.0,69.0,69.0
1791042209.7,cooldown,70.0,75.0,3500,3.74,506,0,69.0,68.0,1.0,68.0,68.0,69.0,69.0,69.0,68.0,68.0,68.0,68.0,68.0
1791042210.7,cooldown,70.0,75.0,3500,3.59,437,0,69.0,68.0,1.0,68.0,68.0,69.0,68.0,68.0,69.0,68.0,68.0,68.0,68.0
1791042211.7,cooldown,70.0,75.0,3500,3.89,468,0,68.0,66.0,2.0,68.0,68.0,68.0,68.0,68.0,68.0,68.0,66.0,66.0,66.0
1791042212.7,cooldown,69.0,74.0,3500,3.65,463,0,69.0,66.0,3.0,67.0,66.0,68.0,68.0,69.0,68.0,68.0,68.0,68.0,68.0
1791042213.7,cooldown,71.0,75.0,3500,8.91,505,0,69.0,67.0,2.0,69.0,67.0,68.0,68.0,68.0,68.0,68.0,68.0,68.0,68.0
1791042214.7,cooldown,68.0,74.0,3500,3.58,505,0,69.0,67.0,2.0,68.0,68.0,68.0,69.0,69.0,69.0,68.0,67.0,67.0,67.0
1791042215.8,cooldown,68.0,74.0,3500,3.4,504,0,68.0,66.0,2.0,68.0,67.0,68.0,68.0,68.0,68.0,66.0,66.0,66.0,66.0
1791042216.8,cooldown,68.0,74.0,3500,3.62,557,0,68.0,66.0,2.0,67.0,66.0,68.0,68.0,68.0,68.0,66.0,66.0,66.0,66.0
1791042217.8,cooldown,81.0,74.0,3500,4.25,690,0,75.0,68.0,7.0,75.0,72.0,72.0,72.0,72.0,72.0,68.0,68.0,68.0,68.0
1791042218.8,cooldown,68.0,73.0,3500,3.65,633,0,68.0,65.0,3.0,66.0,67.0,68.0,67.0,67.0,67.0,65.0,65.0,66.0,66.0
1791042219.8,cooldown,68.0,73.0,3500,4.51,505,0,67.0,66.0,1.0,66.0,67.0,66.0,66.0,67.0,67.0,66.0,66.0,66.0,66.0
1791042220.8,cooldown,68.0,73.0,3500,3.45,452,0,67.0,65.0,2.0,65.0,66.0,67.0,66.0,66.0,67.0,65.0,65.0,65.0,65.0
1791042221.9,cooldown,67.0,73.0,3500,3.69,459,0,67.0,65.0,2.0,65.0,65.0,65.0,67.0,67.0,67.0,65.0,65.0,65.0,65.0
1791042222.9,cooldown,67.0,73.0,3500,3.68,485,0,67.0,65.0,2.0,65.0,67.0,66.0,66.0,67.0,67.0,65.0,65.0,65.0,65.0
1791042223.9,cooldown,68.0,73.0,3500,3.57,493,0,67.0,64.0,3.0,65.0,65.0,66.0,66.0,67.0,67.0,64.0,64.0,64.0,64.0
1791042224.9,cooldown,68.0,73.0,3500,3.57,536,0,67.0,64.0,3.0,65.0,65.0,66.0,66.0,67.0,67.0,64.0,64.0,64.0,65.0
1791042225.9,cooldown,67.0,72.0,3500,3.67,724,0,67.0,64.0,3.0,65.0,65.0,66.0,66.0,67.0,67.0,64.0,64.0,64.0,64.0
1791042226.9,cooldown,67.0,72.0,3500,3.59,449,0,66.0,62.0,4.0,65.0,62.0,65.0,65.0,65.0,66.0,64.0,64.0,64.0,64.0
1791042227.9,cooldown,66.0,72.0,3500,4.13,460,0,66.0,64.0,2.0,65.0,65.0,66.0,66.0,66.0,66.0,64.0,64.0,64.0,64.0
1791042229.0,cooldown,66.0,72.0,3500,3.78,525,0,66.0,64.0,2.0,65.0,64.0,65.0,65.0,66.0,66.0,64.0,64.0,64.0,64.0
1791042230.0,cooldown,66.0,71.0,3500,3.9,482,0,65.0,64.0,1.0,64.0,64.0,65.0,65.0,65.0,65.0,64.0,65.0,65.0,65.0
1791042231.0,cooldown,66.0,71.0,3500,3.38,488,0,65.0,64.0,1.0,64.0,65.0,65.0,65.0,65.0,65.0,64.0,64.0,64.0,64.0
1791042232.0,cooldown,66.0,71.0,3500,3.53,482,0,65.0,63.0,2.0,64.0,63.0,65.0,65.0,65.0,65.0,64.0,64.0,63.0,63.0
1791042233.0,cooldown,77.0,70.0,3500,9.07,1114,0,75.0,72.0,3.0,74.0,72.0,74.0,74.0,74.0,74.0,75.0,75.0,75.0,75.0
1791042234.0,cooldown,64.0,70.0,3500,3.62,467,0,65.0,63.0,2.0,64.0,64.0,64.0,65.0,65.0,65.0,64.0,64.0,63.0,63.0
1791042235.0,cooldown,65.0,70.0,3500,3.98,469,0,65.0,62.0,3.0,63.0,62.0,65.0,65.0,65.0,65.0,62.0,62.0,62.0,62.0
1791042236.1,cooldown,64.0,70.0,3500,3.42,450,0,65.0,62.0,3.0,64.0,64.0,65.0,65.0,64.0,64.0,62.0,62.0,62.0,62.0
1791042237.1,cooldown,66.0,70.0,3500,3.74,486,0,65.0,62.0,3.0,64.0,63.0,65.0,65.0,65.0,65.0,62.0,62.0,62.0,63.0
1791042238.1,cooldown,65.0,70.0,3500,4.14,436,0,64.0,62.0,2.0,63.0,63.0,64.0,64.0,64.0,64.0,62.0,62.0,62.0,62.0
1791042239.1,cooldown,66.0,70.0,3500,3.45,512,0,64.0,62.0,2.0,63.0,64.0,64.0,64.0,64.0,64.0,62.0,62.0,62.0,62.0
1791042240.1,cooldown,64.0,70.0,3500,3.54,446,0,64.0,62.0,2.0,63.0,63.0,64.0,64.0,64.0,64.0,62.0,62.0,62.0,62.0
1791042241.1,cooldown,64.0,70.0,3500,3.95,442,0,64.0,62.0,2.0,64.0,63.0,64.0,64.0,64.0,64.0,62.0,62.0,62.0,62.0
1791042242.2,cooldown,64.0,70.0,3500,3.75,451,0,64.0,61.0,3.0,62.0,63.0,64.0,63.0,63.0,63.0,61.0,61.0,61.0,61.0
1791042243.2,cooldown,64.0,70.0,3500,3.29,473,0,64.0,62.0,2.0,62.0,63.0,64.0,64.0,64.0,64.0,62.0,62.0,62.0,62.0
1791042244.2,cooldown,63.0,70.0,3500,3.62,443,0,64.0,61.0,3.0,62.0,61.0,64.0,64.0,64.0,64.0,62.0,62.0,62.0,62.0
1791042245.2,cooldown,64.0,70.0,3500,3.46,490,0,63.0,59.0,4.0,62.0,59.0,63.0,62.0,62.0,63.0,61.0,61.0,62.0,62.0
1791042246.2,cooldown,64.0,69.0,3500,3.76,500,0,64.0,62.0,2.0,62.0,63.0,64.0,64.0,64.0,64.0,62.0,62.0,62.0,62.0
1791042247.2,cooldown,63.0,69.0,3500,3.37,478,0,64.0,61.0,3.0,62.0,61.0,62.0,62.0,64.0,64.0,61.0,61.0,61.0,61.0
1791042248.2,cooldown,64.0,69.0,3500,4.1,499,0,64.0,61.0,3.0,62.0,61.0,63.0,64.0,64.0,64.0,61.0,61.0,61.0,61.0
1791042249.3,cooldown,63.0,69.0,3500,4.6,436,0,64.0,62.0,2.0,62.0,62.0,64.0,64.0,64.0,64.0,62.0,62.0,62.0,62.0
1791042250.3,cooldown,63.0,69.0,3500,3.44,466,0,63.0,60.0,3.0,60.0,63.0,61.0,61.0,61.0,63.0,61.0,61.0,61.0,61.0
1791042251.3,cooldown,63.0,69.0,3500,3.31,491,0,64.0,59.0,5.0,62.0,59.0,64.0,64.0,64.0,64.0,61.0,61.0,61.0,61.0
1791042252.3,cooldown,63.0,69.0,3500,3.76,460,0,63.0,61.0,2.0,61.0,63.0,63.0,63.0,63.0,63.0,62.0,62.0,61.0,61.0
1791042253.3,cooldown,64.0,70.0,3500,8.79,593,0,65.0,61.0,4.0,61.0,62.0,65.0,65.0,64.0,64.0,62.0,62.0,62.0,62.0
1791042254.3,cooldown,63.0,70.0,3500,3.41,491,0,64.0,60.0,4.0,60.0,63.0,63.0,64.0,63.0,63.0,60.0,60.0,60.0,61.0
1791042255.4,cooldown,63.0,69.0,3500,3.41,488,0,64.0,58.0,6.0,60.0,63.0,61.0,61.0,64.0,64.0,59.0,58.0,58.0,58.0
1791042256.4,cooldown,63.0,69.0,3500,3.52,486,0,63.0,58.0,5.0,60.0,58.0,63.0,63.0,61.0,61.0,60.0,61.0,61.0,61.0
1791042257.4,cooldown,63.0,69.0,3500,3.54,493,0,63.0,60.0,3.0,60.0,60.0,63.0,63.0,61.0,61.0,60.0,60.0,60.0,60.0
1791042258.4,cooldown,62.0,69.0,3500,4.15,491,0,64.0,58.0,6.0,60.0,61.0,61.0,61.0,64.0,64.0,58.0,58.0,58.0,58.0
1791042259.4,cooldown,62.0,68.0,3500,3.72,573,0,63.0,60.0,3.0,62.0,60.0,63.0,62.0,62.0,62.0,60.0,60.0,60.0,60.0
1791042260.4,cooldown,62.0,68.0,3500,3.59,477,0,62.0,58.0,4.0,60.0,61.0,61.0,61.0,62.0,62.0,59.0,58.0,58.0,58.0
1791042261.5,cooldown,63.0,68.0,3500,3.72,548,0,63.0,59.0,4.0,60.0,60.0,61.0,63.0,63.0,63.0,59.0,59.0,59.0,59.0
1791042262.5,cooldown,62.0,68.0,3500,3.51,551,0,62.0,60.0,2.0,60.0,60.0,62.0,61.0,61.0,61.0,60.0,60.0,60.0,60.0
1791042263.5,cooldown,62.0,67.0,3500,3.46,444,0,61.0,58.0,3.0,60.0,60.0,61.0,61.0,61.0,61.0,58.0,58.0,58.0,60.0
1791042264.5,cooldown,61.0,67.0,3500,3.31,513,0,61.0,59.0,2.0,59.0,60.0,61.0,60.0,60.0,60.0,60.0,60.0,60.0,60.0
1791042265.5,cooldown,62.0,67.0,3500,3.57,497,0,61.0,58.0,3.0,58.0,59.0,61.0,61.0,61.0,61.0,58.0,58.0,58.0,58.0
1791042266.5,cooldown,61.0,67.0,3500,3.26,456,0,61.0,58.0,3.0,60.0,60.0,61.0,61.0,61.0,61.0,58.0,58.0,58.0,58.0
1791042267.5,cooldown,61.0,67.0,3500,3.43,560,0,60.0,59.0,1.0,59.0,60.0,60.0,60.0,60.0,60.0,59.0,59.0,59.0,59.0
1791042268.6,cooldown,61.0,67.0,3500,4.13,492,0,61.0,58.0,3.0,60.0,58.0,60.0,60.0,61.0,61.0,58.0,58.0,58.0,58.0
1791042269.6,cooldown,61.0,67.0,3500,3.58,449,0,61.0,58.0,3.0,59.0,60.0,61.0,61.0,61.0,61.0,58.0,59.0,59.0,59.0
1791042270.6,cooldown,61.0,67.0,3500,3.36,491,0,61.0,58.0,3.0,59.0,60.0,60.0,60.0,60.0,61.0,58.0,58.0,58.0,58.0
1791042271.6,cooldown,61.0,66.0,3500,3.81,506,0,61.0,58.0,3.0,60.0,60.0,60.0,60.0,61.0,61.0,58.0,58.0,58.0,58.0
1791042272.6,cooldown,60.0,66.0,3500,3.81,454,0,61.0,58.0,3.0,59.0,59.0,61.0,60.0,61.0,61.0,58.0,58.0,58.0,58.0
1791042273.6,cooldown,61.0,67.0,3500,8.79,437,0,61.0,58.0,3.0,59.0,60.0,60.0,61.0,61.0,61.0,58.0,58.0,58.0,58.0
1791042274.7,cooldown,61.0,67.0,3500,3.71,561,0,60.0,58.0,2.0,59.0,59.0,59.0,59.0,60.0,60.0,58.0,58.0,58.0,58.0
1791042275.7,cooldown,61.0,66.0,3500,3.55,487,0,61.0,58.0,3.0,60.0,60.0,60.0,60.0,61.0,61.0,58.0,58.0,58.0,58.0
1791042276.7,cooldown,61.0,66.0,3500,3.63,459,0,61.0,58.0,3.0,59.0,60.0,61.0,60.0,60.0,61.0,58.0,58.0,58.0,58.0
1791042277.7,cooldown,60.0,66.0,3500,3.82,465,0,59.0,58.0,1.0,59.0,59.0,59.0,59.0,59.0,59.0,58.0,58.0,58.0,58.0
1791042278.7,cooldown,60.0,66.0,3500,4.1,509,0,60.0,58.0,2.0,59.0,59.0,60.0,60.0,60.0,60.0,58.0,58.0,58.0,58.0
1791042279.7,cooldown,61.0,66.0,3500,4.6,440,0,60.0,58.0,2.0,59.0,59.0,60.0,60.0,60.0,60.0,58.0,58.0,58.0,58.0
1791042280.8,cooldown,60.0,66.0,3500,3.27,433,0,60.0,56.0,4.0,59.0,56.0,60.0,60.0,59.0,59.0,58.0,58.0,58.0,58.0
1791042281.8,cooldown,61.0,66.0,3500,3.48,443,0,60.0,57.0,3.0,59.0,57.0,60.0,60.0,59.0,59.0,58.0,58.0,58.0,58.0
1791042282.8,cooldown,61.0,66.0,3500,3.44,480,0,60.0,57.0,3.0,60.0,57.0,60.0,60.0,59.0,59.0,58.0,58.0,58.0,58.0
1791042283.8,cooldown,60.0,66.0,3500,3.54,467,0,60.0,57.0,3.0,59.0,57.0,60.0,60.0,59.0,59.0,58.0,58.0,58.0,58.0
1791042284.8,cooldown,59.0,66.0,3500,3.26,492,0,60.0,57.0,3.0,59.0,57.0,60.0,60.0,59.0,59.0,58.0,58.0,58.0,58.0
1791042285.8,cooldown,61.0,66.0,3500,3.63,465,0,59.0,57.0,2.0,59.0,57.0,59.0,59.0,59.0,59.0,59.0,59.0,59.0,59.0
1791042286.9,cooldown,59.0,66.0,3500,3.7,482,0,59.0,58.0,1.0,58.0,58.0,58.0,58.0,59.0,59.0,58.0,58.0,58.0,58.0
1791042287.9,cooldown,60.0,66.0,3500,4.0,476,0,59.0,56.0,3.0,59.0,56.0,59.0,59.0,59.0,59.0,57.0,58.0,58.0,58.0
1791042288.9,cooldown,59.0,66.0,3500,3.46,465,0,59.0,57.0,2.0,59.0,57.0,59.0,59.0,58.0,58.0,58.0,58.0,58.0,58.0
1791042289.9,cooldown,60.0,66.0,3500,3.91,457,0,59.0,56.0,3.0,57.0,56.0,59.0,59.0,59.0,59.0,58.0,57.0,57.0,57.0
1791042290.9,cooldown,59.0,66.0,3500,3.27,433,0,59.0,56.0,3.0,59.0,56.0,59.0,59.0,59.0,59.0,58.0,58.0,58.0,58.0
1791042291.9,cooldown,59.0,66.0,3500,3.39,506,0,59.0,57.0,2.0,59.0,57.0,59.0,59.0,59.0,59.0,58.0,58.0,57.0,57.0
1791042293.0,cooldown,93.0,66.0,3500,7.86,2860,0,92.0,66.0,26.0,92.0,66.0,78.0,78.0,78.0,78.0,72.0,72.0,72.0,72.0
1791042294.0,cooldown,59.0,66.0,3500,4.22,463,0,59.0,57.0,2.0,59.0,57.0,57.0,57.0,58.0,58.0,58.0,58.0,58.0,58.0
1791042295.0,cooldown,59.0,66.0,3500,3.5,433,0,59.0,57.0,2.0,58.0,57.0,59.0,59.0,59.0,59.0,57.0,57.0,57.0,58.0
1791042296.0,cooldown,59.0,66.0,3500,3.43,449,0,59.0,57.0,2.0,57.0,57.0,59.0,59.0,58.0,58.0,57.0,57.0,57.0,58.0
1791042297.0,cooldown,59.0,66.0,3500,3.35,428,0,59.0,55.0,4.0,55.0,57.0,59.0,59.0,59.0,59.0,58.0,58.0,58.0,56.0
1791042298.0,cooldown,59.0,66.0,3500,4.07,436,0,60.0,57.0,3.0,57.0,57.0,60.0,59.0,59.0,59.0,57.0,57.0,57.0,57.0
1791042299.0,cooldown,59.0,66.0,3500,3.42,480,0,59.0,56.0,3.0,57.0,56.0,59.0,59.0,57.0,57.0,56.0,56.0,56.0,56.0
1791042300.1,cooldown,58.0,66.0,3500,3.45,438,0,60.0,56.0,4.0,57.0,56.0,59.0,60.0,59.0,59.0,58.0,58.0,58.0,58.0
1791042301.1,cooldown,59.0,65.0,3500,3.47,515,0,59.0,56.0,3.0,56.0,57.0,59.0,59.0,59.0,59.0,58.0,57.0,57.0,57.0
1791042302.1,cooldown,58.0,65.0,3500,3.84,470,0,59.0,57.0,2.0,57.0,57.0,59.0,59.0,59.0,59.0,57.0,57.0,58.0,58.0
1791042303.1,cooldown,58.0,65.0,3500,3.49,449,0,59.0,56.0,3.0,56.0,56.0,58.0,58.0,58.0,59.0,56.0,56.0,57.0,57.0
1791042304.1,cooldown,59.0,65.0,3500,3.55,425,0,59.0,56.0,3.0,57.0,56.0,58.0,59.0,59.0,59.0,57.0,58.0,58.0,58.0
1791042305.1,cooldown,58.0,65.0,3500,3.29,479,0,57.0,56.0,1.0,56.0,56.0,57.0,57.0,57.0,57.0,57.0,57.0,57.0,57.0
1791042306.2,cooldown,58.0,65.0,3500,3.28,436,0,59.0,55.0,4.0,57.0,55.0,59.0,59.0,57.0,57.0,57.0,57.0,57.0,57.0
1791042307.2,cooldown,59.0,65.0,3500,3.69,498,0,59.0,55.0,4.0,56.0,55.0,59.0,57.0,57.0,57.0,56.0,56.0,56.0,56.0
1791042308.2,cooldown,58.0,65.0,3500,4.22,459,0,57.0,56.0,1.0,57.0,56.0,57.0,57.0,57.0,57.0,56.0,56.0,56.0,56.0
1791042309.2,cooldown,58.0,65.0,3500,4.68,437,0,58.0,56.0,2.0,56.0,56.0,58.0,58.0,57.0,57.0,57.0,57.0,57.0,57.0
1791042310.2,cooldown,58.0,65.0,3500,3.3,466,0,57.0,55.0,2.0,56.0,56.0,57.0,57.0,57.0,57.0,56.0,56.0,56.0,55.0
1791042311.2,cooldown,57.0,64.0,3500,3.28,447,0,59.0,56.0,3.0,56.0,56.0,59.0,57.0,57.0,59.0,56.0,56.0,56.0,56.0
1791042312.2,cooldown,58.0,64.0,3500,3.3,465,0,57.0,56.0,1.0,57.0,56.0,57.0,57.0,57.0,57.0,56.0,56.0,56.0,56.0
1791042313.3,cooldown,58.0,66.0,3500,8.78,1187,0,62.0,56.0,6.0,62.0,56.0,59.0,59.0,59.0,59.0,58.0,57.0,57.0,57.0
1791042314.3,cooldown,57.0,65.0,3500,3.59,508,0,59.0,55.0,4.0,56.0,55.0,59.0,58.0,58.0,58.0,55.0,55.0,55.0,55.0
1791042315.3,cooldown,58.0,65.0,3500,3.31,442,0,57.0,55.0,2.0,56.0,56.0,56.0,56.0,57.0,57.0,55.0,55.0,55.0,55.0
1791042316.3,cooldown,58.0,65.0,3500,3.33,537,0,57.0,55.0,2.0,56.0,56.0,57.0,57.0,57.0,57.0,55.0,55.0,56.0,56.0
1791042317.3,cooldown,58.0,65.0,3500,3.4,443,0,58.0,54.0,4.0,58.0,54.0,57.0,57.0,57.0,57.0,55.0,55.0,55.0,55.0
1791042318.3,cooldown,56.0,65.0,3500,3.89,433,0,57.0,55.0,2.0,56.0,56.0,57.0,57.0,57.0,57.0,55.0,55.0,55.0,55.0
1791042319.3,cooldown,56.0,64.0,3500,3.8,551,0,59.0,54.0,5.0,56.0,56.0,58.0,59.0,59.0,59.0,54.0,54.0,54.0,55.0
1791042320.4,cooldown,57.0,64.0,3500,3.4,440,0,57.0,55.0,2.0,56.0,56.0,57.0,57.0,57.0,57.0,55.0,55.0,55.0,55.0
1791042321.4,cooldown,57.0,64.0,3500,3.38,477,0,57.0,54.0,3.0,56.0,56.0,57.0,57.0,57.0,57.0,54.0,54.0,54.0,54.0
1791042322.4,cooldown,57.0,64.0,3500,3.31,501,0,57.0,54.0,3.0,54.0,55.0,56.0,56.0,57.0,57.0,55.0,55.0,55.0,55.0
1791042323.4,cooldown,57.0,64.0,3500,3.69,486,0,57.0,55.0,2.0,56.0,55.0,57.0,57.0,57.0,57.0,55.0,55.0,55.0,55.0
1791042324.4,cooldown,57.0,64.0,3500,3.19,461,0,57.0,55.0,2.0,56.0,55.0,57.0,57.0,57.0,57.0,55.0,55.0,55.0,55.0
1791042325.4,cooldown,57.0,64.0,3500,3.44,425,0,56.0,54.0,2.0,56.0,56.0,56.0,56.0,56.0,56.0,54.0,55.0,55.0,55.0
1791042326.5,cooldown,57.0,64.0,3500,3.2,438,0,57.0,54.0,3.0,56.0,55.0,57.0,57.0,57.0,57.0,54.0,55.0,55.0,55.0
1791042327.5,cooldown,57.0,64.0,3500,3.34,433,0,57.0,54.0,3.0,56.0,54.0,57.0,57.0,57.0,57.0,54.0,54.0,54.0,54.0
1791042328.5,cooldown,56.0,64.0,3500,4.02,467,0,57.0,54.0,3.0,56.0,55.0,56.0,56.0,57.0,57.0,55.0,55.0,54.0,54.0
1791042329.5,cooldown,57.0,64.0,3500,3.46,541,0,56.0,54.0,2.0,56.0,55.0,56.0,56.0,56.0,56.0,55.0,54.0,54.0,54.0
1791042330.5,cooldown,57.0,64.0,3500,3.35,489,0,57.0,55.0,2.0,56.0,55.0,57.0,56.0,56.0,56.0,55.0,55.0,55.0,55.0
1791042331.5,cooldown,57.0,64.0,3500,3.65,498,0,57.0,54.0,3.0,56.0,55.0,57.0,57.0,57.0,57.0,54.0,54.0,54.0,54.0
1791042332.6,cooldown,57.0,64.0,3500,3.38,538,0,56.0,55.0,1.0,56.0,55.0,56.0,56.0,56.0,56.0,55.0,55.0,55.0,55.0
1791042333.6,cooldown,57.0,64.0,3500,8.83,505,0,57.0,55.0,2.0,55.0,55.0,56.0,57.0,57.0,57.0,55.0,55.0,55.0,55.0
1791042334.6,cooldown,56.0,64.0,3500,3.39,491,0,57.0,54.0,3.0,55.0,55.0,57.0,57.0,57.0,57.0,54.0,55.0,55.0,55.0
1791042335.6,cooldown,57.0,64.0,3500,3.24,453,0,56.0,53.0,3.0,55.0,53.0,56.0,56.0,56.0,56.0,54.0,54.0,54.0,54.0
1791042336.6,cooldown,57.0,64.0,3500,3.32,516,0,57.0,54.0,3.0,55.0,55.0,57.0,56.0,56.0,56.0,54.0,54.0,54.0,54.0
1791042337.6,cooldown,57.0,63.0,3500,3.74,517,0,56.0,54.0,2.0,56.0,56.0,56.0,56.0,56.0,56.0,54.0,54.0,54.0,54.0
1791042338.7,cooldown,56.0,63.0,3500,4.3,476,0,57.0,54.0,3.0,54.0,55.0,57.0,56.0,56.0,56.0,55.0,55.0,55.0,55.0
1791042339.7,cooldown,57.0,63.0,3500,4.53,535,0,56.0,54.0,2.0,55.0,55.0,56.0,56.0,56.0,56.0,54.0,54.0,54.0,54.0
1791042340.7,cooldown,56.0,63.0,3500,3.22,528,0,56.0,53.0,3.0,54.0,53.0,56.0,56.0,56.0,56.0,54.0,54.0,54.0,54.0
1791042341.7,cooldown,56.0,63.0,3500,3.38,453,0,57.0,54.0,3.0,55.0,54.0,57.0,57.0,57.0,57.0,54.0,54.0,54.0,54.0
1791042342.7,cooldown,57.0,63.0,3500,3.55,427,0,56.0,54.0,2.0,54.0,55.0,56.0,56.0,56.0,56.0,54.0,54.0,54.0,54.0
1791042343.7,cooldown,57.0,63.0,3500,3.27,444,0,56.0,53.0,3.0,55.0,55.0,56.0,56.0,56.0,56.0,54.0,54.0,53.0,53.0
1791042344.7,cooldown,57.0,63.0,3500,3.37,429,0,56.0,53.0,3.0,54.0,54.0,56.0,56.0,56.0,56.0,53.0,54.0,54.0,55.0
1791042345.8,cooldown,56.0,63.0,3500,3.51,448,0,56.0,53.0,3.0,55.0,56.0,55.0,56.0,56.0,56.0,53.0,54.0,54.0,54.0
1791042346.8,cooldown,56.0,63.0,3500,3.53,500,0,56.0,54.0,2.0,55.0,55.0,55.0,55.0,56.0,56.0,54.0,54.0,54.0,54.0
1791042347.8,cooldown,60.0,63.0,3500,4.05,458,0,56.0,55.0,1.0,56.0,56.0,56.0,56.0,56.0,56.0,55.0,55.0,55.0,55.0
1791042348.8,cooldown,57.0,63.0,3500,3.38,530,0,55.0,54.0,1.0,55.0,55.0,55.0,55.0,55.0,55.0,54.0,54.0,54.0,54.0
1791042349.8,cooldown,57.0,63.0,3500,4.04,497,0,56.0,53.0,3.0,54.0,53.0,56.0,56.0,56.0,56.0,54.0,54.0,54.0,54.0
1791042350.8,cooldown,56.0,63.0,3500,3.17,466,0,56.0,53.0,3.0,55.0,53.0,55.0,56.0,56.0,56.0,54.0,54.0,54.0,54.0
1791042351.9,cooldown,55.0,62.0,3500,3.27,425,0,56.0,52.0,4.0,54.0,52.0,56.0,56.0,56.0,56.0,54.0,55.0,55.0,55.0
1791042352.9,cooldown,66.0,62.0,3500,4.31,2677,0,65.0,60.0,5.0,60.0,63.0,64.0,64.0,64.0,64.0,65.0,65.0,65.0,65.0
1791042353.9,cooldown,56.0,62.0,3500,7.55,488,0,56.0,54.0,2.0,54.0,55.0,56.0,56.0,56.0,56.0,54.0,54.0,54.0,54.0
1791042354.9,cooldown,56.0,62.0,3500,3.2,491,0,56.0,53.0,3.0,55.0,55.0,56.0,56.0,56.0,56.0,53.0,53.0,53.0,53.0
1791042355.9,cooldown,56.0,62.0,3500,3.39,484,0,55.0,53.0,2.0,55.0,53.0,55.0,54.0,54.0,54.0,54.0,54.0,53.0,53.0
1791042356.9,cooldown,55.0,62.0,3500,3.31,515,0,55.0,53.0,2.0,54.0,55.0,55.0,55.0,55.0,55.0,53.0,54.0,54.0,54.0
1791042357.9,cooldown,55.0,62.0,3500,3.92,468,0,56.0,54.0,2.0,54.0,55.0,55.0,56.0,56.0,55.0,54.0,54.0,54.0,54.0
1791042359.0,cooldown,55.0,62.0,3500,3.32,483,0,56.0,53.0,3.0,54.0,53.0,56.0,56.0,56.0,56.0,53.0,53.0,53.0,53.0
1791042360.0,cooldown,55.0,62.0,3500,3.31,452,0,55.0,53.0,2.0,54.0,53.0,55.0,55.0,55.0,55.0,54.0,54.0,54.0,54.0
1791042361.0,cooldown,55.0,62.0,3500,3.51,478,0,55.0,52.0,3.0,55.0,55.0,55.0,55.0,55.0,55.0,52.0,52.0,52.0,52.0
1791042362.0,cooldown,56.0,62.0,3500,3.56,489,0,55.0,53.0,2.0,54.0,53.0,55.0,55.0,55.0,55.0,53.0,53.0,53.0,53.0
1791042363.0,cooldown,55.0,62.0,3500,3.21,459,0,56.0,53.0,3.0,55.0,55.0,55.0,55.0,55.0,56.0,53.0,53.0,53.0,53.0
1791042364.0,cooldown,55.0,62.0,3500,3.39,425,0,55.0,53.0,2.0,53.0,53.0,55.0,55.0,55.0,55.0,54.0,54.0,54.0,54.0
1791042365.1,cooldown,55.0,62.0,3500,3.32,457,0,56.0,53.0,3.0,53.0,55.0,55.0,55.0,56.0,56.0,53.0,53.0,53.0,53.0
1791042366.1,cooldown,55.0,62.0,3500,3.23,467,0,55.0,52.0,3.0,54.0,52.0,54.0,54.0,55.0,55.0,54.0,54.0,54.0,54.0
1791042367.1,cooldown,55.0,62.0,3500,3.23,491,0,54.0,52.0,2.0,54.0,52.0,54.0,54.0,54.0,54.0,52.0,54.0,54.0,54.0
1791042368.1,cooldown,55.0,62.0,3500,4.2,484,0,56.0,51.0,5.0,54.0,53.0,56.0,56.0,56.0,56.0,51.0,51.0,53.0,53.0
1791042369.1,cooldown,54.0,61.0,3500,3.44,547,0,56.0,53.0,3.0,53.0,53.0,55.0,56.0,56.0,56.0,53.0,53.0,53.0,53.0
1791042370.1,cooldown,56.0,61.0,3500,4.58,532,0,57.0,53.0,4.0,53.0,55.0,55.0,55.0,57.0,57.0,53.0,53.0,53.0,53.0
1791042371.1,cooldown,54.0,61.0,3500,3.42,481,0,55.0,52.0,3.0,52.0,53.0,55.0,54.0,54.0,55.0,52.0,52.0,53.0,53.0
1791042372.2,cooldown,54.0,61.0,3500,3.24,457,0,55.0,52.0,3.0,52.0,53.0,54.0,54.0,55.0,55.0,53.0,53.0,53.0,53.0
1791042373.2,cooldown,56.0,61.0,3500,8.68,480,0,56.0,54.0,2.0,55.0,55.0,56.0,56.0,56.0,56.0,54.0,54.0,54.0,54.0
1791042374.2,cooldown,54.0,61.0,3500,3.51,433,0,55.0,52.0,3.0,54.0,52.0,55.0,55.0,55.0,55.0,53.0,52.0,52.0,52.0
1791042375.2,cooldown,55.0,61.0,3500,3.53,460,0,56.0,52.0,4.0,54.0,53.0,56.0,55.0,55.0,55.0,52.0,52.0,52.0,52.0
1791042376.2,cooldown,55.0,61.0,3500,3.33,483,0,54.0,52.0,2.0,52.0,52.0,54.0,54.0,54.0,54.0,53.0,53.0,53.0,53.0
1791042377.2,cooldown,54.0,61.0,3500,3.45,475,0,55.0,53.0,2.0,54.0,53.0,54.0,54.0,55.0,55.0,53.0,53.0,53.0,53.0
1791042378.3,cooldown,54.0,61.0,3500,3.93,465,0,54.0,51.0,3.0,53.0,53.0,54.0,53.0,53.0,53.0,51.0,51.0,51.0,51.0
1791042379.3,cooldown,54.0,61.0,3500,3.49,629,0,55.0,52.0,3.0,54.0,53.0,54.0,54.0,54.0,55.0,52.0,52.0,52.0,52.0
1791042380.3,cooldown,55.0,61.0,3500,3.76,436,0,55.0,51.0,4.0,52.0,52.0,54.0,54.0,55.0,55.0,51.0,51.0,51.0,51.0
1791042381.3,cooldown,54.0,61.0,3500,3.31,468,0,54.0,53.0,1.0,53.0,53.0,54.0,53.0,53.0,53.0,53.0,53.0,53.0,53.0
1791042382.3,cooldown,56.0,61.0,3500,3.73,891,0,54.0,51.0,3.0,53.0,52.0,54.0,54.0,54.0,54.0,51.0,51.0,51.0,51.0
1791042383.3,cooldown,55.0,61.0,3500,3.77,483,0,54.0,52.0,2.0,52.0,53.0,54.0,54.0,54.0,54.0,52.0,53.0,53.0,53.0
1791042384.3,cooldown,54.0,61.0,3500,3.26,533,0,53.0,52.0,1.0,52.0,53.0,53.0,53.0,53.0,53.0,52.0,52.0,52.0,53.0
1791042385.4,cooldown,54.0,61.0,3500,3.4,563,0,55.0,52.0,3.0,52.0,53.0,53.0,54.0,55.0,55.0,53.0,53.0,53.0,53.0
1791042386.4,cooldown,55.0,61.0,3500,3.17,458,0,55.0,51.0,4.0,52.0,52.0,53.0,55.0,55.0,55.0,51.0,51.0,51.0,51.0
1791042387.4,cooldown,55.0,61.0,3500,3.18,443,0,55.0,50.0,5.0,52.0,50.0,54.0,54.0,55.0,55.0,53.0,53.0,52.0,52.0
1791042388.4,cooldown,54.0,61.0,3500,3.85,472,0,55.0,51.0,4.0,53.0,52.0,53.0,55.0,55.0,55.0,53.0,51.0,51.0,51.0
1791042389.4,cooldown,54.0,61.0,3500,3.51,470,0,53.0,52.0,1.0,52.0,53.0,53.0,53.0,53.0,53.0,52.0,52.0,53.0,53.0
1791042390.4,cooldown,54.0,61.0,3500,3.29,466,0,55.0,51.0,4.0,52.0,55.0,53.0,53.0,53.0,53.0,53.0,53.0,53.0,51.0
1791042391.5,cooldown,55.0,61.0,3500,3.43,433,0,55.0,52.0,3.0,52.0,53.0,55.0,55.0,55.0,55.0,53.0,53.0,53.0,53.0
1791042392.5,cooldown,54.0,61.0,3500,3.35,451,0,53.0,51.0,2.0,52.0,52.0,53.0,53.0,53.0,53.0,51.0,51.0,51.0,51.0
1791042393.5,cooldown,54.0,61.0,3500,8.65,485,0,54.0,52.0,2.0,53.0,52.0,54.0,53.0,53.0,53.0,53.0,53.0,53.0,53.0
1791042394.5,cooldown,54.0,62.0,3500,3.48,480,0,54.0,51.0,3.0,52.0,52.0,53.0,53.0,54.0,54.0,53.0,53.0,51.0,51.0
1791042395.5,cooldown,54.0,62.0,3500,3.28,497,0,54.0,51.0,3.0,52.0,52.0,53.0,53.0,53.0,54.0,51.0,51.0,51.0,51.0
1791042396.5,cooldown,53.0,62.0,3500,3.48,462,0,53.0,51.0,2.0,52.0,52.0,53.0,53.0,53.0,53.0,51.0,51.0,51.0,51.0
1791042397.5,cooldown,55.0,62.0,3500,3.46,534,0,53.0,51.0,2.0,51.0,52.0,53.0,53.0,53.0,53.0,51.0,51.0,51.0,51.0
1791042398.6,cooldown,54.0,62.0,3500,4.68,490,0,53.0,51.0,2.0,52.0,52.0,53.0,53.0,53.0,53.0,51.0,51.0,51.0,51.0
1791042399.6,cooldown,54.0,61.0,3500,4.45,490,0,55.0,51.0,4.0,54.0,52.0,55.0,55.0,53.0,53.0,53.0,53.0,51.0,51.0
1791042400.6,cooldown,54.0,61.0,3500,3.46,449,0,53.0,51.0,2.0,52.0,52.0,53.0,53.0,53.0,53.0,51.0,51.0,51.0,51.0
1791042401.6,cooldown,54.0,61.0,3500,3.3,477,0,53.0,50.0,3.0,52.0,52.0,53.0,53.0,53.0,53.0,50.0,50.0,50.0,50.0
1791042402.6,cooldown,53.0,61.0,3500,3.46,480,0,53.0,51.0,2.0,52.0,52.0,53.0,53.0,53.0,53.0,51.0,51.0,51.0,53.0
1791042403.6,cooldown,55.0,61.0,3500,3.33,479,0,53.0,52.0,1.0,52.0,53.0,53.0,53.0,53.0,53.0,52.0,52.0,52.0,52.0
1791042404.7,cooldown,54.0,61.0,3500,3.39,465,0,53.0,49.0,4.0,52.0,49.0,53.0,53.0,53.0,53.0,53.0,53.0,51.0,51.0
1791042405.7,cooldown,54.0,60.0,3500,3.86,464,0,53.0,49.0,4.0,51.0,49.0,53.0,53.0,53.0,53.0,51.0,51.0,50.0,50.0
1791042406.7,cooldown,53.0,60.0,3500,3.71,475,0,53.0,52.0,1.0,52.0,52.0,53.0,53.0,53.0,53.0,53.0,53.0,53.0,53.0
1791042407.7,cooldown,54.0,60.0,3500,3.54,503,0,53.0,51.0,2.0,52.0,52.0,53.0,53.0,53.0,53.0,51.0,53.0,53.0,53.0
1791042408.7,cooldown,53.0,60.0,3500,4.29,470,0,53.0,50.0,3.0,52.0,51.0,53.0,53.0,53.0,53.0,50.0,50.0,50.0,50.0
1791042409.7,cooldown,54.0,60.0,3500,3.58,513,0,53.0,51.0,2.0,52.0,52.0,53.0,53.0,53.0,53.0,51.0,51.0,51.0,51.0
1791042410.8,cooldown,53.0,60.0,3500,3.25,466,0,53.0,50.0,3.0,52.0,52.0,53.0,53.0,53.0,53.0,50.0,51.0,51.0,50.0
1791042411.8,cooldown,54.0,60.0,3500,3.22,452,0,53.0,51.0,2.0,51.0,51.0,53.0,53.0,53.0,53.0,51.0,51.0,53.0,53.0
1791042412.8,cooldown,53.0,60.0,3500,4.63,629,0,53.0,50.0,3.0,53.0,52.0,53.0,52.0,52.0,52.0,50.0,50.0,50.0,50.0
1791042413.8,cooldown,55.0,60.0,3500,10.46,596,0,54.0,52.0,2.0,54.0,53.0,54.0,54.0,54.0,54.0,52.0,52.0,52.0,52.0
1791042414.8,cooldown,54.0,60.0,3500,5.57,612,0,55.0,51.0,4.0,54.0,52.0,55.0,55.0,55.0,55.0,51.0,53.0,53.0,53.0
1791042415.8,cooldown,54.0,60.0,3500,6.19,532,0,55.0,51.0,4.0,53.0,52.0,55.0,55.0,54.0,54.0,51.0,51.0,51.0,51.0
1791042416.8,cooldown,55.0,61.0,3500,6.63,863,0,54.0,51.0,3.0,53.0,53.0,54.0,54.0,54.0,54.0,53.0,53.0,51.0,51.0
1791042417.9,cooldown,55.0,61.0,3500,7.79,597,0,56.0,51.0,5.0,52.0,55.0,56.0,56.0,56.0,56.0,51.0,51.0,51.0,52.0
1791042418.9,cooldown,63.0,62.0,3500,11.52,1227,0,63.0,55.0,8.0,55.0,63.0,56.0,56.0,56.0,56.0,55.0,55.0,55.0,55.0
1791042419.9,cooldown,83.0,63.0,3500,14.5,1299,0,69.0,55.0,14.0,64.0,69.0,62.0,62.0,62.0,62.0,55.0,55.0,55.0,55.0
1791042420.9,cooldown,86.0,66.0,3500,16.86,1140,0,82.0,57.0,25.0,62.0,82.0,57.0,57.0,57.0,57.0,61.0,61.0,61.0,61.0
1791042421.9,cooldown,86.0,70.0,3500,19.93,1017,0,85.0,58.0,27.0,60.0,85.0,58.0,58.0,58.0,58.0,61.0,61.0,61.0,61.0
1791042422.9,cooldown,57.0,72.0,3500,12.81,484,0,56.0,54.0,2.0,55.0,55.0,55.0,55.0,56.0,56.0,54.0,54.0,54.0,54.0
1791042423.9,cooldown,54.0,72.0,3500,3.2,446,0,54.0,52.0,2.0,52.0,53.0,54.0,54.0,53.0,53.0,53.0,53.0,53.0,53.0
1791042424.9,cooldown,54.0,71.0,3500,3.37,468,0,55.0,51.0,4.0,52.0,53.0,54.0,54.0,54.0,55.0,51.0,53.0,53.0,53.0
1791042426.0,cooldown,54.0,70.0,3500,3.01,463,0,55.0,52.0,3.0,52.0,53.0,55.0,55.0,55.0,54.0,52.0,53.0,53.0,53.0
1791042427.0,cooldown,55.0,67.0,3500,3.11,463,0,55.0,51.0,4.0,53.0,55.0,53.0,53.0,54.0,54.0,52.0,52.0,51.0,51.0
1791042428.0,cooldown,55.0,63.0,3500,3.89,462,0,56.0,52.0,4.0,53.0,53.0,55.0,55.0,56.0,56.0,53.0,52.0,52.0,52.0
1791042429.0,cooldown,54.0,61.0,3500,3.09,457,0,54.0,52.0,2.0,52.0,52.0,54.0,54.0,54.0,54.0,53.0,53.0,53.0,53.0
1791042430.0,cooldown,55.0,61.0,3500,4.53,485,0,54.0,52.0,2.0,53.0,53.0,53.0,54.0,54.0,53.0,52.0,52.0,53.0,53.0
1791042431.0,cooldown,54.0,61.0,3500,2.92,466,0,55.0,51.0,4.0,52.0,53.0,55.0,55.0,55.0,55.0,51.0,53.0,53.0,53.0
1791042432.1,cooldown,53.0,61.0,3500,2.95,434,0,55.0,51.0,4.0,52.0,52.0,54.0,55.0,55.0,55.0,51.0,51.0,51.0,51.0
1791042433.1,cooldown,57.0,61.0,3500,8.24,492,0,57.0,55.0,2.0,56.0,55.0,57.0,57.0,57.0,57.0,55.0,55.0,55.0,55.0
1791042434.1,cooldown,54.0,61.0,3500,3.14,425,0,54.0,51.0,3.0,52.0,52.0,54.0,54.0,54.0,54.0,51.0,51.0,51.0,51.0
1791042435.1,cooldown,54.0,61.0,3500,3.13,469,0,54.0,51.0,3.0,53.0,52.0,54.0,54.0,54.0,54.0,51.0,51.0,51.0,51.0
1791042436.1,cooldown,54.0,61.0,3500,3.21,442,0,54.0,51.0,3.0,54.0,52.0,53.0,54.0,54.0,54.0,51.0,51.0,51.0,51.0
1791042437.1,cooldown,54.0,61.0,3500,3.14,546,0,54.0,52.0,2.0,53.0,52.0,54.0,54.0,53.0,53.0,53.0,53.0,53.0,53.0
1791042438.2,cooldown,53.0,61.0,3500,3.17,445,0,55.0,49.0,6.0,52.0,49.0,53.0,55.0,55.0,55.0,51.0,53.0,53.0,53.0
1791042439.2,cooldown,54.0,60.0,3500,3.27,466,0,55.0,51.0,4.0,52.0,52.0,54.0,55.0,55.0,55.0,53.0,51.0,51.0,51.0
1791042440.2,cooldown,54.0,60.0,3500,3.55,441,0,53.0,51.0,2.0,52.0,52.0,53.0,53.0,53.0,53.0,51.0,51.0,51.0,51.0
1791042441.2,cooldown,54.0,60.0,3500,3.07,442,0,53.0,51.0,2.0,52.0,51.0,53.0,53.0,53.0,53.0,51.0,51.0,51.0,51.0
1791042442.2,cooldown,53.0,60.0,3500,2.87,431,0,53.0,51.0,2.0,52.0,52.0,53.0,53.0,53.0,53.0,51.0,51.0,51.0,51.0
1791042443.2,cooldown,53.0,60.0,3500,2.93,457,0,55.0,50.0,5.0,52.0,52.0,53.0,53.0,53.0,55.0,51.0,51.0,51.0,50.0
1791042444.2,cooldown,53.0,60.0,3500,2.91,474,0,53.0,50.0,3.0,52.0,52.0,53.0,53.0,53.0,53.0,50.0,50.0,50.0,50.0
1791042445.3,cooldown,54.0,60.0,3500,3.22,509,0,53.0,50.0,3.0,52.0,51.0,53.0,53.0,53.0,53.0,50.0,50.0,50.0,50.0
1791042446.3,cooldown,53.0,60.0,3500,3.02,507,0,53.0,50.0,3.0,52.0,51.0,53.0,53.0,53.0,53.0,50.0,50.0,50.0,51.0
1791042447.3,cooldown,53.0,60.0,3500,2.97,441,0,53.0,50.0,3.0,52.0,51.0,53.0,53.0,53.0,53.0,50.0,50.0,50.0,50.0
1791042448.3,cooldown,53.0,60.0,3500,2.91,477,0,53.0,51.0,2.0,52.0,51.0,52.0,52.0,53.0,53.0,51.0,51.0,51.0,51.0
1791042449.3,cooldown,53.0,60.0,3500,3.08,459,0,53.0,50.0,3.0,52.0,51.0,52.0,52.0,52.0,53.0,51.0,51.0,51.0,50.0
1791042450.3,cooldown,53.0,60.0,3500,3.15,448,0,53.0,50.0,3.0,52.0,52.0,52.0,52.0,53.0,53.0,50.0,50.0,50.0,50.0
1791042451.4,cooldown,53.0,60.0,3500,3.44,498,0,53.0,50.0,3.0,51.0,51.0,53.0,53.0,53.0,53.0,50.0,50.0,50.0,50.0
1791042452.4,cooldown,53.0,60.0,3500,3.11,429,0,53.0,51.0,2.0,52.0,51.0,53.0,53.0,52.0,53.0,51.0,51.0,51.0,51.0
1791042453.4,cooldown,55.0,61.0,3500,8.62,494,0,53.0,52.0,1.0,52.0,52.0,53.0,53.0,53.0,53.0,53.0,53.0,53.0,53.0
1791042454.4,cooldown,53.0,61.0,3500,3.15,452,0,53.0,50.0,3.0,51.0,51.0,53.0,53.0,53.0,53.0,51.0,51.0,51.0,50.0
1791042455.4,cooldown,53.0,61.0,3500,2.92,455,0,53.0,50.0,3.0,51.0,51.0,53.0,53.0,53.0,53.0,50.0,50.0,50.0,50.0
1791042456.4,cooldown,53.0,61.0,3500,2.95,545,0,53.0,50.0,3.0,52.0,50.0,52.0,52.0,52.0,53.0,50.0,50.0,50.0,50.0
1791042457.5,cooldown,53.0,61.0,3500,3.27,458,0,53.0,50.0,3.0,51.0,51.0,52.0,52.0,53.0,52.0,50.0,50.0,50.0,50.0
1791042458.5,cooldown,52.0,61.0,3500,3.06,456,0,53.0,49.0,4.0,51.0,49.0,52.0,52.0,52.0,53.0,50.0,50.0,50.0,50.0
1791042459.5,cooldown,58.0,60.0,3500,4.22,1206,0,54.0,51.0,3.0,54.0,54.0,53.0,53.0,53.0,53.0,53.0,53.0,51.0,51.0
1791042460.5,cooldown,53.0,60.0,3500,3.02,482,0,53.0,49.0,4.0,51.0,49.0,53.0,53.0,52.0,52.0,50.0,50.0,50.0,50.0
1791042461.5,cooldown,53.0,60.0,3500,3.24,530,0,53.0,49.0,4.0,51.0,51.0,53.0,52.0,52.0,52.0,49.0,49.0,49.0,49.0
1791042462.5,cooldown,53.0,60.0,3500,3.0,455,0,53.0,49.0,4.0,51.0,50.0,53.0,53.0,53.0,53.0,49.0,49.0,49.0,49.0
1791042463.6,cooldown,53.0,60.0,3500,3.19,494,0,53.0,49.0,4.0,51.0,49.0,53.0,53.0,53.0,53.0,50.0,50.0,50.0,50.0
1791042464.6,cooldown,53.0,59.0,3500,2.97,429,0,53.0,49.0,4.0,51.0,51.0,53.0,53.0,52.0,52.0,50.0,50.0,50.0,49.0
1791042465.6,cooldown,52.0,59.0,3500,3.14,450,0,53.0,49.0,4.0,50.0,49.0,53.0,53.0,53.0,53.0,49.0,49.0,50.0,50.0
1791042466.6,cooldown,52.0,59.0,3500,3.25,463,0,53.0,49.0,4.0,51.0,49.0,53.0,53.0,53.0,53.0,49.0,49.0,49.0,49.0
1791042467.6,cooldown,53.0,59.0,3500,3.15,461,0,52.0,49.0,3.0,50.0,49.0,52.0,52.0,52.0,52.0,49.0,50.0,50.0,50.0
1791042468.6,cooldown,52.0,59.0,3500,3.0,482,0,52.0,49.0,3.0,51.0,49.0,52.0,52.0,52.0,52.0,50.0,50.0,50.0,50.0
1791042469.7,cooldown,53.0,59.0,3500,3.73,491,0,53.0,50.0,3.0,51.0,50.0,52.0,52.0,53.0,53.0,50.0,50.0,50.0,50.0
1791042470.7,cooldown,53.0,59.0,3500,2.9,524,0,53.0,49.0,4.0,51.0,49.0,53.0,53.0,52.0,52.0,50.0,50.0,50.0,50.0
1791042471.7,cooldown,51.0,59.0,3500,2.94,575,0,52.0,49.0,3.0,51.0,49.0,52.0,52.0,52.0,52.0,49.0,49.0,49.0,50.0
1791042472.7,cooldown,52.0,59.0,3500,2.96,446,0,53.0,50.0,3.0,50.0,51.0,53.0,52.0,52.0,52.0,50.0,50.0,50.0,50.0
1791042473.7,cooldown,53.0,59.0,3500,8.33,482,0,53.0,50.0,3.0,51.0,51.0,53.0,53.0,52.0,52.0,50.0,50.0,50.0,50.0
1791042474.7,cooldown,52.0,59.0,3500,2.88,486,0,52.0,50.0,2.0,51.0,51.0,52.0,52.0,52.0,52.0,50.0,50.0,50.0,50.0
1791042475.8,cooldown,51.0,59.0,3500,3.18,467,0,52.0,49.0,3.0,51.0,51.0,51.0,51.0,52.0,52.0,49.0,49.0,49.0,49.0
1791042476.8,cooldown,52.0,59.0,3500,2.97,468,0,52.0,49.0,3.0,51.0,49.0,52.0,52.0,52.0,52.0,50.0,50.0,50.0,50.0
1791042477.8,cooldown,51.0,59.0,3500,2.94,480,0,52.0,49.0,3.0,50.0,51.0,51.0,51.0,52.0,52.0,49.0,49.0,49.0,49.0
1791042478.8,cooldown,51.0,59.0,3500,3.09,490,0,52.0,49.0,3.0,49.0,50.0,52.0,52.0,52.0,52.0,49.0,49.0,50.0,50.0
1791042479.8,cooldown,51.0,59.0,3500,2.99,515,0,53.0,49.0,4.0,49.0,49.0,53.0,52.0,52.0,52.0,49.0,49.0,49.0,50.0
1791042480.8,cooldown,52.0,59.0,3500,3.34,458,0,51.0,49.0,2.0,51.0,49.0,51.0,51.0,51.0,51.0,49.0,49.0,49.0,49.0
1791042481.9,cooldown,52.0,59.0,3500,3.3,430,0,53.0,47.0,6.0,51.0,49.0,53.0,51.0,51.0,51.0,47.0,47.0,48.0,48.0
1791042482.9,cooldown,51.0,59.0,3500,3.16,465,0,51.0,49.0,2.0,50.0,49.0,51.0,51.0,51.0,51.0,50.0,50.0,50.0,50.0
1791042483.9,cooldown,52.0,59.0,3500,3.02,465,0,53.0,49.0,4.0,50.0,49.0,52.0,52.0,53.0,53.0,49.0,49.0,49.0,49.0
1791042484.9,cooldown,52.0,58.0,3500,3.11,458,0,52.0,47.0,5.0,50.0,49.0,51.0,51.0,52.0,52.0,49.0,47.0,47.0,47.0
1791042485.9,cooldown,51.0,58.0,3500,3.07,427,0,51.0,49.0,2.0,51.0,49.0,51.0,51.0,51.0,51.0,49.0,49.0,49.0,49.0
1791042486.9,cooldown,51.0,58.0,3500,3.43,460,0,52.0,49.0,3.0,51.0,49.0,52.0,52.0,52.0,51.0,49.0,49.0,49.0,49.0
1791042488.0,cooldown,51.0,58.0,3500,3.29,446,0,51.0,49.0,2.0,51.0,49.0,51.0,51.0,51.0,51.0,50.0,50.0,50.0,50.0
1791042489.0,cooldown,53.0,58.0,3500,3.09,460,0,51.0,48.0,3.0,48.0,49.0,51.0,51.0,51.0,51.0,50.0,50.0,50.0,49.0
1791042490.0,cooldown,52.0,58.0,3500,4.93,457,0,52.0,49.0,3.0,51.0,49.0,51.0,51.0,51.0,52.0,49.0,49.0,49.0,49.0
1791042491.0,cooldown,51.0,58.0,3500,3.12,480,0,51.0,48.0,3.0,50.0,48.0,51.0,51.0,51.0,51.0,49.0,49.0,49.0,50.0
1791042492.0,cooldown,51.0,58.0,3500,3.4,481,0,51.0,49.0,2.0,49.0,49.0,51.0,51.0,51.0,51.0,49.0,49.0,50.0,50.0
1791042493.0,cooldown,56.0,58.0,3500,8.27,488,0,56.0,53.0,3.0,54.0,53.0,55.0,55.0,55.0,56.0,53.0,53.0,53.0,53.0
1791042494.1,cooldown,52.0,59.0,3500,3.03,491,0,52.0,49.0,3.0,50.0,49.0,51.0,52.0,52.0,52.0,49.0,49.0,49.0,50.0
1791042495.1,cooldown,52.0,59.0,3500,3.37,464,0,52.0,47.0,5.0,50.0,49.0,51.0,51.0,52.0,52.0,47.0,47.0,47.0,47.0
1791042496.1,cooldown,51.0,58.0,3500,3.15,457,0,52.0,48.0,4.0,50.0,48.0,51.0,52.0,52.0,52.0,48.0,48.0,49.0,49.0
1791042497.1,cooldown,52.0,58.0,3500,3.43,460,0,51.0,47.0,4.0,51.0,49.0,51.0,51.0,51.0,51.0,47.0,48.0,48.0,48.0
