t,phase,pkg_c,ec_cpu_c,fan_rpm,pkg_w,mhz,ops,core_max_c,core_min_c,core_spread_c,core0_c,core4_c,core8_c,core9_c,core10_c,core11_c,core12_c,core13_c,core14_c,core15_c
1790972187.6,idle,47.0,55.0,2500,4.61,537,0,48.0,44.0,4.0,45.0,44.0,48.0,48.0,48.0,48.0,44.0,44.0,44.0,45.0
1790972188.6,idle,48.0,55.0,2500,4.51,504,0,47.0,43.0,4.0,46.0,43.0,46.0,46.0,47.0,47.0,43.0,43.0,43.0,43.0
1790972189.6,idle,47.0,55.0,2500,4.37,516,0,48.0,44.0,4.0,47.0,44.0,48.0,47.0,47.0,47.0,44.0,44.0,44.0,44.0
1790972190.6,idle,48.0,55.0,2500,4.29,531,0,48.0,45.0,3.0,47.0,45.0,48.0,48.0,48.0,48.0,45.0,45.0,45.0,45.0
1790972191.6,idle,47.0,55.0,2500,5.03,552,0,48.0,44.0,4.0,46.0,45.0,48.0,48.0,48.0,48.0,44.0,44.0,44.0,44.0
1790972192.7,idle,48.0,55.0,2500,4.3,581,0,47.0,44.0,3.0,45.0,45.0,47.0,47.0,47.0,47.0,44.0,44.0,44.0,44.0
1790972193.7,idle,48.0,54.0,2500,4.78,529,0,48.0,44.0,4.0,46.0,44.0,48.0,48.0,48.0,48.0,45.0,45.0,45.0,45.0
1790972194.7,idle,47.0,54.0,2500,5.14,643,0,49.0,43.0,6.0,45.0,43.0,49.0,49.0,49.0,48.0,45.0,45.0,45.0,45.0
1790972195.7,idle,64.0,54.0,2500,8.79,3493,0,71.0,60.0,11.0,62.0,71.0,60.0,60.0,60.0,60.0,61.0,62.0,62.0,62.0
1790972196.7,idle,48.0,54.0,2500,8.97,656,0,48.0,44.0,4.0,47.0,44.0,48.0,48.0,48.0,48.0,44.0,44.0,44.0,44.0
1790972197.7,idle,71.0,55.0,2500,10.56,3190,0,67.0,59.0,8.0,67.0,63.0,61.0,61.0,61.0,61.0,59.0,59.0,59.0,59.0
1790972198.7,idle,48.0,55.0,2500,6.53,668,0,48.0,45.0,3.0,47.0,45.0,48.0,47.0,48.0,48.0,46.0,46.0,45.0,45.0
1790972199.8,idle,56.0,56.0,2500,6.87,1109,0,55.0,50.0,5.0,51.0,55.0,50.0,50.0,50.0,50.0,50.0,50.0,50.0,50.0
1790972200.8,idle,47.0,56.0,2500,4.32,640,0,48.0,44.0,4.0,47.0,44.0,48.0,47.0,47.0,47.0,45.0,45.0,45.0,44.0
1790972201.8,idle,47.0,55.0,2500,6.01,475,0,47.0,44.0,3.0,47.0,45.0,47.0,47.0,47.0,47.0,45.0,44.0,44.0,44.0
1790972202.8,idle,48.0,55.0,2500,4.41,454,0,48.0,44.0,4.0,45.0,45.0,47.0,48.0,48.0,48.0,45.0,45.0,45.0,44.0
1790972203.8,idle,48.0,55.0,2500,3.89,503,0,48.0,44.0,4.0,46.0,44.0,48.0,48.0,48.0,48.0,45.0,45.0,45.0,45.0
1790972204.8,idle,48.0,55.0,2500,3.69,540,0,49.0,44.0,5.0,47.0,45.0,49.0,48.0,48.0,48.0,44.0,44.0,44.0,44.0
1790972205.9,idle,48.0,54.0,2500,4.09,469,0,48.0,44.0,4.0,47.0,44.0,48.0,48.0,48.0,48.0,44.0,44.0,44.0,44.0
1790972206.9,idle,47.0,54.0,2500,3.74,449,0,47.0,45.0,2.0,46.0,45.0,47.0,47.0,47.0,47.0,45.0,45.0,45.0,45.0
1790972207.9,idle,47.0,54.0,2500,4.48,452,0,47.0,44.0,3.0,45.0,45.0,47.0,47.0,47.0,47.0,44.0,44.0,44.0,44.0
1790972208.9,idle,47.0,54.0,2500,3.41,492,0,47.0,43.0,4.0,47.0,44.0,47.0,47.0,47.0,47.0,44.0,44.0,43.0,43.0
1790972209.9,idle,47.0,54.0,2500,3.33,804,0,47.0,44.0,3.0,45.0,45.0,47.0,47.0,47.0,47.0,44.0,45.0,45.0,45.0
1790972210.9,idle,47.0,54.0,2500,3.35,490,0,47.0,43.0,4.0,44.0,45.0,47.0,47.0,47.0,47.0,44.0,44.0,43.0,43.0
1790972212.0,idle,47.0,54.0,2500,3.35,500,0,47.0,43.0,4.0,45.0,44.0,47.0,47.0,47.0,47.0,44.0,43.0,43.0,43.0
1790972213.0,idle,47.0,54.0,2500,3.53,495,0,47.0,43.0,4.0,45.0,44.0,47.0,45.0,45.0,45.0,43.0,43.0,43.0,45.0
1790972214.0,idle,47.0,54.0,2500,3.47,455,0,47.0,42.0,5.0,45.0,42.0,47.0,47.0,47.0,47.0,43.0,43.0,43.0,43.0
1790972215.0,idle,47.0,54.0,2500,4.11,453,0,48.0,43.0,5.0,46.0,44.0,47.0,47.0,48.0,48.0,43.0,43.0,43.0,43.0
1790972216.0,idle,49.0,55.0,2500,9.19,434,0,49.0,46.0,3.0,46.0,47.0,49.0,48.0,48.0,48.0,46.0,46.0,46.0,46.0
1790972217.0,idle,47.0,55.0,2500,3.44,489,0,47.0,45.0,2.0,45.0,45.0,47.0,47.0,47.0,47.0,45.0,45.0,45.0,45.0
1790972218.1,idle,47.0,55.0,2500,3.94,529,0,47.0,43.0,4.0,45.0,43.0,47.0,47.0,47.0,47.0,44.0,44.0,43.0,43.0
1790972219.1,idle,47.0,55.0,2500,4.43,468,0,48.0,44.0,4.0,45.0,45.0,47.0,47.0,47.0,48.0,44.0,44.0,44.0,45.0
1790972220.1,idle,46.0,55.0,2500,3.43,510,0,48.0,43.0,5.0,46.0,44.0,48.0,48.0,48.0,48.0,44.0,44.0,43.0,43.0
1790972221.1,idle,47.0,55.0,2500,3.26,477,0,47.0,43.0,4.0,45.0,43.0,46.0,46.0,47.0,47.0,44.0,44.0,44.0,44.0
1790972222.1,idle,47.0,54.0,2500,3.65,457,0,47.0,44.0,3.0,44.0,44.0,47.0,47.0,47.0,47.0,44.0,44.0,44.0,44.0
1790972223.1,idle,47.0,54.0,2500,3.33,448,0,47.0,44.0,3.0,44.0,44.0,47.0,47.0,47.0,47.0,44.0,44.0,44.0,44.0
1790972224.2,idle,47.0,54.0,2500,3.32,457,0,47.0,43.0,4.0,45.0,44.0,47.0,46.0,46.0,47.0,43.0,43.0,43.0,43.0
1790972225.2,idle,47.0,54.0,2500,3.25,426,0,47.0,44.0,3.0,45.0,44.0,47.0,46.0,46.0,46.0,44.0,44.0,44.0,44.0
1790972226.2,idle,47.0,54.0,2500,3.81,461,0,47.0,43.0,4.0,45.0,45.0,47.0,46.0,46.0,46.0,43.0,43.0,43.0,43.0
1790972227.2,idle,47.0,54.0,2500,3.35,473,0,47.0,43.0,4.0,45.0,44.0,47.0,47.0,47.0,47.0,43.0,43.0,43.0,43.0
1790972228.2,idle,47.0,54.0,2500,3.79,460,0,47.0,43.0,4.0,46.0,45.0,46.0,46.0,47.0,46.0,43.0,43.0,43.0,43.0
1790972229.3,idle,47.0,53.0,2500,3.38,437,0,46.0,43.0,3.0,46.0,43.0,46.0,46.0,46.0,46.0,43.0,43.0,43.0,43.0
1790972230.3,idle,47.0,53.0,2500,3.23,631,0,47.0,43.0,4.0,45.0,44.0,47.0,47.0,47.0,47.0,44.0,44.0,43.0,43.0
1790972231.3,idle,46.0,53.0,2500,3.68,465,0,47.0,43.0,4.0,44.0,44.0,46.0,46.0,47.0,47.0,43.0,43.0,43.0,43.0
1790972232.3,idle,47.0,53.0,2500,4.21,491,0,47.0,43.0,4.0,44.0,44.0,47.0,47.0,47.0,47.0,43.0,43.0,43.0,43.0
1790972233.3,idle,45.0,53.0,2500,3.55,466,0,47.0,43.0,4.0,44.0,44.0,46.0,46.0,47.0,47.0,43.0,43.0,44.0,44.0
1790972234.3,idle,46.0,53.0,2500,3.69,635,0,47.0,43.0,4.0,44.0,44.0,47.0,47.0,47.0,47.0,44.0,44.0,44.0,43.0
1790972235.4,idle,47.0,53.0,2500,3.25,426,0,47.0,43.0,4.0,44.0,45.0,47.0,46.0,46.0,46.0,43.0,43.0,43.0,43.0
1790972236.4,idle,46.0,53.0,2500,8.76,455,0,47.0,43.0,4.0,44.0,44.0,46.0,46.0,47.0,47.0,43.0,43.0,43.0,43.0
1790972237.4,idle,46.0,53.0,2500,3.26,468,0,46.0,43.0,3.0,44.0,43.0,46.0,46.0,46.0,46.0,43.0,43.0,43.0,44.0
1790972238.4,idle,46.0,53.0,2500,3.54,454,0,45.0,42.0,3.0,43.0,42.0,45.0,45.0,45.0,45.0,43.0,43.0,43.0,43.0
1790972239.4,idle,45.0,53.0,2500,3.33,426,0,45.0,43.0,2.0,44.0,44.0,45.0,45.0,45.0,45.0,43.0,43.0,43.0,43.0
1790972240.4,idle,47.0,53.0,2500,3.12,438,0,46.0,43.0,3.0,44.0,45.0,46.0,46.0,46.0,46.0,43.0,43.0,43.0,43.0
1790972241.5,idle,47.0,53.0,2500,3.04,444,0,46.0,43.0,3.0,44.0,44.0,45.0,46.0,46.0,46.0,43.0,43.0,43.0,43.0
1790972242.5,idle,46.0,52.0,2500,3.38,507,0,47.0,43.0,4.0,43.0,44.0,47.0,47.0,45.0,45.0,43.0,43.0,43.0,43.0
1790972243.5,idle,47.0,52.0,2500,3.32,693,0,48.0,43.0,5.0,43.0,44.0,48.0,48.0,47.0,47.0,43.0,43.0,43.0,43.0
1790972244.5,idle,47.0,52.0,2500,3.3,500,0,47.0,43.0,4.0,44.0,44.0,46.0,45.0,47.0,47.0,43.0,43.0,43.0,43.0
1790972245.5,idle,46.0,52.0,2500,3.12,695,0,52.0,42.0,10.0,52.0,42.0,46.0,46.0,46.0,46.0,43.0,43.0,43.0,43.0
1790972246.5,idle,47.0,52.0,2500,3.95,472,0,47.0,43.0,4.0,44.0,44.0,47.0,47.0,47.0,47.0,44.0,43.0,43.0,43.0
1790972247.6,idle,47.0,53.0,2500,3.23,512,0,46.0,43.0,3.0,45.0,43.0,46.0,46.0,46.0,46.0,43.0,43.0,43.0,43.0
1790972248.6,idle,46.0,53.0,2500,3.24,582,0,47.0,43.0,4.0,44.0,45.0,47.0,46.0,46.0,47.0,43.0,43.0,43.0,43.0
1790972249.6,idle,45.0,52.0,2500,3.04,489,0,46.0,42.0,4.0,44.0,44.0,45.0,46.0,46.0,46.0,43.0,43.0,43.0,42.0
1790972250.6,idle,45.0,52.0,2500,3.37,492,0,46.0,43.0,3.0,44.0,43.0,46.0,46.0,46.0,46.0,43.0,43.0,43.0,43.0
1790972251.6,idle,46.0,52.0,2500,3.28,440,0,47.0,43.0,4.0,44.0,43.0,45.0,47.0,47.0,47.0,43.0,43.0,43.0,43.0
1790972252.7,idle,45.0,52.0,2500,3.56,439,0,45.0,43.0,2.0,44.0,44.0,45.0,45.0,45.0,45.0,43.0,43.0,43.0,43.0
1790972253.7,idle,46.0,52.0,2500,3.36,458,0,45.0,43.0,2.0,44.0,44.0,45.0,45.0,45.0,45.0,43.0,43.0,43.0,43.0
1790972254.7,idle,47.0,52.0,2500,3.29,530,0,46.0,43.0,3.0,44.0,44.0,46.0,46.0,45.0,45.0,43.0,43.0,43.0,43.0
1790972255.7,idle,79.0,52.0,2500,7.37,2683,0,73.0,52.0,21.0,73.0,52.0,65.0,65.0,65.0,65.0,58.0,58.0,58.0,58.0
1790972256.7,idle,46.0,52.0,2500,4.89,435,0,46.0,43.0,3.0,44.0,44.0,45.0,46.0,46.0,45.0,44.0,44.0,43.0,43.0
1790972257.7,idle,47.0,52.0,2500,3.16,461,0,46.0,43.0,3.0,44.0,44.0,46.0,46.0,46.0,46.0,43.0,43.0,43.0,43.0
1790972258.7,idle,47.0,52.0,2500,3.27,457,0,47.0,43.0,4.0,45.0,43.0,47.0,47.0,47.0,47.0,43.0,43.0,43.0,43.0
1790972259.8,idle,45.0,52.0,2500,3.45,451,0,45.0,43.0,2.0,44.0,43.0,45.0,45.0,45.0,45.0,43.0,43.0,43.0,43.0
1790972260.8,idle,46.0,52.0,2500,3.08,465,0,47.0,43.0,4.0,44.0,44.0,47.0,47.0,46.0,46.0,43.0,43.0,43.0,43.0
1790972261.8,idle,45.0,52.0,2500,4.19,455,0,47.0,43.0,4.0,43.0,44.0,47.0,47.0,47.0,47.0,43.0,43.0,43.0,43.0
1790972262.8,idle,46.0,52.0,2500,3.72,469,0,45.0,43.0,2.0,44.0,43.0,45.0,45.0,45.0,45.0,43.0,43.0,43.0,43.0
1790972263.8,idle,45.0,52.0,2500,3.48,492,0,45.0,43.0,2.0,44.0,44.0,45.0,45.0,45.0,45.0,43.0,43.0,44.0,44.0
1790972264.9,idle,47.0,52.0,2500,3.41,443,0,46.0,43.0,3.0,44.0,44.0,46.0,46.0,45.0,45.0,43.0,43.0,43.0,43.0
1790972265.9,idle,47.0,52.0,2500,3.71,448,0,46.0,43.0,3.0,44.0,43.0,46.0,45.0,45.0,45.0,43.0,43.0,43.0,43.0
1790972266.9,idle,46.0,52.0,2500,3.2,491,0,45.0,44.0,1.0,44.0,44.0,45.0,45.0,45.0,45.0,44.0,44.0,44.0,44.0
1790972267.9,idle,47.0,52.0,2500,3.26,469,0,45.0,41.0,4.0,44.0,41.0,45.0,45.0,45.0,45.0,43.0,43.0,43.0,43.0
1790972268.9,idle,45.0,52.0,2500,3.63,475,0,45.0,43.0,2.0,44.0,44.0,45.0,45.0,45.0,45.0,43.0,43.0,43.0,43.0
1790972269.9,idle,47.0,52.0,2500,3.45,964,0,47.0,42.0,5.0,47.0,42.0,47.0,47.0,47.0,47.0,43.0,43.0,44.0,44.0
1790972271.0,idle,45.0,52.0,2500,3.26,485,0,47.0,42.0,5.0,44.0,43.0,44.0,47.0,47.0,47.0,42.0,43.0,43.0,43.0
1790972272.0,idle,46.0,52.0,2500,3.44,459,0,46.0,43.0,3.0,44.0,43.0,46.0,45.0,45.0,45.0,43.0,43.0,43.0,43.0
1790972273.0,idle,47.0,52.0,2500,3.48,482,0,45.0,43.0,2.0,44.0,43.0,45.0,45.0,45.0,45.0,44.0,44.0,44.0,44.0
1790972274.0,idle,45.0,52.0,2500,2.99,464,0,45.0,43.0,2.0,44.0,43.0,45.0,45.0,45.0,45.0,43.0,43.0,43.0,43.0
1790972275.0,idle,45.0,52.0,2500,3.39,472,0,45.0,43.0,2.0,43.0,44.0,45.0,45.0,45.0,45.0,43.0,43.0,43.0,43.0
1790972276.0,idle,47.0,53.0,2500,8.89,490,0,46.0,44.0,2.0,46.0,44.0,46.0,46.0,46.0,46.0,44.0,44.0,44.0,44.0
1790972277.1,idle,45.0,53.0,2500,3.17,431,0,45.0,42.0,3.0,45.0,43.0,45.0,45.0,45.0,45.0,42.0,42.0,43.0,43.0
1790972278.1,idle,46.0,53.0,2500,3.21,494,0,46.0,43.0,3.0,44.0,43.0,46.0,46.0,45.0,45.0,44.0,44.0,43.0,43.0
1790972279.1,idle,45.0,53.0,2500,3.15,479,0,46.0,43.0,3.0,44.0,43.0,46.0,46.0,44.0,44.0,43.0,43.0,43.0,43.0
1790972280.1,idle,46.0,53.0,2500,3.21,482,0,47.0,43.0,4.0,43.0,44.0,45.0,45.0,45.0,47.0,44.0,44.0,44.0,44.0
1790972281.1,idle,45.0,53.0,2500,3.27,476,0,45.0,42.0,3.0,43.0,42.0,45.0,45.0,45.0,45.0,43.0,43.0,43.0,43.0
1790972282.2,idle,45.0,52.0,2500,3.12,481,0,45.0,42.0,3.0,44.0,44.0,45.0,44.0,44.0,44.0,42.0,42.0,44.0,44.0
1790972283.2,idle,45.0,52.0,2500,3.15,457,0,45.0,43.0,2.0,43.0,43.0,45.0,45.0,45.0,45.0,43.0,43.0,43.0,43.0
1790972284.2,idle,45.0,52.0,2500,3.21,466,0,45.0,43.0,2.0,44.0,43.0,45.0,45.0,45.0,45.0,43.0,43.0,43.0,43.0
1790972285.2,idle,45.0,52.0,2500,3.42,434,0,45.0,43.0,2.0,44.0,44.0,45.0,45.0,45.0,45.0,43.0,43.0,43.0,43.0
1790972286.2,idle,45.0,52.0,2500,4.16,425,0,45.0,42.0,3.0,44.0,42.0,45.0,45.0,45.0,45.0,44.0,44.0,43.0,43.0
1790972287.2,idle,45.0,52.0,2500,3.36,450,0,45.0,41.0,4.0,44.0,41.0,44.0,45.0,45.0,44.0,43.0,43.0,43.0,43.0
1790972288.3,idle,46.0,52.0,2500,3.81,507,0,45.0,40.0,5.0,44.0,40.0,44.0,44.0,45.0,45.0,43.0,42.0,42.0,42.0
1790972289.3,idle,46.0,52.0,2500,3.17,477,0,45.0,42.0,3.0,44.0,43.0,45.0,45.0,45.0,45.0,43.0,42.0,42.0,42.0
1790972290.3,idle,46.0,52.0,2500,3.05,477,0,46.0,42.0,4.0,43.0,43.0,46.0,46.0,46.0,46.0,42.0,42.0,42.0,42.0
1790972291.3,idle,45.0,52.0,2500,3.61,493,0,45.0,43.0,2.0,44.0,43.0,45.0,45.0,45.0,45.0,43.0,43.0,43.0,43.0
1790972292.3,idle,46.0,52.0,2500,3.29,475,0,44.0,43.0,1.0,43.0,43.0,44.0,44.0,44.0,44.0,43.0,43.0,43.0,43.0
1790972293.3,idle,45.0,52.0,2500,3.26,428,0,45.0,42.0,3.0,44.0,43.0,45.0,45.0,45.0,45.0,42.0,42.0,42.0,43.0
1790972294.4,idle,45.0,52.0,2500,3.25,471,0,45.0,43.0,2.0,43.0,43.0,45.0,45.0,45.0,45.0,43.0,43.0,43.0,43.0
1790972295.4,idle,45.0,52.0,2500,3.46,446,0,45.0,42.0,3.0,44.0,44.0,45.0,45.0,45.0,45.0,42.0,42.0,42.0,42.0
1790972296.4,idle,46.0,52.0,2500,8.65,475,0,45.0,43.0,2.0,44.0,44.0,45.0,45.0,45.0,45.0,43.0,43.0,43.0,43.0
1790972297.4,idle,45.0,52.0,2500,3.09,466,0,45.0,42.0,3.0,43.0,44.0,45.0,45.0,45.0,45.0,42.0,43.0,43.0,43.0
1790972298.4,idle,45.0,52.0,2500,3.25,481,0,45.0,43.0,2.0,43.0,43.0,45.0,45.0,45.0,45.0,43.0,43.0,43.0,43.0
1790972299.5,idle,45.0,52.0,2500,3.44,426,0,45.0,41.0,4.0,44.0,41.0,45.0,45.0,45.0,45.0,44.0,44.0,44.0,42.0
1790972300.5,idle,46.0,52.0,2500,3.41,429,0,45.0,41.0,4.0,43.0,41.0,45.0,45.0,45.0,45.0,43.0,42.0,42.0,42.0
1790972301.5,idle,45.0,52.0,2500,3.28,483,0,45.0,43.0,2.0,44.0,43.0,45.0,45.0,45.0,45.0,43.0,43.0,43.0,43.0
1790972302.5,idle,45.0,52.0,2500,3.15,456,0,45.0,42.0,3.0,43.0,43.0,45.0,45.0,45.0,45.0,42.0,42.0,42.0,42.0
1790972303.5,idle,45.0,52.0,2500,3.19,493,0,45.0,42.0,3.0,44.0,43.0,44.0,45.0,45.0,45.0,43.0,43.0,42.0,42.0
1790972304.5,idle,45.0,52.0,2500,3.02,500,0,45.0,43.0,2.0,43.0,43.0,45.0,45.0,45.0,45.0,43.0,43.0,43.0,43.0
1790972305.6,idle,50.0,52.0,2500,3.64,1883,0,52.0,45.0,7.0,52.0,45.0,46.0,46.0,46.0,46.0,45.0,45.0,45.0,45.0
1790972306.6,idle,45.0,52.0,2500,3.68,508,0,45.0,43.0,2.0,43.0,44.0,45.0,45.0,45.0,45.0,43.0,43.0,43.0,43.0
1790972307.6,idle,45.0,52.0,2500,3.09,445,0,45.0,42.0,3.0,44.0,42.0,45.0,45.0,45.0,44.0,42.0,42.0,42.0,43.0
1790972308.6,idle,46.0,52.0,2500,3.1,521,0,45.0,42.0,3.0,43.0,44.0,45.0,45.0,45.0,45.0,42.0,42.0,42.0,42.0
1790972309.6,idle,45.0,52.0,2500,2.97,429,0,45.0,41.0,4.0,43.0,41.0,45.0,45.0,45.0,45.0,43.0,42.0,42.0,42.0
1790972310.6,idle,45.0,52.0,2500,3.17,480,0,45.0,42.0,3.0,43.0,44.0,44.0,44.0,44.0,45.0,42.0,42.0,42.0,42.0
1790972311.6,idle,45.0,52.0,2500,3.48,440,0,45.0,42.0,3.0,44.0,43.0,45.0,45.0,45.0,45.0,42.0,42.0,42.0,42.0
1790972312.7,idle,45.0,52.0,2500,3.12,436,0,45.0,42.0,3.0,42.0,43.0,45.0,45.0,45.0,45.0,42.0,42.0,42.0,42.0
1790972313.7,idle,45.0,52.0,2500,3.02,483,0,45.0,43.0,2.0,43.0,43.0,45.0,45.0,45.0,45.0,43.0,43.0,43.0,43.0
1790972314.7,idle,45.0,52.0,2500,3.19,445,0,45.0,41.0,4.0,43.0,43.0,45.0,44.0,44.0,45.0,42.0,42.0,42.0,41.0
1790972315.7,idle,76.0,52.0,2500,5.75,2366,0,64.0,55.0,9.0,64.0,56.0,57.0,57.0,57.0,57.0,55.0,55.0,55.0,55.0
1790972316.7,idle,45.0,52.0,2500,6.42,504,0,47.0,42.0,5.0,43.0,43.0,45.0,47.0,45.0,45.0,42.0,43.0,43.0,43.0
1790972317.7,idle,45.0,52.0,2500,3.16,434,0,45.0,42.0,3.0,43.0,43.0,45.0,45.0,45.0,45.0,42.0,42.0,42.0,43.0
1790972318.8,idle,44.0,52.0,2500,3.2,460,0,45.0,42.0,3.0,43.0,42.0,45.0,45.0,45.0,44.0,42.0,42.0,42.0,42.0
1790972319.8,idle,45.0,52.0,2500,3.18,457,0,45.0,42.0,3.0,43.0,43.0,45.0,45.0,45.0,45.0,43.0,42.0,42.0,42.0
1790972320.8,idle,45.0,52.0,2500,3.05,433,0,45.0,41.0,4.0,43.0,41.0,44.0,45.0,45.0,45.0,42.0,42.0,42.0,44.0
1790972321.8,idle,46.0,52.0,2500,4.11,469,0,45.0,42.0,3.0,43.0,43.0,45.0,45.0,45.0,45.0,42.0,42.0,42.0,42.0
1790972322.8,idle,45.0,52.0,2500,3.15,462,0,45.0,42.0,3.0,42.0,43.0,45.0,45.0,45.0,45.0,42.0,42.0,42.0,43.0
1790972323.8,idle,45.0,52.0,2500,3.11,494,0,45.0,42.0,3.0,43.0,43.0,45.0,45.0,45.0,45.0,42.0,42.0,42.0,42.0
1790972324.9,idle,45.0,52.0,2500,3.23,466,0,45.0,42.0,3.0,43.0,43.0,45.0,45.0,45.0,45.0,42.0,42.0,42.0,42.0
1790972325.9,idle,45.0,52.0,2500,3.89,440,0,45.0,43.0,2.0,43.0,44.0,45.0,45.0,45.0,45.0,43.0,43.0,43.0,43.0
1790972326.9,idle,45.0,52.0,2500,3.21,483,0,45.0,42.0,3.0,43.0,43.0,45.0,45.0,45.0,45.0,42.0,43.0,43.0,43.0
1790972327.9,idle,45.0,52.0,2500,3.47,470,0,45.0,42.0,3.0,44.0,43.0,45.0,45.0,45.0,45.0,42.0,42.0,42.0,42.0
1790972328.9,idle,45.0,52.0,2500,4.19,441,0,45.0,43.0,2.0,43.0,44.0,45.0,45.0,45.0,45.0,43.0,43.0,43.0,43.0
1790972330.0,idle,45.0,52.0,2500,3.14,466,0,45.0,43.0,2.0,43.0,44.0,45.0,45.0,45.0,45.0,43.0,43.0,43.0,43.0
1790972331.0,idle,45.0,52.0,2500,3.08,480,0,45.0,42.0,3.0,43.0,44.0,45.0,45.0,45.0,45.0,42.0,42.0,42.0,42.0
1790972332.0,idle,44.0,52.0,2500,3.25,430,0,45.0,42.0,3.0,42.0,43.0,45.0,45.0,45.0,45.0,42.0,42.0,42.0,42.0
1790972333.0,idle,45.0,52.0,2500,3.16,493,0,45.0,41.0,4.0,42.0,44.0,45.0,45.0,45.0,45.0,41.0,42.0,42.0,42.0
1790972334.0,idle,45.0,52.0,2500,3.23,492,0,45.0,42.0,3.0,43.0,44.0,45.0,45.0,45.0,45.0,42.0,42.0,42.0,42.0
1790972335.0,idle,45.0,52.0,2500,3.19,485,0,45.0,42.0,3.0,43.0,43.0,44.0,45.0,44.0,44.0,42.0,42.0,42.0,42.0
1790972336.1,idle,46.0,52.0,2500,8.91,491,0,47.0,42.0,5.0,42.0,44.0,47.0,47.0,46.0,46.0,43.0,43.0,43.0,43.0
1790972337.1,idle,45.0,52.0,2500,3.1,475,0,45.0,42.0,3.0,42.0,44.0,45.0,44.0,45.0,45.0,42.0,42.0,42.0,42.0
1790972338.1,idle,45.0,52.0,2500,3.3,444,0,46.0,41.0,5.0,41.0,43.0,46.0,46.0,45.0,45.0,42.0,42.0,42.0,42.0
1790972339.1,idle,45.0,52.0,2500,3.16,463,0,45.0,42.0,3.0,43.0,43.0,45.0,45.0,44.0,45.0,43.0,42.0,42.0,42.0
1790972340.1,idle,45.0,52.0,2500,3.46,463,0,45.0,42.0,3.0,43.0,43.0,45.0,45.0,45.0,45.0,42.0,42.0,42.0,42.0
1790972341.1,idle,45.0,52.0,2500,3.46,441,0,45.0,42.0,3.0,42.0,43.0,45.0,45.0,45.0,45.0,42.0,42.0,42.0,42.0
1790972342.2,idle,44.0,52.0,2500,3.3,476,0,45.0,41.0,4.0,43.0,41.0,45.0,45.0,45.0,44.0,42.0,42.0,42.0,42.0
1790972343.2,idle,44.0,52.0,2500,3.51,467,0,45.0,42.0,3.0,43.0,43.0,44.0,45.0,45.0,45.0,42.0,42.0,42.0,42.0
1790972344.2,idle,45.0,52.0,2500,3.11,465,0,46.0,42.0,4.0,42.0,43.0,44.0,45.0,45.0,46.0,43.0,43.0,43.0,43.0
1790972345.2,idle,45.0,52.0,2500,3.06,447,0,45.0,41.0,4.0,43.0,41.0,45.0,45.0,45.0,45.0,42.0,42.0,42.0,42.0
1790972346.2,idle,45.0,52.0,2500,4.0,441,0,45.0,41.0,4.0,43.0,43.0,45.0,45.0,44.0,44.0,42.0,41.0,41.0,41.0
1790972347.2,idle,45.0,52.0,2500,3.38,433,0,44.0,42.0,2.0,43.0,43.0,44.0,44.0,44.0,44.0,42.0,42.0,42.0,42.0
1790972348.3,idle,44.0,52.0,2500,3.19,456,0,45.0,42.0,3.0,43.0,43.0,44.0,44.0,44.0,45.0,42.0,42.0,42.0,42.0
1790972349.3,idle,44.0,52.0,2500,3.08,462,0,45.0,41.0,4.0,41.0,42.0,45.0,44.0,45.0,45.0,42.0,42.0,42.0,42.0
1790972350.3,idle,44.0,52.0,2500,3.04,452,0,45.0,41.0,4.0,41.0,41.0,45.0,44.0,44.0,44.0,42.0,42.0,42.0,42.0
1790972351.3,idle,43.0,52.0,2500,3.14,441,0,44.0,41.0,3.0,42.0,43.0,44.0,44.0,44.0,44.0,41.0,42.0,42.0,42.0
1790972352.3,idle,45.0,52.0,2500,3.62,449,0,45.0,41.0,4.0,42.0,41.0,45.0,45.0,44.0,44.0,42.0,42.0,42.0,42.0
1790972353.4,idle,44.0,52.0,2500,3.07,434,0,45.0,42.0,3.0,43.0,44.0,45.0,45.0,44.0,44.0,42.0,42.0,42.0,42.0
1790972354.4,idle,45.0,52.0,2500,3.07,425,0,45.0,40.0,5.0,42.0,40.0,45.0,44.0,44.0,44.0,42.0,42.0,41.0,41.0
1790972355.4,idle,43.0,51.0,2500,3.11,437,0,45.0,41.0,4.0,41.0,43.0,44.0,44.0,45.0,45.0,42.0,42.0,42.0,42.0
1790972356.4,idle,45.0,53.0,2500,9.25,432,0,45.0,42.0,3.0,43.0,44.0,45.0,45.0,45.0,45.0,42.0,42.0,42.0,42.0
1790972357.4,idle,45.0,53.0,2500,3.18,460,0,45.0,42.0,3.0,42.0,43.0,45.0,44.0,44.0,44.0,42.0,42.0,42.0,42.0
1790972358.4,idle,45.0,53.0,2500,3.23,441,0,45.0,42.0,3.0,43.0,44.0,45.0,45.0,45.0,45.0,42.0,42.0,42.0,42.0
1790972359.5,idle,44.0,53.0,2500,3.19,475,0,45.0,42.0,3.0,43.0,43.0,45.0,44.0,44.0,45.0,42.0,42.0,42.0,42.0
1790972360.5,idle,45.0,53.0,2500,2.96,472,0,44.0,40.0,4.0,42.0,40.0,44.0,44.0,44.0,44.0,41.0,41.0,41.0,41.0
1790972361.5,idle,45.0,53.0,2500,2.99,523,0,45.0,41.0,4.0,43.0,41.0,44.0,44.0,45.0,45.0,42.0,42.0,42.0,42.0
1790972362.5,idle,44.0,52.0,2500,3.37,432,0,45.0,40.0,5.0,41.0,40.0,44.0,43.0,45.0,45.0,40.0,40.0,40.0,42.0
1790972363.5,idle,44.0,52.0,2500,3.11,487,0,45.0,41.0,4.0,43.0,41.0,45.0,45.0,44.0,44.0,41.0,41.0,41.0,41.0
1790972364.6,idle,45.0,52.0,2500,3.11,449,0,45.0,41.0,4.0,42.0,41.0,45.0,44.0,44.0,45.0,42.0,42.0,42.0,42.0
1790972365.6,idle,53.0,52.0,2500,3.6,1051,0,46.0,43.0,3.0,46.0,45.0,46.0,46.0,46.0,46.0,43.0,43.0,43.0,43.0
1790972366.6,idle,45.0,52.0,2500,3.39,560,0,45.0,42.0,3.0,42.0,42.0,45.0,45.0,44.0,44.0,42.0,42.0,42.0,42.0
1790972367.6,idle,43.0,52.0,2400,3.18,444,0,45.0,42.0,3.0,42.0,43.0,44.0,45.0,45.0,45.0,42.0,42.0,42.0,42.0
1790972368.6,idle,43.0,52.0,2200,3.23,482,0,45.0,41.0,4.0,42.0,43.0,45.0,45.0,45.0,45.0,41.0,41.0,41.0,41.0
1790972369.6,idle,45.0,51.0,1800,2.95,467,0,44.0,41.0,3.0,42.0,44.0,44.0,44.0,43.0,43.0,41.0,41.0,42.0,42.0
1790972370.7,idle,45.0,51.0,1700,3.05,443,0,45.0,40.0,5.0,42.0,43.0,45.0,45.0,45.0,44.0,40.0,40.0,40.0,40.0
1790972371.7,idle,45.0,51.0,1900,3.19,483,0,45.0,42.0,3.0,43.0,43.0,43.0,43.0,45.0,43.0,42.0,42.0,42.0,42.0
1790972372.7,idle,45.0,51.0,1800,3.27,442,0,44.0,40.0,4.0,42.0,44.0,44.0,44.0,44.0,44.0,40.0,40.0,40.0,40.0
1790972373.7,idle,45.0,51.0,1800,2.97,457,0,45.0,41.0,4.0,41.0,42.0,44.0,45.0,43.0,43.0,42.0,42.0,42.0,42.0
1790972374.7,idle,45.0,51.0,1800,3.36,483,0,45.0,42.0,3.0,42.0,43.0,45.0,45.0,45.0,45.0,42.0,42.0,42.0,42.0
1790972375.7,idle,77.0,51.0,1800,7.41,3186,0,73.0,59.0,14.0,59.0,73.0,60.0,60.0,60.0,60.0,62.0,62.0,62.0,62.0
1790972376.8,idle,45.0,51.0,1800,4.38,507,0,45.0,40.0,5.0,41.0,40.0,45.0,45.0,45.0,45.0,41.0,41.0,42.0,42.0
1790972377.8,idle,45.0,51.0,1800,3.46,457,0,45.0,40.0,5.0,42.0,40.0,45.0,45.0,45.0,45.0,42.0,42.0,42.0,42.0
1790972378.8,idle,45.0,52.0,1800,3.27,448,0,45.0,42.0,3.0,42.0,43.0,45.0,45.0,45.0,45.0,42.0,42.0,42.0,42.0
1790972379.8,idle,45.0,52.0,1800,3.04,480,0,45.0,42.0,3.0,43.0,43.0,45.0,45.0,45.0,45.0,42.0,42.0,42.0,42.0
1790972380.8,idle,45.0,52.0,1800,3.25,466,0,45.0,41.0,4.0,41.0,42.0,45.0,45.0,44.0,44.0,42.0,42.0,42.0,42.0
1790972381.8,idle,45.0,52.0,1800,3.41,447,0,45.0,42.0,3.0,42.0,44.0,44.0,44.0,45.0,45.0,42.0,42.0,42.0,42.0
1790972382.9,idle,44.0,51.0,1800,3.16,456,0,45.0,42.0,3.0,42.0,43.0,45.0,45.0,45.0,45.0,42.0,42.0,42.0,42.0
1790972383.9,idle,45.0,51.0,1800,3.14,467,0,45.0,40.0,5.0,42.0,44.0,44.0,44.0,45.0,45.0,40.0,42.0,42.0,42.0
1790972384.9,idle,45.0,51.0,2200,3.11,457,0,45.0,41.0,4.0,42.0,43.0,45.0,45.0,45.0,45.0,41.0,41.0,41.0,41.0
1790972385.9,idle,45.0,51.0,2500,3.68,507,0,45.0,42.0,3.0,42.0,42.0,44.0,44.0,45.0,45.0,42.0,42.0,42.0,42.0
1790972386.9,idle,44.0,51.0,2500,3.61,474,0,45.0,41.0,4.0,42.0,43.0,44.0,44.0,45.0,45.0,41.0,41.0,41.0,41.0
1790972388.0,idle,45.0,51.0,2400,3.15,431,0,44.0,42.0,2.0,42.0,43.0,44.0,43.0,43.0,43.0,42.0,42.0,42.0,42.0
1790972389.0,idle,43.0,51.0,2100,3.26,436,0,45.0,41.0,4.0,41.0,43.0,44.0,44.0,45.0,45.0,42.0,41.0,41.0,41.0
1790972390.0,idle,45.0,51.0,1700,3.09,445,0,44.0,40.0,4.0,41.0,41.0,44.0,44.0,44.0,44.0,42.0,40.0,40.0,40.0
1790972391.0,idle,44.0,51.0,1800,3.0,450,0,45.0,41.0,4.0,41.0,43.0,45.0,45.0,45.0,45.0,42.0,42.0,42.0,42.0
1790972392.0,idle,45.0,51.0,1800,3.03,428,0,45.0,40.0,5.0,43.0,41.0,44.0,45.0,45.0,45.0,42.0,40.0,40.0,40.0
1790972393.0,idle,45.0,51.0,1800,3.32,465,0,45.0,41.0,4.0,42.0,43.0,44.0,45.0,45.0,45.0,42.0,42.0,41.0,41.0
1790972394.1,idle,45.0,51.0,1800,3.0,474,0,45.0,41.0,4.0,41.0,41.0,44.0,45.0,45.0,44.0,42.0,42.0,42.0,42.0
1790972395.1,idle,44.0,51.0,1800,3.15,501,0,44.0,41.0,3.0,41.0,43.0,44.0,44.0,44.0,44.0,42.0,42.0,42.0,42.0
1790972396.1,idle,46.0,51.0,1800,8.55,642,0,46.0,43.0,3.0,43.0,43.0,45.0,46.0,46.0,45.0,43.0,43.0,43.0,43.0
1790972397.1,idle,43.0,51.0,1800,3.3,453,0,44.0,42.0,2.0,42.0,43.0,44.0,44.0,44.0,44.0,42.0,42.0,42.0,42.0
1790972398.1,idle,44.0,51.0,1800,3.31,431,0,44.0,41.0,3.0,41.0,42.0,44.0,44.0,44.0,44.0,42.0,42.0,42.0,42.0
1790972399.1,idle,44.0,51.0,1800,3.28,516,0,44.0,42.0,2.0,42.0,43.0,43.0,44.0,44.0,44.0,42.0,42.0,42.0,42.0
1790972400.2,idle,45.0,51.0,1800,3.12,457,0,45.0,42.0,3.0,43.0,43.0,45.0,44.0,44.0,44.0,42.0,42.0,42.0,42.0
1790972401.2,idle,43.0,51.0,1800,3.17,432,0,44.0,41.0,3.0,43.0,41.0,44.0,44.0,44.0,44.0,41.0,41.0,42.0,42.0
1790972402.2,idle,45.0,52.0,1800,3.22,461,0,45.0,42.0,3.0,42.0,43.0,45.0,43.0,43.0,43.0,42.0,42.0,42.0,42.0
1790972403.2,idle,45.0,51.0,1800,3.11,450,0,45.0,41.0,4.0,42.0,43.0,45.0,45.0,45.0,45.0,41.0,41.0,42.0,42.0
1790972404.2,idle,44.0,51.0,1800,3.21,479,0,45.0,41.0,4.0,42.0,43.0,44.0,44.0,45.0,45.0,42.0,42.0,42.0,41.0
1790972405.3,idle,44.0,51.0,1800,3.13,435,0,45.0,42.0,3.0,43.0,42.0,45.0,44.0,44.0,44.0,42.0,42.0,42.0,42.0
1790972406.3,idle,45.0,51.0,1800,3.69,452,0,45.0,41.0,4.0,43.0,41.0,45.0,45.0,45.0,45.0,42.0,41.0,41.0,41.0
1790972407.3,idle,45.0,51.0,1800,3.39,432,0,45.0,41.0,4.0,42.0,44.0,44.0,45.0,45.0,45.0,41.0,42.0,42.0,42.0
1790972408.3,idle,44.0,51.0,1800,3.45,456,0,45.0,39.0,6.0,42.0,39.0,44.0,45.0,45.0,45.0,41.0,42.0,42.0,42.0
1790972409.3,idle,44.0,51.0,1800,3.49,470,0,45.0,41.0,4.0,42.0,43.0,44.0,45.0,44.0,44.0,41.0,41.0,41.0,41.0
1790972410.3,idle,45.0,51.0,1800,2.98,428,0,45.0,41.0,4.0,42.0,41.0,45.0,45.0,45.0,44.0,42.0,42.0,42.0,42.0
1790972411.4,idle,45.0,51.0,1800,3.49,437,0,44.0,41.0,3.0,42.0,41.0,44.0,44.0,44.0,44.0,42.0,42.0,42.0,42.0
1790972412.4,idle,45.0,51.0,1800,3.14,447,0,45.0,41.0,4.0,43.0,41.0,45.0,44.0,44.0,45.0,41.0,41.0,41.0,41.0
1790972413.4,idle,44.0,51.0,1800,3.14,450,0,45.0,41.0,4.0,42.0,41.0,45.0,45.0,45.0,45.0,41.0,41.0,41.0,41.0
1790972414.4,idle,45.0,51.0,1800,3.35,460,0,44.0,41.0,3.0,43.0,41.0,44.0,44.0,44.0,44.0,41.0,41.0,41.0,41.0
1790972415.4,idle,44.0,52.0,1800,3.1,433,0,44.0,41.0,3.0,42.0,43.0,44.0,44.0,44.0,44.0,41.0,41.0,41.0,41.0
1790972416.5,idle,45.0,52.0,1800,8.47,490,0,45.0,41.0,4.0,43.0,41.0,45.0,45.0,45.0,45.0,42.0,42.0,42.0,42.0
1790972417.5,idle,45.0,52.0,1800,3.58,532,0,44.0,41.0,3.0,43.0,41.0,44.0,44.0,44.0,44.0,43.0,43.0,43.0,42.0
1790972418.5,idle,43.0,52.0,1800,3.11,475,0,45.0,41.0,4.0,42.0,41.0,44.0,45.0,45.0,45.0,42.0,42.0,42.0,42.0
1790972419.5,idle,45.0,52.0,1800,3.37,618,0,45.0,41.0,4.0,43.0,41.0,45.0,45.0,45.0,45.0,41.0,41.0,41.0,41.0
1790972420.5,idle,45.0,52.0,1800,3.0,450,0,44.0,41.0,3.0,42.0,41.0,44.0,44.0,44.0,44.0,42.0,42.0,42.0,42.0
1790972421.5,idle,44.0,52.0,1800,2.99,467,0,44.0,42.0,2.0,43.0,43.0,44.0,43.0,43.0,44.0,42.0,42.0,42.0,42.0
1790972422.5,idle,44.0,52.0,1800,3.29,452,0,45.0,41.0,4.0,43.0,41.0,45.0,45.0,45.0,45.0,41.0,41.0,41.0,41.0
1790972423.6,idle,44.0,52.0,1800,3.29,426,0,44.0,41.0,3.0,42.0,43.0,44.0,44.0,44.0,44.0,42.0,41.0,41.0,41.0
1790972424.6,idle,45.0,52.0,1800,3.02,437,0,45.0,41.0,4.0,43.0,41.0,45.0,45.0,45.0,45.0,42.0,42.0,42.0,42.0
1790972425.6,idle,45.0,51.0,1800,3.69,965,0,45.0,42.0,3.0,44.0,44.0,45.0,45.0,45.0,45.0,42.0,42.0,42.0,42.0
1790972426.6,idle,44.0,51.0,1800,3.25,520,0,45.0,42.0,3.0,42.0,43.0,45.0,44.0,44.0,45.0,42.0,42.0,42.0,42.0
1790972427.6,idle,43.0,51.0,1800,3.11,435,0,44.0,42.0,2.0,42.0,42.0,44.0,44.0,44.0,44.0,42.0,42.0,42.0,42.0
1790972428.7,idle,45.0,51.0,1800,3.44,478,0,45.0,41.0,4.0,43.0,43.0,44.0,45.0,45.0,45.0,41.0,41.0,41.0,41.0
1790972429.7,idle,45.0,51.0,1800,3.15,472,0,44.0,41.0,3.0,43.0,41.0,44.0,44.0,44.0,44.0,42.0,42.0,42.0,42.0
1790972430.7,idle,44.0,51.0,1800,3.01,467,0,45.0,41.0,4.0,42.0,43.0,44.0,44.0,44.0,45.0,42.0,41.0,41.0,41.0
1790972431.7,idle,45.0,51.0,1800,3.14,489,0,45.0,41.0,4.0,42.0,41.0,45.0,45.0,44.0,44.0,41.0,42.0,42.0,42.0
1790972432.7,idle,44.0,51.0,1800,3.1,495,0,45.0,41.0,4.0,42.0,41.0,45.0,45.0,44.0,44.0,41.0,42.0,42.0,42.0
1790972433.7,idle,45.0,51.0,1800,2.94,476,0,44.0,41.0,3.0,42.0,41.0,44.0,44.0,44.0,44.0,42.0,42.0,42.0,42.0
1790972434.8,idle,45.0,51.0,1800,3.14,435,0,45.0,41.0,4.0,43.0,43.0,45.0,44.0,44.0,44.0,41.0,41.0,41.0,41.0
1790972435.8,idle,53.0,52.0,1800,8.77,1017,0,53.0,49.0,4.0,52.0,53.0,52.0,52.0,51.0,51.0,49.0,49.0,49.0,49.0
1790972436.8,idle,43.0,52.0,1800,3.21,528,0,45.0,40.0,5.0,43.0,40.0,45.0,44.0,44.0,44.0,41.0,42.0,42.0,42.0
1790972437.8,idle,44.0,52.0,1800,3.28,491,0,45.0,41.0,4.0,43.0,41.0,45.0,45.0,45.0,45.0,42.0,42.0,42.0,41.0
1790972438.8,idle,44.0,52.0,1800,3.48,456,0,45.0,41.0,4.0,43.0,44.0,45.0,45.0,44.0,44.0,41.0,41.0,42.0,42.0
1790972439.8,idle,45.0,52.0,1800,3.24,477,0,45.0,41.0,4.0,43.0,43.0,43.0,43.0,45.0,45.0,42.0,42.0,41.0,41.0
1790972440.9,idle,44.0,52.0,1800,3.43,444,0,45.0,41.0,4.0,42.0,43.0,45.0,43.0,43.0,45.0,42.0,42.0,42.0,41.0
1790972441.9,idle,45.0,51.0,1800,3.23,464,0,44.0,40.0,4.0,42.0,43.0,44.0,43.0,43.0,43.0,40.0,41.0,41.0,41.0
1790972442.9,idle,44.0,51.0,1800,3.15,467,0,45.0,41.0,4.0,42.0,43.0,45.0,45.0,45.0,44.0,41.0,41.0,41.0,41.0
1790972443.9,idle,43.0,51.0,1800,2.95,472,0,45.0,41.0,4.0,41.0,41.0,45.0,45.0,44.0,44.0,41.0,41.0,42.0,42.0
1790972444.9,idle,45.0,51.0,1800,2.96,479,0,45.0,41.0,4.0,42.0,43.0,45.0,45.0,45.0,45.0,41.0,41.0,41.0,41.0
1790972445.9,idle,45.0,51.0,1800,3.82,526,0,44.0,41.0,3.0,42.0,43.0,44.0,44.0,44.0,44.0,41.0,41.0,42.0,42.0
1790972446.9,idle,45.0,51.0,1800,3.26,513,0,45.0,41.0,4.0,43.0,43.0,45.0,45.0,44.0,44.0,41.0,41.0,42.0,42.0
1790972448.0,idle,43.0,51.0,1800,3.42,462,0,44.0,41.0,3.0,42.0,44.0,44.0,44.0,44.0,43.0,41.0,42.0,42.0,42.0
1790972449.0,idle,43.0,51.0,1800,3.06,493,0,45.0,40.0,5.0,43.0,42.0,45.0,45.0,45.0,45.0,40.0,40.0,41.0,41.0
1790972450.0,idle,45.0,51.0,1800,3.14,446,0,44.0,42.0,2.0,42.0,42.0,44.0,44.0,44.0,44.0,42.0,42.0,42.0,42.0
1790972451.0,idle,44.0,51.0,1800,3.2,467,0,44.0,41.0,3.0,41.0,41.0,44.0,44.0,44.0,44.0,42.0,43.0,43.0,43.0
1790972452.0,idle,44.0,51.0,1800,3.05,487,0,44.0,41.0,3.0,42.0,41.0,43.0,44.0,44.0,44.0,42.0,42.0,42.0,42.0
1790972453.1,idle,43.0,51.0,1800,3.03,485,0,45.0,40.0,5.0,42.0,41.0,43.0,44.0,44.0,45.0,40.0,40.0,42.0,42.0
1790972454.1,idle,44.0,51.0,1800,3.14,475,0,44.0,41.0,3.0,43.0,41.0,44.0,44.0,44.0,44.0,42.0,42.0,42.0,42.0
1790972455.1,idle,43.0,51.0,1800,3.11,492,0,44.0,41.0,3.0,41.0,41.0,44.0,42.0,43.0,43.0,42.0,42.0,42.0,42.0
1790972456.1,idle,45.0,52.0,1800,9.01,507,0,45.0,42.0,3.0,43.0,44.0,45.0,45.0,45.0,45.0,42.0,43.0,43.0,43.0
1790972457.1,idle,44.0,52.0,1800,3.12,466,0,45.0,41.0,4.0,43.0,41.0,45.0,45.0,45.0,45.0,41.0,41.0,41.0,41.0
1790972458.1,idle,45.0,51.0,1800,3.38,458,0,44.0,42.0,2.0,43.0,43.0,43.0,44.0,44.0,44.0,42.0,42.0,42.0,42.0
1790972459.2,idle,44.0,51.0,1800,3.09,477,0,44.0,41.0,3.0,43.0,41.0,44.0,44.0,44.0,44.0,42.0,42.0,42.0,42.0
1790972460.2,idle,45.0,51.0,1800,3.42,467,0,45.0,41.0,4.0,43.0,41.0,45.0,44.0,44.0,44.0,42.0,42.0,41.0,41.0
1790972461.2,idle,44.0,51.0,1800,3.04,506,0,43.0,41.0,2.0,41.0,41.0,43.0,43.0,43.0,43.0,42.0,42.0,42.0,42.0
1790972462.2,idle,44.0,51.0,1800,3.08,444,0,45.0,41.0,4.0,43.0,43.0,45.0,45.0,45.0,44.0,41.0,42.0,42.0,42.0
1790972463.2,idle,44.0,51.0,1800,3.35,461,0,44.0,41.0,3.0,41.0,44.0,43.0,43.0,43.0,43.0,42.0,42.0,42.0,42.0
1790972464.3,idle,44.0,51.0,1800,3.13,437,0,44.0,41.0,3.0,43.0,41.0,43.0,43.0,44.0,44.0,42.0,42.0,42.0,42.0
1790972465.3,idle,45.0,51.0,1800,3.13,448,0,45.0,40.0,5.0,40.0,42.0,44.0,44.0,44.0,45.0,42.0,42.0,42.0,42.0
1790972466.3,idle,45.0,51.0,1800,4.53,479,0,44.0,41.0,3.0,43.0,43.0,44.0,44.0,44.0,44.0,42.0,42.0,42.0,41.0
1790972467.3,idle,45.0,51.0,1800,5.21,577,0,45.0,41.0,4.0,43.0,41.0,45.0,45.0,45.0,45.0,43.0,42.0,42.0,42.0
1790972468.3,idle,45.0,51.0,1800,5.91,842,0,45.0,43.0,2.0,43.0,43.0,45.0,45.0,45.0,45.0,43.0,43.0,43.0,43.0
1790972469.3,idle,45.0,51.0,1800,5.81,885,0,47.0,43.0,4.0,47.0,43.0,47.0,47.0,47.0,47.0,43.0,43.0,43.0,43.0
1790972470.3,idle,44.0,51.0,1800,5.51,1000,0,45.0,41.0,4.0,44.0,41.0,45.0,45.0,45.0,45.0,43.0,43.0,43.0,43.0
1790972471.4,idle,45.0,51.0,1800,5.9,669,0,46.0,43.0,3.0,44.0,44.0,45.0,45.0,46.0,46.0,43.0,43.0,43.0,43.0
1790972472.4,idle,47.0,51.0,1800,5.66,722,0,45.0,41.0,4.0,44.0,41.0,45.0,45.0,45.0,44.0,42.0,42.0,42.0,42.0
1790972473.4,idle,47.0,51.0,1800,5.78,593,0,46.0,42.0,4.0,43.0,44.0,46.0,46.0,46.0,46.0,43.0,42.0,42.0,42.0
1790972474.4,idle,45.0,51.0,1800,5.54,513,0,45.0,43.0,2.0,43.0,43.0,45.0,45.0,45.0,44.0,43.0,43.0,43.0,43.0
1790972475.4,idle,45.0,51.0,1800,5.31,778,0,46.0,43.0,3.0,44.0,43.0,45.0,46.0,46.0,46.0,44.0,44.0,44.0,44.0
1790972476.4,idle,47.0,51.0,1800,11.25,1402,0,47.0,43.0,4.0,44.0,45.0,47.0,47.0,47.0,47.0,43.0,43.0,43.0,43.0
1790972477.4,idle,46.0,51.0,1800,5.97,673,0,47.0,43.0,4.0,44.0,44.0,47.0,47.0,47.0,47.0,43.0,43.0,43.0,43.0
1790972478.4,idle,60.0,51.0,1800,7.94,3365,0,55.0,47.0,8.0,55.0,53.0,54.0,54.0,54.0,54.0,47.0,47.0,47.0,47.0
1790972479.5,idle,45.0,52.0,1800,8.73,432,0,45.0,43.0,2.0,44.0,43.0,45.0,45.0,45.0,45.0,43.0,43.0,43.0,43.0
1790972480.5,idle,45.0,52.0,1800,3.21,450,0,45.0,42.0,3.0,43.0,44.0,45.0,45.0,45.0,45.0,44.0,44.0,42.0,42.0
1790972481.5,idle,45.0,52.0,1800,3.31,455,0,45.0,42.0,3.0,44.0,44.0,44.0,45.0,45.0,45.0,42.0,42.0,42.0,42.0
1790972482.5,idle,45.0,52.0,1800,3.38,428,0,44.0,42.0,2.0,44.0,43.0,44.0,44.0,44.0,44.0,42.0,42.0,42.0,42.0
1790972483.5,idle,45.0,52.0,1800,3.2,476,0,45.0,42.0,3.0,43.0,43.0,45.0,45.0,45.0,44.0,42.0,42.0,42.0,42.0
1790972484.5,idle,45.0,52.0,1800,4.95,603,0,45.0,42.0,3.0,44.0,44.0,45.0,45.0,45.0,45.0,43.0,43.0,43.0,42.0
1790972485.6,idle,55.0,52.0,1800,3.85,1786,0,63.0,44.0,19.0,48.0,63.0,46.0,46.0,46.0,46.0,44.0,44.0,44.0,44.0
1790972486.6,idle,45.0,52.0,1800,4.45,492,0,45.0,42.0,3.0,44.0,44.0,45.0,45.0,45.0,45.0,42.0,43.0,43.0,42.0
1790972487.6,idle,45.0,52.0,1800,3.59,441,0,45.0,41.0,4.0,41.0,43.0,45.0,45.0,45.0,45.0,42.0,42.0,43.0,43.0
1790972488.6,idle,45.0,52.0,1800,3.45,532,0,45.0,42.0,3.0,43.0,44.0,45.0,45.0,44.0,44.0,42.0,42.0,44.0,44.0
1790972489.6,idle,45.0,52.0,1900,3.49,465,0,45.0,42.0,3.0,42.0,43.0,45.0,45.0,45.0,44.0,42.0,42.0,42.0,42.0
1790972490.6,idle,44.0,52.0,2300,3.28,419,0,45.0,42.0,3.0,43.0,43.0,45.0,45.0,45.0,45.0,42.0,42.0,42.0,42.0
1790972491.7,idle,45.0,52.0,2600,3.41,472,0,44.0,42.0,2.0,43.0,43.0,44.0,44.0,44.0,44.0,42.0,42.0,43.0,43.0
1790972492.7,idle,45.0,52.0,2400,3.24,503,0,45.0,41.0,4.0,43.0,41.0,45.0,45.0,44.0,44.0,42.0,42.0,42.0,42.0
1790972493.7,idle,44.0,52.0,2300,3.35,459,0,45.0,42.0,3.0,43.0,44.0,43.0,43.0,43.0,45.0,42.0,42.0,42.0,42.0
1790972494.7,idle,44.0,52.0,2000,3.57,433,0,44.0,42.0,2.0,43.0,42.0,44.0,44.0,44.0,44.0,42.0,42.0,42.0,43.0
1790972495.7,idle,73.0,52.0,1700,6.53,2620,0,64.0,57.0,7.0,58.0,64.0,64.0,64.0,64.0,64.0,58.0,58.0,58.0,57.0
1790972496.7,idle,45.0,52.0,1800,5.48,586,0,45.0,40.0,5.0,42.0,40.0,44.0,45.0,45.0,45.0,43.0,43.0,43.0,43.0
1790972497.8,idle,45.0,52.0,1800,3.36,476,0,45.0,41.0,4.0,44.0,43.0,45.0,45.0,45.0,45.0,42.0,42.0,41.0,41.0
1790972498.8,idle,45.0,52.0,1800,3.69,445,0,44.0,42.0,2.0,43.0,43.0,44.0,44.0,44.0,44.0,42.0,42.0,42.0,42.0
1790972499.8,idle,44.0,52.0,1800,3.3,445,0,44.0,42.0,2.0,42.0,42.0,44.0,44.0,44.0,44.0,42.0,42.0,42.0,42.0
1790972500.8,idle,45.0,52.0,1800,3.31,588,0,45.0,41.0,4.0,43.0,41.0,45.0,45.0,45.0,45.0,42.0,42.0,42.0,42.0
1790972501.8,idle,45.0,52.0,1800,3.57,556,0,45.0,42.0,3.0,44.0,43.0,45.0,45.0,45.0,45.0,42.0,42.0,42.0,42.0
1790972502.9,idle,45.0,52.0,1800,3.2,504,0,45.0,42.0,3.0,43.0,42.0,45.0,45.0,45.0,45.0,42.0,42.0,42.0,42.0
1790972503.9,idle,44.0,52.0,1800,3.46,526,0,45.0,41.0,4.0,42.0,41.0,45.0,44.0,45.0,45.0,42.0,42.0,42.0,42.0
1790972504.9,idle,45.0,52.0,1800,3.17,528,0,45.0,41.0,4.0,43.0,43.0,45.0,45.0,45.0,45.0,41.0,41.0,41.0,41.0
1790972505.9,idle,45.0,52.0,1800,3.83,485,0,45.0,41.0,4.0,43.0,41.0,45.0,45.0,44.0,44.0,41.0,42.0,42.0,42.0
1790972506.9,idle,45.0,52.0,1800,3.48,491,0,45.0,41.0,4.0,43.0,41.0,45.0,45.0,45.0,45.0,42.0,42.0,42.0,42.0
1790972507.9,idle,45.0,52.0,1800,3.43,429,0,45.0,43.0,2.0,43.0,43.0,44.0,45.0,45.0,45.0,44.0,44.0,44.0,44.0
1790972509.0,idle,43.0,52.0,1800,3.72,442,0,45.0,41.0,4.0,43.0,44.0,45.0,45.0,45.0,45.0,41.0,41.0,41.0,41.0
1790972510.0,idle,45.0,52.0,1800,3.32,448,0,45.0,43.0,2.0,43.0,43.0,44.0,44.0,45.0,45.0,44.0,44.0,44.0,43.0
1790972511.0,idle,45.0,52.0,1800,3.03,470,0,45.0,41.0,4.0,43.0,41.0,45.0,45.0,45.0,44.0,43.0,43.0,43.0,42.0
1790972512.0,idle,45.0,52.0,1800,3.05,564,0,45.0,41.0,4.0,41.0,44.0,45.0,44.0,43.0,43.0,42.0,42.0,42.0,42.0
1790972513.0,idle,45.0,52.0,1800,3.36,490,0,45.0,42.0,3.0,43.0,43.0,44.0,44.0,45.0,45.0,42.0,42.0,42.0,42.0
1790972514.0,idle,45.0,52.0,1800,3.04,463,0,44.0,42.0,2.0,43.0,44.0,44.0,44.0,44.0,43.0,42.0,42.0,42.0,42.0
1790972515.1,idle,45.0,52.0,1800,3.34,505,0,43.0,42.0,1.0,43.0,43.0,43.0,43.0,43.0,43.0,42.0,42.0,42.0,42.0
1790972516.1,idle,46.0,53.0,1800,8.52,530,0,45.0,43.0,2.0,44.0,44.0,45.0,44.0,44.0,44.0,43.0,43.0,43.0,43.0
1790972517.1,idle,43.0,53.0,1800,3.06,441,0,44.0,42.0,2.0,42.0,43.0,44.0,43.0,43.0,43.0,42.0,42.0,42.0,42.0
1790972518.1,idle,45.0,53.0,1800,3.22,488,0,45.0,42.0,3.0,42.0,44.0,45.0,45.0,44.0,44.0,42.0,42.0,42.0,42.0
1790972519.1,idle,45.0,53.0,1800,3.68,455,0,44.0,41.0,3.0,43.0,43.0,44.0,44.0,44.0,44.0,41.0,41.0,41.0,42.0
1790972520.1,idle,45.0,53.0,1800,3.24,456,0,45.0,41.0,4.0,43.0,43.0,45.0,45.0,44.0,44.0,41.0,42.0,42.0,42.0
1790972521.2,idle,45.0,53.0,1800,3.14,506,0,44.0,41.0,3.0,43.0,41.0,44.0,44.0,44.0,44.0,42.0,42.0,42.0,42.0
1790972522.2,idle,44.0,52.0,1800,3.07,937,0,48.0,41.0,7.0,48.0,44.0,45.0,45.0,45.0,45.0,41.0,41.0,41.0,41.0
1790972523.2,idle,45.0,52.0,1800,3.31,463,0,45.0,42.0,3.0,43.0,42.0,44.0,45.0,44.0,44.0,42.0,42.0,42.0,42.0
1790972524.2,idle,45.0,52.0,1800,3.23,531,0,45.0,41.0,4.0,41.0,43.0,45.0,44.0,44.0,44.0,42.0,42.0,42.0,42.0
1790972525.2,idle,44.0,52.0,1800,3.32,561,0,45.0,43.0,2.0,43.0,43.0,44.0,45.0,45.0,44.0,43.0,43.0,43.0,43.0
1790972526.2,idle,45.0,52.0,1800,3.86,524,0,45.0,41.0,4.0,43.0,44.0,44.0,44.0,45.0,45.0,42.0,42.0,41.0,41.0
1790972527.3,idle,45.0,52.0,1800,3.3,483,0,45.0,41.0,4.0,43.0,43.0,44.0,44.0,44.0,45.0,41.0,41.0,41.0,42.0
1790972528.3,idle,45.0,52.0,1800,3.34,524,0,45.0,40.0,5.0,43.0,40.0,45.0,44.0,44.0,44.0,42.0,42.0,42.0,42.0
1790972529.3,idle,45.0,52.0,1800,3.43,512,0,45.0,40.0,5.0,43.0,40.0,45.0,45.0,45.0,45.0,41.0,42.0,42.0,42.0
1790972530.3,idle,45.0,52.0,1800,3.15,509,0,44.0,42.0,2.0,42.0,43.0,44.0,44.0,44.0,44.0,43.0,43.0,43.0,43.0
1790972531.3,idle,44.0,52.0,1800,3.5,546,0,44.0,41.0,3.0,42.0,41.0,44.0,44.0,44.0,44.0,41.0,41.0,42.0,42.0
1790972532.3,idle,44.0,52.0,1800,3.09,505,0,45.0,41.0,4.0,42.0,43.0,44.0,45.0,45.0,44.0,42.0,42.0,41.0,41.0
1790972533.4,idle,43.0,52.0,1800,3.22,431,0,44.0,42.0,2.0,43.0,43.0,44.0,44.0,44.0,44.0,42.0,42.0,42.0,42.0
1790972534.4,idle,45.0,52.0,1800,3.13,454,0,44.0,41.0,3.0,43.0,41.0,44.0,44.0,44.0,44.0,42.0,42.0,42.0,42.0
1790972535.4,idle,44.0,51.0,1800,3.04,439,0,45.0,41.0,4.0,43.0,43.0,44.0,44.0,45.0,45.0,41.0,41.0,41.0,41.0
1790972536.4,idle,44.0,52.0,1800,8.71,428,0,44.0,43.0,1.0,44.0,44.0,44.0,44.0,44.0,44.0,43.0,43.0,43.0,43.0
1790972537.4,idle,45.0,52.0,1800,3.39,433,0,45.0,41.0,4.0,41.0,43.0,45.0,45.0,45.0,45.0,42.0,42.0,42.0,42.0
1790972538.4,idle,45.0,52.0,1800,3.29,465,0,44.0,42.0,2.0,42.0,43.0,44.0,44.0,44.0,44.0,42.0,42.0,42.0,43.0
1790972539.5,idle,45.0,52.0,1800,3.54,474,0,45.0,43.0,2.0,43.0,43.0,45.0,45.0,45.0,44.0,43.0,43.0,43.0,43.0
1790972540.5,idle,45.0,52.0,1800,3.36,449,0,45.0,42.0,3.0,43.0,43.0,45.0,45.0,43.0,43.0,43.0,42.0,42.0,42.0
1790972541.5,idle,44.0,52.0,1800,3.09,526,0,44.0,42.0,2.0,42.0,43.0,44.0,44.0,44.0,44.0,42.0,42.0,42.0,42.0
1790972542.5,idle,44.0,52.0,1800,3.15,454,0,45.0,40.0,5.0,43.0,40.0,44.0,45.0,45.0,45.0,42.0,42.0,42.0,42.0
1790972543.5,idle,44.0,52.0,1800,3.26,501,0,45.0,41.0,4.0,43.0,41.0,45.0,45.0,43.0,43.0,42.0,42.0,42.0,42.0
1790972544.5,idle,44.0,52.0,1800,3.3,481,0,45.0,41.0,4.0,43.0,41.0,44.0,45.0,45.0,45.0,42.0,42.0,42.0,42.0
1790972545.6,idle,57.0,52.0,1800,3.2,1618,0,52.0,43.0,9.0,50.0,50.0,52.0,52.0,52.0,52.0,43.0,43.0,43.0,43.0
1790972546.6,idle,45.0,52.0,1800,3.59,497,0,45.0,41.0,4.0,44.0,42.0,45.0,45.0,45.0,45.0,41.0,41.0,41.0,41.0
1790972547.6,idle,44.0,52.0,1800,3.22,458,0,45.0,41.0,4.0,43.0,41.0,44.0,44.0,45.0,45.0,42.0,42.0,42.0,42.0
1790972548.6,idle,45.0,52.0,1800,3.12,454,0,45.0,42.0,3.0,42.0,43.0,45.0,45.0,45.0,45.0,42.0,42.0,42.0,42.0
1790972549.6,idle,43.0,52.0,1800,3.25,527,0,45.0,41.0,4.0,43.0,41.0,45.0,45.0,45.0,45.0,42.0,42.0,42.0,42.0
1790972550.6,idle,45.0,52.0,1800,3.43,596,0,44.0,42.0,2.0,44.0,43.0,43.0,43.0,44.0,44.0,42.0,42.0,42.0,42.0
1790972551.7,idle,45.0,52.0,1800,3.22,453,0,45.0,41.0,4.0,43.0,41.0,45.0,45.0,44.0,44.0,41.0,41.0,41.0,42.0
1790972552.7,idle,44.0,52.0,1800,3.3,507,0,44.0,42.0,2.0,44.0,43.0,44.0,44.0,44.0,44.0,42.0,42.0,42.0,42.0
1790972553.7,idle,45.0,52.0,1800,3.1,449,0,45.0,41.0,4.0,41.0,41.0,45.0,45.0,45.0,45.0,42.0,42.0,42.0,42.0
1790972554.7,idle,44.0,52.0,1800,3.23,468,0,45.0,42.0,3.0,43.0,43.0,45.0,44.0,44.0,44.0,42.0,42.0,42.0,42.0
1790972555.7,idle,69.0,52.0,1800,6.15,2658,0,65.0,53.0,12.0,56.0,65.0,60.0,60.0,60.0,60.0,53.0,53.0,53.0,53.0
1790972556.7,idle,44.0,52.0,1800,5.68,491,0,45.0,41.0,4.0,43.0,41.0,45.0,45.0,44.0,44.0,42.0,42.0,42.0,42.0
1790972557.8,idle,44.0,52.0,1800,3.24,463,0,45.0,42.0,3.0,42.0,43.0,45.0,45.0,45.0,45.0,42.0,42.0,42.0,42.0
1790972558.8,idle,44.0,52.0,1800,3.14,478,0,45.0,41.0,4.0,42.0,41.0,45.0,45.0,45.0,45.0,42.0,42.0,42.0,42.0
1790972559.8,idle,45.0,52.0,1800,3.3,503,0,45.0,42.0,3.0,43.0,44.0,45.0,45.0,45.0,45.0,43.0,42.0,42.0,42.0
1790972560.8,idle,45.0,52.0,1800,2.95,496,0,45.0,42.0,3.0,42.0,43.0,44.0,45.0,45.0,45.0,42.0,42.0,42.0,42.0
1790972561.8,idle,45.0,52.0,1800,3.37,481,0,44.0,42.0,2.0,42.0,43.0,44.0,44.0,44.0,44.0,42.0,42.0,42.0,42.0
1790972562.9,idle,44.0,52.0,1800,3.08,513,0,45.0,39.0,6.0,42.0,39.0,45.0,45.0,44.0,44.0,42.0,41.0,41.0,41.0
1790972563.9,idle,45.0,52.0,1800,3.01,503,0,45.0,41.0,4.0,43.0,41.0,45.0,45.0,45.0,45.0,42.0,42.0,42.0,42.0
1790972564.9,idle,44.0,52.0,1800,3.01,425,0,45.0,41.0,4.0,43.0,41.0,45.0,45.0,44.0,44.0,42.0,42.0,42.0,41.0
1790972565.9,idle,46.0,52.0,1800,3.74,449,0,47.0,42.0,5.0,43.0,43.0,45.0,47.0,47.0,47.0,42.0,42.0,42.0,42.0
1790972566.9,idle,44.0,52.0,1800,3.2,546,0,45.0,41.0,4.0,43.0,41.0,44.0,44.0,44.0,45.0,42.0,42.0,42.0,42.0
1790972567.9,idle,45.0,52.0,1800,3.4,478,0,45.0,41.0,4.0,43.0,41.0,44.0,45.0,45.0,45.0,42.0,42.0,42.0,42.0
1790972569.0,idle,44.0,52.0,1800,3.16,494,0,45.0,42.0,3.0,42.0,42.0,45.0,45.0,45.0,45.0,42.0,42.0,42.0,42.0
1790972570.0,idle,44.0,52.0,1800,3.34,509,0,45.0,42.0,3.0,42.0,44.0,45.0,45.0,45.0,44.0,42.0,42.0,42.0,42.0
1790972571.0,idle,45.0,52.0,1800,3.01,448,0,45.0,40.0,5.0,42.0,41.0,44.0,44.0,45.0,45.0,40.0,40.0,40.0,40.0
1790972572.0,idle,44.0,52.0,1800,3.02,477,0,45.0,40.0,5.0,43.0,41.0,45.0,45.0,43.0,43.0,40.0,41.0,41.0,41.0
1790972573.0,idle,44.0,52.0,1800,3.22,452,0,45.0,40.0,5.0,42.0,40.0,45.0,44.0,44.0,45.0,42.0,42.0,42.0,42.0
1790972574.0,idle,43.0,52.0,1800,3.46,494,0,44.0,42.0,2.0,43.0,43.0,44.0,44.0,44.0,44.0,42.0,42.0,42.0,42.0
1790972575.1,idle,43.0,52.0,1800,3.29,439,0,45.0,41.0,4.0,42.0,43.0,45.0,45.0,45.0,45.0,41.0,41.0,41.0,41.0
1790972576.1,idle,45.0,52.0,1800,8.71,467,0,45.0,43.0,2.0,43.0,44.0,45.0,45.0,45.0,45.0,43.0,43.0,43.0,43.0
1790972577.1,idle,44.0,52.0,1800,3.19,451,0,45.0,41.0,4.0,42.0,41.0,45.0,45.0,45.0,44.0,42.0,42.0,42.0,42.0
1790972578.1,idle,45.0,52.0,1800,3.08,474,0,44.0,42.0,2.0,42.0,43.0,44.0,44.0,44.0,44.0,42.0,42.0,42.0,42.0
1790972579.1,idle,44.0,52.0,1800,3.09,438,0,44.0,42.0,2.0,43.0,43.0,44.0,44.0,44.0,44.0,42.0,42.0,42.0,42.0
1790972580.1,idle,44.0,52.0,1800,3.66,485,0,45.0,41.0,4.0,43.0,41.0,45.0,44.0,44.0,44.0,42.0,42.0,42.0,42.0
1790972581.2,idle,43.0,52.0,1800,3.34,476,0,44.0,41.0,3.0,41.0,43.0,43.0,43.0,43.0,44.0,42.0,42.0,42.0,42.0
1790972582.2,idle,45.0,52.0,1800,3.14,439,0,45.0,41.0,4.0,42.0,41.0,45.0,45.0,43.0,43.0,42.0,42.0,42.0,42.0
1790972583.2,idle,45.0,52.0,1800,3.08,429,0,43.0,41.0,2.0,42.0,43.0,43.0,43.0,43.0,43.0,41.0,41.0,41.0,41.0
1790972584.2,idle,43.0,52.0,1800,3.99,547,0,45.0,41.0,4.0,43.0,41.0,45.0,44.0,44.0,44.0,42.0,42.0,42.0,42.0
1790972585.2,idle,45.0,52.0,1800,4.1,449,0,45.0,41.0,4.0,43.0,41.0,45.0,45.0,45.0,45.0,42.0,42.0,42.0,42.0
1790972586.3,idle,45.0,52.0,1800,3.78,447,0,45.0,41.0,4.0,43.0,44.0,43.0,45.0,45.0,45.0,42.0,41.0,41.0,41.0
1790972587.3,idle,43.0,51.0,1800,3.76,464,0,44.0,41.0,3.0,43.0,41.0,44.0,44.0,44.0,44.0,42.0,42.0,42.0,41.0
1790972588.3,idle,43.0,51.0,1800,3.68,465,0,45.0,41.0,4.0,43.0,41.0,45.0,44.0,44.0,44.0,42.0,42.0,42.0,42.0
1790972589.3,idle,44.0,51.0,1800,2.95,447,0,45.0,41.0,4.0,42.0,43.0,45.0,45.0,45.0,44.0,41.0,41.0,41.0,41.0
1790972590.3,idle,44.0,51.0,1800,3.61,448,0,45.0,41.0,4.0,43.0,41.0,45.0,44.0,44.0,44.0,41.0,41.0,41.0,41.0
1790972591.3,idle,43.0,51.0,1800,3.31,427,0,45.0,42.0,3.0,42.0,43.0,43.0,45.0,45.0,44.0,42.0,42.0,42.0,42.0
1790972592.4,idle,45.0,51.0,1800,3.31,435,0,45.0,40.0,5.0,42.0,43.0,45.0,45.0,44.0,44.0,41.0,40.0,40.0,40.0
1790972593.4,idle,43.0,51.0,1800,3.36,458,0,45.0,41.0,4.0,41.0,41.0,44.0,45.0,45.0,45.0,42.0,42.0,42.0,42.0
1790972594.4,idle,44.0,51.0,1800,3.08,470,0,45.0,41.0,4.0,43.0,43.0,44.0,44.0,44.0,45.0,41.0,41.0,42.0,42.0
1790972595.4,idle,44.0,51.0,1800,3.1,454,0,44.0,41.0,3.0,42.0,41.0,43.0,43.0,43.0,44.0,41.0,42.0,42.0,42.0
1790972596.4,idle,45.0,52.0,1800,8.62,479,0,45.0,40.0,5.0,43.0,40.0,44.0,44.0,45.0,45.0,43.0,43.0,43.0,43.0
1790972597.5,idle,45.0,52.0,1800,3.13,488,0,45.0,42.0,3.0,43.0,43.0,44.0,44.0,44.0,45.0,42.0,42.0,42.0,42.0
1790972598.5,idle,45.0,52.0,1800,3.18,442,0,44.0,42.0,2.0,42.0,42.0,44.0,44.0,44.0,44.0,42.0,42.0,42.0,42.0
1790972599.5,idle,45.0,52.0,1800,3.35,439,0,45.0,41.0,4.0,41.0,43.0,44.0,44.0,45.0,45.0,42.0,42.0,42.0,42.0
1790972600.5,idle,45.0,52.0,1800,3.34,498,0,44.0,41.0,3.0,43.0,43.0,44.0,44.0,44.0,44.0,41.0,41.0,41.0,41.0
1790972601.5,idle,45.0,53.0,1800,3.02,449,0,45.0,41.0,4.0,42.0,41.0,45.0,45.0,44.0,44.0,42.0,42.0,42.0,42.0
1790972602.5,idle,45.0,51.0,1800,3.18,464,0,45.0,41.0,4.0,42.0,43.0,44.0,45.0,45.0,45.0,41.0,41.0,42.0,42.0
1790972603.6,idle,44.0,51.0,1800,3.16,437,0,45.0,42.0,3.0,42.0,43.0,44.0,44.0,44.0,45.0,42.0,42.0,42.0,42.0
1790972604.6,idle,44.0,51.0,1800,3.08,427,0,44.0,41.0,3.0,42.0,41.0,44.0,43.0,43.0,44.0,42.0,42.0,42.0,42.0
1790972605.6,idle,46.0,52.0,1800,3.81,636,0,45.0,42.0,3.0,44.0,44.0,45.0,45.0,45.0,45.0,42.0,42.0,43.0,43.0
1790972606.6,idle,44.0,51.0,1800,3.32,467,0,44.0,42.0,2.0,42.0,43.0,43.0,43.0,43.0,44.0,42.0,42.0,42.0,42.0
1790972607.6,idle,44.0,51.0,1800,3.12,661,0,44.0,42.0,2.0,43.0,43.0,44.0,44.0,44.0,43.0,42.0,42.0,42.0,42.0
1790972608.6,idle,43.0,51.0,1800,3.17,459,0,44.0,41.0,3.0,43.0,41.0,44.0,44.0,43.0,43.0,42.0,41.0,41.0,41.0
1790972609.7,idle,44.0,51.0,1800,2.91,451,0,44.0,41.0,3.0,42.0,41.0,44.0,44.0,43.0,43.0,42.0,42.0,42.0,42.0
1790972610.7,idle,45.0,51.0,1800,3.05,440,0,44.0,40.0,4.0,43.0,41.0,44.0,44.0,44.0,44.0,42.0,42.0,40.0,40.0
1790972611.7,idle,43.0,51.0,1800,3.45,486,0,44.0,42.0,2.0,43.0,43.0,44.0,44.0,43.0,44.0,42.0,42.0,42.0,42.0
1790972612.7,idle,44.0,51.0,1800,3.01,473,0,43.0,42.0,1.0,43.0,43.0,43.0,43.0,43.0,43.0,42.0,42.0,42.0,42.0
1790972613.7,idle,43.0,51.0,1800,3.11,433,0,44.0,41.0,3.0,42.0,41.0,43.0,44.0,43.0,43.0,42.0,42.0,42.0,42.0
1790972614.8,idle,43.0,51.0,1800,3.34,418,0,45.0,41.0,4.0,44.0,43.0,45.0,45.0,44.0,44.0,41.0,41.0,41.0,41.0
1790972615.8,idle,77.0,51.0,1800,7.51,2941,0,63.0,54.0,9.0,62.0,63.0,62.0,62.0,62.0,62.0,55.0,55.0,55.0,54.0
1790972616.8,idle,45.0,51.0,1800,4.07,437,0,44.0,42.0,2.0,43.0,42.0,44.0,44.0,44.0,44.0,42.0,42.0,42.0,42.0
1790972617.8,idle,43.0,51.0,1800,3.27,456,0,44.0,41.0,3.0,43.0,43.0,44.0,44.0,44.0,44.0,42.0,42.0,42.0,41.0
1790972618.8,idle,44.0,51.0,1800,3.26,475,0,45.0,41.0,4.0,43.0,41.0,44.0,45.0,45.0,44.0,42.0,42.0,42.0,42.0
1790972619.8,idle,45.0,51.0,1800,3.04,442,0,45.0,41.0,4.0,42.0,41.0,45.0,44.0,44.0,44.0,43.0,43.0,43.0,43.0
1790972620.9,idle,43.0,51.0,1800,3.01,507,0,45.0,41.0,4.0,41.0,41.0,45.0,45.0,45.0,45.0,42.0,42.0,42.0,42.0
1790972621.9,idle,44.0,51.0,1800,3.39,428,0,44.0,41.0,3.0,42.0,41.0,44.0,44.0,44.0,44.0,42.0,42.0,42.0,42.0
1790972622.9,idle,43.0,51.0,1800,3.1,448,0,43.0,41.0,2.0,41.0,41.0,43.0,43.0,43.0,43.0,42.0,42.0,42.0,42.0
1790972623.9,idle,43.0,51.0,1800,3.42,452,0,43.0,41.0,2.0,41.0,42.0,43.0,43.0,43.0,43.0,42.0,42.0,42.0,42.0
1790972624.9,idle,43.0,51.0,1800,3.05,443,0,44.0,41.0,3.0,41.0,41.0,43.0,42.0,42.0,44.0,42.0,41.0,41.0,41.0
1790972625.9,idle,44.0,51.0,1800,3.85,458,0,44.0,41.0,3.0,43.0,41.0,43.0,43.0,43.0,44.0,42.0,42.0,42.0,42.0
1790972627.0,idle,44.0,51.0,1800,3.11,483,0,43.0,41.0,2.0,42.0,41.0,43.0,43.0,43.0,43.0,41.0,41.0,41.0,42.0
1790972628.0,idle,43.0,51.0,1800,3.18,452,0,43.0,41.0,2.0,42.0,41.0,43.0,43.0,43.0,43.0,41.0,42.0,42.0,42.0
1790972629.0,idle,43.0,51.0,1800,3.14,478,0,45.0,41.0,4.0,41.0,43.0,45.0,44.0,44.0,44.0,42.0,42.0,42.0,42.0
1790972630.0,idle,43.0,51.0,1800,3.22,501,0,44.0,41.0,3.0,42.0,41.0,43.0,44.0,44.0,44.0,41.0,41.0,41.0,41.0
1790972631.0,idle,43.0,51.0,1800,3.34,426,0,45.0,41.0,4.0,42.0,41.0,45.0,43.0,43.0,43.0,42.0,42.0,42.0,42.0
1790972632.1,idle,43.0,51.0,1800,3.24,442,0,45.0,41.0,4.0,42.0,41.0,43.0,43.0,45.0,45.0,41.0,41.0,41.0,41.0
1790972633.1,idle,43.0,51.0,1800,3.06,438,0,44.0,41.0,3.0,41.0,41.0,43.0,43.0,43.0,44.0,42.0,42.0,42.0,42.0
1790972634.1,idle,44.0,51.0,1800,2.95,484,0,44.0,41.0,3.0,42.0,41.0,44.0,42.0,42.0,42.0,42.0,42.0,42.0,42.0
1790972635.1,idle,45.0,51.0,1800,3.1,496,0,44.0,41.0,3.0,41.0,41.0,44.0,43.0,44.0,44.0,41.0,41.0,42.0,42.0
1790972636.1,idle,45.0,51.0,1800,8.87,448,0,45.0,42.0,3.0,44.0,42.0,45.0,44.0,44.0,44.0,42.0,42.0,43.0,43.0
1790972637.1,idle,43.0,51.0,1800,3.09,431,0,45.0,41.0,4.0,41.0,43.0,45.0,45.0,44.0,44.0,42.0,42.0,42.0,42.0
1790972638.2,idle,43.0,51.0,1800,3.07,433,0,43.0,42.0,1.0,42.0,42.0,43.0,43.0,43.0,43.0,42.0,42.0,42.0,42.0
1790972639.2,idle,43.0,51.0,1800,3.14,453,0,44.0,42.0,2.0,43.0,43.0,44.0,44.0,44.0,44.0,42.0,42.0,42.0,42.0
1790972640.2,idle,44.0,51.0,1800,3.12,471,0,45.0,42.0,3.0,43.0,43.0,45.0,44.0,44.0,45.0,42.0,42.0,42.0,42.0
1790972641.2,idle,44.0,51.0,1800,3.29,463,0,45.0,41.0,4.0,42.0,41.0,44.0,45.0,45.0,45.0,42.0,42.0,42.0,42.0
1790972642.2,idle,43.0,51.0,1800,3.34,491,0,44.0,41.0,3.0,41.0,41.0,44.0,44.0,44.0,44.0,43.0,43.0,42.0,42.0
1790972643.2,idle,43.0,51.0,1800,3.07,423,0,44.0,40.0,4.0,40.0,42.0,44.0,44.0,44.0,44.0,41.0,41.0,41.0,41.0
1790972644.3,idle,43.0,51.0,1800,3.27,444,0,44.0,42.0,2.0,42.0,43.0,44.0,44.0,44.0,44.0,42.0,42.0,42.0,42.0
1790972645.3,idle,44.0,51.0,1800,3.79,474,0,43.0,41.0,2.0,41.0,41.0,43.0,43.0,43.0,43.0,42.0,42.0,42.0,42.0
1790972646.3,idle,44.0,51.0,1800,3.71,443,0,45.0,41.0,4.0,41.0,41.0,45.0,45.0,44.0,45.0,42.0,42.0,42.0,42.0
1790972647.3,idle,44.0,51.0,1800,3.12,541,0,44.0,41.0,3.0,42.0,41.0,43.0,44.0,44.0,44.0,42.0,42.0,42.0,42.0
1790972648.3,idle,45.0,51.0,1800,3.47,458,0,44.0,42.0,2.0,42.0,42.0,44.0,44.0,44.0,43.0,42.0,42.0,42.0,42.0
1790972649.4,idle,44.0,51.0,1800,2.96,492,0,45.0,41.0,4.0,41.0,41.0,44.0,44.0,44.0,45.0,41.0,42.0,42.0,42.0
1790972650.4,idle,43.0,51.0,1800,2.97,521,0,45.0,41.0,4.0,42.0,43.0,43.0,45.0,45.0,43.0,42.0,42.0,42.0,41.0
1790972651.4,idle,43.0,51.0,1800,3.32,495,0,44.0,41.0,3.0,42.0,41.0,44.0,43.0,44.0,44.0,42.0,42.0,42.0,42.0
1790972652.4,idle,44.0,51.0,1800,3.45,507,0,45.0,41.0,4.0,41.0,42.0,45.0,45.0,44.0,44.0,42.0,42.0,42.0,42.0
1790972653.4,idle,43.0,51.0,1800,3.05,462,0,44.0,42.0,2.0,42.0,43.0,44.0,44.0,44.0,44.0,42.0,42.0,42.0,42.0
1790972654.4,idle,43.0,51.0,1800,3.22,443,0,44.0,42.0,2.0,42.0,43.0,44.0,44.0,44.0,44.0,42.0,42.0,42.0,42.0
1790972655.5,idle,43.0,51.0,1800,3.21,466,0,43.0,42.0,1.0,42.0,43.0,43.0,43.0,43.0,43.0,42.0,42.0,42.0,42.0
1790972656.5,idle,45.0,51.0,1800,8.74,443,0,44.0,42.0,2.0,42.0,43.0,44.0,44.0,44.0,44.0,42.0,42.0,42.0,42.0
1790972657.5,idle,44.0,51.0,1800,3.05,456,0,44.0,42.0,2.0,43.0,43.0,44.0,43.0,43.0,43.0,42.0,42.0,42.0,42.0
1790972658.5,idle,43.0,51.0,1800,3.14,438,0,44.0,42.0,2.0,43.0,43.0,44.0,44.0,44.0,43.0,42.0,42.0,42.0,42.0
1790972659.5,idle,45.0,51.0,1800,3.61,475,0,45.0,41.0,4.0,41.0,44.0,43.0,45.0,45.0,44.0,42.0,42.0,42.0,42.0
1790972660.5,idle,43.0,51.0,1800,3.47,465,0,45.0,41.0,4.0,42.0,43.0,45.0,43.0,43.0,43.0,41.0,42.0,42.0,42.0
1790972661.6,idle,45.0,51.0,1800,3.13,486,0,44.0,41.0,3.0,41.0,41.0,44.0,44.0,44.0,44.0,42.0,42.0,42.0,42.0
1790972662.6,idle,44.0,51.0,1800,3.06,488,0,44.0,41.0,3.0,42.0,43.0,44.0,42.0,42.0,43.0,42.0,41.0,41.0,41.0
1790972663.6,idle,44.0,51.0,1800,3.18,495,0,44.0,41.0,3.0,41.0,41.0,44.0,44.0,44.0,44.0,42.0,42.0,42.0,42.0
1790972664.6,idle,43.0,51.0,1800,3.21,439,0,43.0,42.0,1.0,43.0,42.0,43.0,43.0,43.0,43.0,42.0,42.0,42.0,42.0
1790972665.6,idle,44.0,51.0,1800,3.73,535,0,44.0,41.0,3.0,43.0,41.0,44.0,44.0,44.0,44.0,42.0,42.0,42.0,42.0
1790972666.6,idle,44.0,51.0,1800,3.63,543,0,45.0,41.0,4.0,42.0,41.0,43.0,43.0,45.0,45.0,42.0,42.0,42.0,42.0
1790972667.7,idle,44.0,51.0,1800,3.05,507,0,44.0,41.0,3.0,42.0,41.0,44.0,44.0,44.0,44.0,42.0,41.0,41.0,41.0
1790972668.7,idle,45.0,51.0,1800,3.05,491,0,43.0,41.0,2.0,41.0,43.0,43.0,43.0,43.0,43.0,41.0,41.0,41.0,42.0
1790972669.7,idle,43.0,51.0,1800,2.87,528,0,44.0,40.0,4.0,42.0,43.0,44.0,44.0,43.0,43.0,40.0,40.0,41.0,41.0
1790972670.7,idle,43.0,51.0,1800,2.98,471,0,44.0,41.0,3.0,42.0,41.0,44.0,44.0,44.0,44.0,42.0,42.0,42.0,42.0
1790972671.7,idle,44.0,51.0,1800,3.15,470,0,45.0,38.0,7.0,42.0,38.0,45.0,45.0,43.0,45.0,42.0,42.0,41.0,41.0
1790972672.7,idle,44.0,51.0,1800,3.34,482,0,45.0,41.0,4.0,43.0,41.0,45.0,43.0,43.0,43.0,42.0,42.0,42.0,42.0
1790972673.8,idle,43.0,51.0,1800,3.06,438,0,43.0,41.0,2.0,43.0,41.0,43.0,43.0,43.0,43.0,42.0,42.0,42.0,42.0
1790972674.8,idle,43.0,51.0,1800,3.27,467,0,43.0,41.0,2.0,42.0,41.0,43.0,43.0,43.0,43.0,41.0,41.0,41.0,41.0
1790972675.8,idle,57.0,51.0,1800,8.45,1057,0,57.0,46.0,11.0,56.0,46.0,57.0,57.0,57.0,57.0,48.0,48.0,48.0,48.0
1790972676.8,idle,44.0,52.0,1800,3.21,494,0,45.0,41.0,4.0,41.0,41.0,45.0,44.0,44.0,44.0,41.0,41.0,42.0,42.0
1790972677.8,idle,42.0,52.0,1800,2.95,460,0,43.0,40.0,3.0,41.0,41.0,43.0,43.0,43.0,43.0,41.0,40.0,40.0,40.0
1790972678.8,idle,43.0,52.0,1800,3.32,426,0,43.0,39.0,4.0,39.0,41.0,43.0,43.0,42.0,42.0,41.0,41.0,41.0,42.0
1790972679.9,idle,44.0,52.0,1800,2.93,465,0,45.0,41.0,4.0,42.0,41.0,43.0,45.0,45.0,44.0,42.0,42.0,42.0,42.0
1790972680.9,idle,43.0,52.0,1800,2.94,501,0,45.0,41.0,4.0,41.0,41.0,44.0,45.0,43.0,43.0,41.0,41.0,42.0,42.0
1790972681.9,idle,43.0,51.0,1800,3.1,559,0,44.0,39.0,5.0,42.0,39.0,44.0,44.0,44.0,44.0,41.0,41.0,41.0,41.0
1790972682.9,idle,43.0,51.0,1800,3.36,438,0,43.0,40.0,3.0,41.0,41.0,43.0,42.0,42.0,42.0,42.0,42.0,40.0,40.0
1790972683.9,idle,43.0,51.0,1800,2.92,442,0,43.0,41.0,2.0,42.0,42.0,43.0,43.0,43.0,43.0,42.0,41.0,41.0,41.0
1790972684.9,idle,43.0,51.0,1800,3.17,461,0,44.0,41.0,3.0,42.0,41.0,43.0,43.0,43.0,44.0,42.0,42.0,41.0,41.0
1790972686.0,idle,44.0,51.0,1800,3.67,466,0,45.0,41.0,4.0,43.0,41.0,45.0,45.0,43.0,43.0,41.0,41.0,42.0,42.0
1790972687.0,idle,43.0,51.0,1800,3.1,441,0,43.0,41.0,2.0,42.0,41.0,43.0,43.0,43.0,43.0,41.0,41.0,41.0,41.0
1790972688.0,idle,44.0,51.0,1800,3.05,432,0,43.0,41.0,2.0,42.0,41.0,43.0,43.0,43.0,42.0,41.0,41.0,41.0,41.0
1790972689.0,idle,44.0,51.0,1800,3.06,532,0,45.0,41.0,4.0,41.0,41.0,43.0,45.0,45.0,45.0,42.0,42.0,42.0,42.0
1790972690.0,idle,43.0,51.0,1800,3.44,500,0,44.0,41.0,3.0,41.0,41.0,44.0,44.0,44.0,44.0,41.0,41.0,41.0,41.0
1790972691.0,idle,43.0,51.0,1800,3.41,455,0,45.0,41.0,4.0,42.0,41.0,44.0,45.0,45.0,45.0,42.0,42.0,42.0,42.0
1790972692.1,idle,43.0,51.0,1800,3.41,453,0,43.0,41.0,2.0,42.0,41.0,43.0,43.0,43.0,43.0,41.0,41.0,41.0,41.0
1790972693.1,idle,43.0,51.0,1800,3.03,486,0,43.0,41.0,2.0,42.0,41.0,43.0,43.0,43.0,43.0,42.0,42.0,42.0,42.0
1790972694.1,idle,43.0,51.0,1800,3.0,458,0,43.0,39.0,4.0,42.0,39.0,43.0,43.0,42.0,42.0,41.0,42.0,42.0,42.0
1790972695.1,idle,43.0,51.0,1800,3.42,426,0,43.0,41.0,2.0,42.0,41.0,43.0,43.0,43.0,43.0,42.0,42.0,42.0,42.0
1790972696.1,idle,45.0,51.0,1800,8.82,458,0,45.0,41.0,4.0,43.0,41.0,44.0,45.0,45.0,45.0,42.0,42.0,42.0,43.0
1790972697.2,idle,43.0,51.0,1800,3.32,458,0,44.0,40.0,4.0,41.0,40.0,43.0,43.0,43.0,44.0,42.0,42.0,42.0,42.0
1790972698.2,idle,43.0,51.0,1800,3.23,459,0,44.0,40.0,4.0,40.0,41.0,44.0,44.0,42.0,42.0,42.0,42.0,42.0,42.0
1790972699.2,idle,43.0,51.0,1800,3.08,449,0,44.0,42.0,2.0,42.0,43.0,43.0,43.0,44.0,44.0,42.0,42.0,42.0,42.0
1790972700.2,idle,44.0,51.0,1800,3.06,446,0,44.0,41.0,3.0,42.0,41.0,44.0,43.0,44.0,44.0,42.0,42.0,42.0,42.0
1790972701.2,idle,44.0,51.0,1800,3.11,444,0,43.0,41.0,2.0,43.0,41.0,43.0,43.0,43.0,43.0,42.0,42.0,42.0,42.0
1790972702.2,idle,43.0,51.0,1800,3.43,493,0,44.0,42.0,2.0,42.0,43.0,43.0,43.0,44.0,44.0,42.0,42.0,42.0,42.0
1790972703.3,idle,44.0,51.0,1800,3.28,498,0,44.0,41.0,3.0,42.0,41.0,43.0,43.0,44.0,44.0,41.0,41.0,41.0,41.0
1790972704.3,idle,43.0,51.0,1800,3.34,468,0,43.0,40.0,3.0,42.0,40.0,43.0,43.0,43.0,43.0,40.0,40.0,40.0,40.0
1790972705.3,idle,44.0,51.0,1800,3.02,447,0,43.0,41.0,2.0,42.0,41.0,43.0,43.0,43.0,43.0,41.0,41.0,41.0,41.0
1790972706.3,idle,44.0,51.0,1800,3.84,452,0,44.0,40.0,4.0,41.0,40.0,43.0,44.0,44.0,44.0,42.0,42.0,42.0,42.0
1790972707.3,idle,43.0,51.0,1800,3.39,433,0,44.0,41.0,3.0,42.0,41.0,43.0,44.0,44.0,44.0,41.0,42.0,42.0,42.0
1790972708.4,idle,43.0,51.0,1800,3.41,447,0,44.0,40.0,4.0,42.0,41.0,44.0,44.0,44.0,44.0,40.0,40.0,40.0,40.0
1790972709.4,idle,43.0,51.0,1800,3.28,436,0,44.0,39.0,5.0,42.0,39.0,44.0,44.0,43.0,43.0,42.0,42.0,40.0,40.0
1790972710.4,idle,44.0,51.0,1800,3.01,450,0,45.0,41.0,4.0,43.0,41.0,45.0,43.0,43.0,43.0,42.0,42.0,42.0,42.0
1790972711.4,idle,43.0,51.0,1800,3.04,446,0,44.0,41.0,3.0,42.0,41.0,44.0,43.0,43.0,43.0,42.0,42.0,42.0,42.0
1790972712.4,idle,43.0,51.0,1800,3.28,422,0,45.0,41.0,4.0,42.0,41.0,45.0,43.0,43.0,44.0,42.0,42.0,42.0,42.0
1790972713.5,idle,43.0,51.0,1800,3.05,465,0,43.0,40.0,3.0,43.0,40.0,43.0,43.0,43.0,42.0,42.0,42.0,42.0,42.0
1790972714.5,idle,42.0,51.0,1800,3.17,560,0,43.0,41.0,2.0,42.0,41.0,42.0,42.0,43.0,43.0,43.0,42.0,42.0,42.0
1790972715.5,idle,42.0,51.0,1800,3.31,460,0,43.0,41.0,2.0,41.0,41.0,43.0,43.0,43.0,43.0,42.0,42.0,42.0,42.0
1790972716.5,idle,43.0,51.0,1800,8.75,442,0,45.0,41.0,4.0,43.0,41.0,44.0,44.0,45.0,45.0,42.0,42.0,42.0,42.0
1790972717.5,idle,45.0,51.0,1800,3.18,429,0,44.0,41.0,3.0,41.0,41.0,44.0,44.0,44.0,44.0,42.0,41.0,41.0,41.0
1790972718.5,idle,45.0,51.0,1800,3.16,479,0,44.0,41.0,3.0,42.0,41.0,44.0,44.0,44.0,44.0,42.0,42.0,42.0,42.0
1790972719.6,idle,45.0,51.0,1800,3.27,457,0,45.0,41.0,4.0,41.0,41.0,43.0,43.0,43.0,45.0,41.0,41.0,41.0,41.0
1790972720.6,idle,43.0,51.0,1800,3.04,507,0,45.0,40.0,5.0,41.0,40.0,44.0,43.0,43.0,45.0,42.0,42.0,42.0,41.0
1790972721.6,idle,44.0,51.0,1800,3.23,538,0,45.0,41.0,4.0,41.0,43.0,45.0,45.0,44.0,44.0,41.0,41.0,41.0,42.0
1790972722.6,idle,44.0,51.0,1800,3.5,514,0,43.0,41.0,2.0,43.0,41.0,42.0,42.0,42.0,43.0,41.0,41.0,41.0,41.0
1790972723.6,idle,44.0,51.0,1800,3.41,466,0,45.0,41.0,4.0,42.0,41.0,45.0,45.0,44.0,44.0,41.0,41.0,41.0,41.0
1790972724.6,idle,44.0,51.0,1800,3.03,425,0,45.0,41.0,4.0,43.0,41.0,45.0,45.0,45.0,45.0,41.0,41.0,41.0,41.0
1790972725.7,idle,44.0,51.0,1800,3.87,492,0,45.0,42.0,3.0,43.0,43.0,44.0,44.0,45.0,45.0,42.0,42.0,42.0,42.0
1790972726.7,idle,43.0,51.0,1800,3.23,481,0,44.0,41.0,3.0,42.0,41.0,43.0,43.0,43.0,44.0,42.0,41.0,41.0,41.0
1790972727.7,idle,43.0,51.0,1800,3.26,456,0,44.0,42.0,2.0,42.0,42.0,43.0,44.0,43.0,43.0,42.0,42.0,42.0,42.0
1790972728.7,idle,43.0,51.0,1800,3.14,456,0,43.0,41.0,2.0,42.0,41.0,43.0,43.0,43.0,42.0,42.0,42.0,42.0,42.0
1790972729.7,idle,43.0,51.0,1800,2.95,418,0,44.0,41.0,3.0,42.0,41.0,43.0,43.0,43.0,44.0,42.0,42.0,42.0,42.0
1790972730.8,idle,44.0,51.0,1800,3.19,463,0,43.0,41.0,2.0,42.0,41.0,43.0,43.0,43.0,43.0,41.0,41.0,41.0,41.0
1790972731.8,idle,43.0,51.0,1800,3.18,429,0,43.0,40.0,3.0,42.0,43.0,43.0,43.0,43.0,43.0,40.0,42.0,42.0,43.0
1790972732.8,idle,44.0,51.0,1800,3.43,460,0,44.0,41.0,3.0,42.0,41.0,44.0,44.0,44.0,44.0,42.0,42.0,42.0,41.0
1790972733.8,idle,44.0,51.0,1800,3.39,484,0,43.0,41.0,2.0,43.0,41.0,43.0,43.0,43.0,43.0,41.0,41.0,41.0,41.0
1790972734.8,idle,44.0,51.0,1800,3.27,512,0,44.0,40.0,4.0,42.0,41.0,43.0,43.0,43.0,44.0,40.0,40.0,42.0,42.0
1790972735.8,idle,51.0,51.0,1800,8.71,559,0,50.0,45.0,5.0,47.0,45.0,49.0,49.0,50.0,50.0,45.0,45.0,45.0,45.0
1790972736.9,idle,44.0,51.0,1800,3.06,435,0,44.0,41.0,3.0,41.0,41.0,44.0,43.0,43.0,44.0,41.0,41.0,41.0,41.0
1790972737.9,idle,43.0,51.0,1800,3.08,477,0,43.0,41.0,2.0,43.0,41.0,43.0,43.0,43.0,43.0,41.0,41.0,41.0,41.0
1790972738.9,idle,44.0,51.0,1800,3.19,428,0,44.0,41.0,3.0,42.0,41.0,44.0,44.0,44.0,44.0,42.0,42.0,42.0,42.0
1790972739.9,idle,45.0,51.0,1800,3.19,433,0,44.0,41.0,3.0,43.0,41.0,43.0,44.0,44.0,44.0,42.0,42.0,42.0,42.0
1790972740.9,idle,43.0,51.0,1800,2.93,448,0,44.0,41.0,3.0,41.0,41.0,44.0,44.0,44.0,44.0,42.0,41.0,41.0,41.0
1790972741.9,idle,44.0,51.0,1800,3.19,491,0,44.0,40.0,4.0,42.0,41.0,43.0,44.0,44.0,44.0,41.0,41.0,40.0,40.0
1790972743.0,idle,43.0,51.0,1800,3.34,518,0,44.0,40.0,4.0,41.0,40.0,44.0,44.0,44.0,44.0,40.0,41.0,41.0,41.0
1790972744.0,idle,43.0,51.0,1800,3.01,439,0,44.0,41.0,3.0,42.0,41.0,43.0,44.0,44.0,44.0,42.0,42.0,42.0,42.0
1790972745.0,idle,44.0,51.0,1800,2.98,458,0,43.0,40.0,3.0,43.0,40.0,43.0,43.0,43.0,43.0,42.0,42.0,42.0,42.0
1790972746.0,idle,45.0,51.0,1800,3.99,511,0,45.0,40.0,5.0,41.0,41.0,45.0,45.0,45.0,45.0,40.0,40.0,40.0,40.0
1790972747.0,idle,44.0,51.0,1800,3.04,464,0,44.0,40.0,4.0,41.0,41.0,43.0,43.0,44.0,43.0,40.0,40.0,40.0,40.0
1790972748.0,idle,44.0,51.0,1800,3.4,544,0,45.0,40.0,5.0,41.0,40.0,45.0,44.0,44.0,44.0,42.0,42.0,40.0,40.0
1790972749.1,idle,44.0,51.0,1800,3.04,521,0,44.0,41.0,3.0,42.0,41.0,43.0,44.0,44.0,44.0,41.0,41.0,42.0,42.0
1790972750.1,idle,43.0,51.0,1800,2.94,489,0,44.0,40.0,4.0,42.0,40.0,44.0,44.0,44.0,43.0,40.0,40.0,40.0,40.0
1790972751.1,idle,42.0,51.0,1800,3.08,488,0,43.0,40.0,3.0,42.0,41.0,43.0,43.0,43.0,43.0,40.0,40.0,40.0,41.0
1790972752.1,idle,43.0,51.0,1800,3.16,428,0,43.0,39.0,4.0,42.0,39.0,42.0,43.0,43.0,42.0,41.0,41.0,41.0,40.0
1790972753.1,idle,43.0,51.0,1800,3.26,462,0,44.0,41.0,3.0,42.0,41.0,44.0,43.0,43.0,43.0,42.0,42.0,42.0,42.0
1790972754.2,idle,43.0,51.0,1800,3.29,436,0,45.0,40.0,5.0,42.0,41.0,45.0,43.0,43.0,43.0,40.0,40.0,40.0,40.0
1790972755.2,idle,43.0,51.0,1800,3.13,479,0,44.0,40.0,4.0,41.0,41.0,44.0,44.0,44.0,44.0,42.0,40.0,40.0,40.0
1790972756.2,idle,45.0,52.0,1800,8.55,470,0,45.0,42.0,3.0,43.0,43.0,43.0,43.0,43.0,45.0,42.0,42.0,42.0,42.0
1790972757.2,idle,44.0,52.0,1800,3.1,464,0,44.0,40.0,4.0,42.0,41.0,43.0,43.0,44.0,44.0,40.0,40.0,41.0,41.0
1790972758.2,idle,44.0,52.0,1800,3.47,484,0,44.0,40.0,4.0,43.0,40.0,44.0,44.0,44.0,44.0,41.0,41.0,41.0,41.0
1790972759.2,idle,44.0,52.0,1800,3.16,462,0,45.0,41.0,4.0,43.0,41.0,45.0,45.0,45.0,45.0,41.0,42.0,42.0,42.0
1790972760.3,idle,43.0,52.0,1800,3.07,485,0,44.0,40.0,4.0,41.0,43.0,44.0,43.0,43.0,44.0,40.0,40.0,40.0,40.0
1790972761.3,idle,44.0,52.0,1800,3.06,508,0,45.0,40.0,5.0,42.0,40.0,45.0,45.0,44.0,44.0,41.0,41.0,41.0,41.0
1790972762.3,idle,44.0,51.0,1800,3.14,444,0,44.0,41.0,3.0,42.0,41.0,44.0,44.0,44.0,44.0,42.0,42.0,42.0,41.0
1790972763.3,idle,43.0,51.0,1800,3.55,450,0,44.0,41.0,3.0,42.0,41.0,43.0,43.0,44.0,44.0,41.0,41.0,41.0,41.0
1790972764.3,idle,43.0,51.0,1800,3.35,513,0,44.0,41.0,3.0,42.0,41.0,44.0,44.0,44.0,44.0,42.0,42.0,42.0,42.0
1790972765.3,idle,43.0,51.0,1800,3.0,474,0,44.0,40.0,4.0,42.0,43.0,44.0,44.0,43.0,43.0,41.0,40.0,40.0,40.0
1790972766.4,idle,44.0,51.0,1800,3.74,431,0,45.0,41.0,4.0,43.0,41.0,44.0,44.0,45.0,45.0,42.0,42.0,42.0,42.0
1790972767.4,idle,43.0,51.0,1800,3.07,470,0,44.0,41.0,3.0,43.0,41.0,44.0,43.0,43.0,43.0,42.0,42.0,42.0,42.0
1790972768.4,idle,43.0,51.0,1800,3.15,462,0,44.0,40.0,4.0,42.0,40.0,44.0,44.0,44.0,44.0,40.0,40.0,40.0,42.0
1790972769.4,idle,43.0,51.0,1800,3.07,432,0,43.0,40.0,3.0,42.0,40.0,43.0,43.0,42.0,42.0,42.0,42.0,42.0,42.0
1790972770.4,idle,44.0,51.0,1800,3.29,444,0,43.0,41.0,2.0,42.0,41.0,42.0,42.0,42.0,43.0,42.0,42.0,42.0,42.0
1790972771.4,idle,43.0,51.0,1800,3.18,463,0,44.0,41.0,3.0,41.0,41.0,44.0,44.0,44.0,44.0,42.0,42.0,42.0,42.0
1790972772.5,idle,44.0,51.0,1800,3.15,458,0,44.0,40.0,4.0,42.0,40.0,43.0,44.0,44.0,44.0,41.0,41.0,42.0,42.0
1790972773.5,idle,44.0,51.0,1800,3.29,439,0,44.0,41.0,3.0,43.0,41.0,44.0,43.0,43.0,44.0,42.0,42.0,42.0,42.0
1790972774.5,idle,43.0,51.0,1800,3.13,445,0,43.0,40.0,3.0,41.0,41.0,43.0,43.0,43.0,43.0,40.0,40.0,40.0,40.0
1790972775.5,idle,43.0,51.0,1800,3.06,511,0,43.0,40.0,3.0,43.0,40.0,43.0,43.0,43.0,43.0,42.0,41.0,41.0,41.0
1790972776.5,idle,45.0,51.0,1800,8.54,623,0,45.0,41.0,4.0,43.0,41.0,45.0,45.0,44.0,44.0,42.0,42.0,42.0,42.0
1790972777.6,idle,43.0,51.0,1800,3.06,455,0,44.0,41.0,3.0,42.0,41.0,44.0,44.0,44.0,44.0,41.0,41.0,41.0,41.0
1790972778.6,idle,43.0,51.0,1800,3.15,526,0,45.0,40.0,5.0,43.0,41.0,45.0,44.0,44.0,44.0,40.0,40.0,42.0,40.0
1790972779.6,idle,43.0,51.0,1800,3.24,435,0,43.0,41.0,2.0,43.0,41.0,43.0,43.0,43.0,43.0,41.0,41.0,41.0,41.0
1790972780.6,idle,43.0,51.0,1800,2.96,475,0,44.0,41.0,3.0,42.0,41.0,44.0,44.0,44.0,44.0,41.0,41.0,41.0,41.0
1790972781.6,idle,44.0,51.0,1800,3.0,451,0,44.0,40.0,4.0,43.0,41.0,44.0,44.0,44.0,44.0,40.0,41.0,41.0,41.0
1790972782.7,idle,44.0,51.0,1800,3.45,509,0,45.0,40.0,5.0,43.0,41.0,43.0,45.0,45.0,45.0,40.0,40.0,40.0,40.0
1790972783.7,idle,45.0,51.0,1800,3.22,469,0,45.0,41.0,4.0,41.0,41.0,44.0,44.0,45.0,45.0,41.0,41.0,41.0,41.0
1790972784.7,idle,44.0,51.0,1800,3.32,491,0,43.0,40.0,3.0,42.0,40.0,43.0,43.0,43.0,43.0,41.0,42.0,42.0,42.0
1790972785.7,idle,44.0,51.0,1800,3.92,505,0,45.0,42.0,3.0,42.0,43.0,45.0,45.0,44.0,44.0,42.0,42.0,42.0,42.0
1790972786.7,idle,44.0,51.0,1800,3.24,485,0,45.0,41.0,4.0,42.0,41.0,45.0,45.0,44.0,44.0,42.0,42.0,42.0,42.0
1790972787.7,idle,43.0,51.0,1800,3.18,497,0,44.0,40.0,4.0,42.0,40.0,44.0,44.0,43.0,43.0,41.0,41.0,41.0,41.0
1790972788.8,idle,43.0,51.0,1800,3.63,425,0,43.0,41.0,2.0,43.0,41.0,43.0,43.0,43.0,43.0,41.0,41.0,41.0,41.0
1790972789.8,idle,44.0,51.0,1800,3.07,455,0,44.0,41.0,3.0,42.0,41.0,44.0,44.0,44.0,43.0,42.0,42.0,42.0,42.0
1790972790.8,idle,45.0,51.0,1800,3.39,514,0,44.0,40.0,4.0,41.0,40.0,44.0,42.0,42.0,44.0,41.0,41.0,41.0,41.0
1790972791.8,idle,43.0,51.0,1800,3.11,523,0,45.0,41.0,4.0,42.0,41.0,45.0,44.0,43.0,43.0,41.0,42.0,42.0,42.0
1790972792.8,idle,43.0,51.0,1800,2.99,495,0,45.0,41.0,4.0,42.0,41.0,45.0,44.0,44.0,44.0,41.0,41.0,41.0,41.0
1790972793.8,idle,43.0,51.0,1800,3.26,568,0,45.0,41.0,4.0,41.0,41.0,45.0,43.0,43.0,43.0,41.0,41.0,41.0,42.0
1790972794.9,idle,43.0,51.0,1800,3.38,470,0,43.0,41.0,2.0,42.0,41.0,43.0,43.0,43.0,43.0,41.0,41.0,41.0,41.0
1790972795.9,idle,48.0,51.0,1800,8.99,618,0,47.0,43.0,4.0,47.0,44.0,46.0,46.0,46.0,47.0,44.0,44.0,44.0,43.0
1790972796.9,idle,43.0,51.0,1800,3.39,519,0,45.0,40.0,5.0,43.0,40.0,45.0,45.0,44.0,44.0,42.0,42.0,42.0,42.0
1790972797.9,fixed,56.0,52.0,1800,20.79,2467,14512,57.0,53.0,4.0,56.0,53.0,57.0,57.0,57.0,57.0,53.0,53.0,53.0,53.0
1790972799.0,fixed,57.0,53.0,1800,20.0,2467,28968,57.0,54.0,3.0,56.0,56.0,57.0,56.0,56.0,56.0,54.0,54.0,54.0,54.0
1790972800.0,fixed,58.0,54.0,1800,20.01,2467,43424,58.0,54.0,4.0,58.0,55.0,57.0,57.0,57.0,57.0,54.0,54.0,54.0,54.0
1790972801.0,fixed,58.0,55.0,1800,19.99,2433,57880,59.0,55.0,4.0,59.0,55.0,58.0,58.0,57.0,57.0,55.0,55.0,55.0,55.0
1790972802.0,fixed,58.0,56.0,1800,19.99,2433,72320,59.0,55.0,4.0,59.0,55.0,58.0,58.0,58.0,58.0,55.0,55.0,55.0,55.0
1790972803.0,fixed,60.0,57.0,1800,19.99,2433,86752,59.0,56.0,3.0,59.0,56.0,58.0,58.0,58.0,58.0,58.0,58.0,58.0,58.0
1790972804.0,fixed,60.0,58.0,1800,20.01,2433,101208,60.0,55.0,5.0,60.0,56.0,58.0,58.0,58.0,58.0,55.0,55.0,55.0,55.0
1790972805.1,fixed,60.0,59.0,1800,19.96,2433,115688,60.0,56.0,4.0,60.0,56.0,58.0,58.0,58.0,59.0,57.0,57.0,57.0,57.0
1790972806.1,fixed,60.0,59.0,1800,20.05,2433,130016,60.0,57.0,3.0,60.0,57.0,58.0,58.0,58.0,58.0,58.0,58.0,58.0,58.0
1790972807.1,fixed,61.0,59.0,1800,20.0,2433,144432,60.0,57.0,3.0,60.0,58.0,58.0,58.0,58.0,58.0,58.0,58.0,58.0,57.0
1790972808.1,fixed,60.0,60.0,1800,20.0,2433,158816,60.0,58.0,2.0,60.0,58.0,60.0,60.0,60.0,60.0,58.0,58.0,59.0,59.0
1790972809.1,fixed,62.0,60.0,1800,19.99,2433,173032,62.0,57.0,5.0,62.0,60.0,61.0,61.0,61.0,61.0,58.0,58.0,58.0,57.0
1790972810.1,fixed,62.0,61.0,2100,20.0,2433,187464,62.0,58.0,4.0,62.0,58.0,61.0,61.0,61.0,61.0,59.0,58.0,58.0,58.0
1790972811.2,fixed,62.0,61.0,2500,20.0,2433,201840,62.0,58.0,4.0,62.0,59.0,61.0,61.0,61.0,61.0,58.0,58.0,58.0,58.0
1790972812.2,fixed,62.0,62.0,2500,20.0,2433,216312,62.0,58.0,4.0,62.0,60.0,61.0,61.0,61.0,61.0,59.0,59.0,58.0,58.0
1790972813.2,fixed,62.0,62.0,2500,20.0,2433,230696,62.0,59.0,3.0,62.0,61.0,62.0,62.0,62.0,62.0,61.0,61.0,59.0,59.0
1790972814.2,fixed,63.0,62.0,2500,20.0,2433,245080,63.0,60.0,3.0,63.0,60.0,62.0,62.0,62.0,62.0,61.0,61.0,61.0,61.0
1790972815.2,fixed,63.0,62.0,2500,19.99,2433,259440,63.0,60.0,3.0,63.0,60.0,61.0,61.0,61.0,62.0,61.0,61.0,61.0,61.0
1790972816.2,fixed,63.0,63.0,2500,19.99,2225,272592,62.0,59.0,3.0,62.0,60.0,62.0,61.0,61.0,61.0,59.0,61.0,61.0,61.0
1790972817.3,fixed,65.0,63.0,2500,20.0,2433,286944,64.0,61.0,3.0,64.0,61.0,62.0,62.0,62.0,62.0,61.0,62.0,62.0,62.0
1790972818.3,fixed,64.0,63.0,2500,20.0,2433,301328,65.0,60.0,5.0,64.0,60.0,64.0,64.0,64.0,65.0,61.0,61.0,61.0,61.0
1790972819.3,fixed,64.0,63.0,2500,20.0,2433,315728,64.0,61.0,3.0,64.0,61.0,63.0,63.0,63.0,63.0,61.0,61.0,61.0,61.0
1790972820.3,fixed,64.0,64.0,2500,19.98,2433,330128,64.0,61.0,3.0,64.0,61.0,64.0,64.0,64.0,64.0,62.0,62.0,62.0,62.0
1790972821.3,fixed,63.0,64.0,2500,20.0,2433,344512,64.0,61.0,3.0,64.0,62.0,64.0,64.0,64.0,64.0,62.0,62.0,61.0,61.0
1790972822.3,fixed,65.0,64.0,2500,19.99,2433,358896,64.0,61.0,3.0,64.0,61.0,64.0,64.0,64.0,64.0,62.0,61.0,61.0,61.0
1790972823.4,fixed,64.0,64.0,2500,19.99,2433,373280,64.0,62.0,2.0,64.0,63.0,64.0,64.0,64.0,64.0,62.0,62.0,62.0,62.0
1790972824.4,fixed,65.0,65.0,2500,20.0,2433,387600,64.0,62.0,2.0,64.0,62.0,64.0,64.0,64.0,64.0,62.0,64.0,64.0,64.0
1790972825.4,fixed,65.0,65.0,2500,19.99,2433,402352,65.0,62.0,3.0,65.0,64.0,65.0,65.0,65.0,65.0,62.0,62.0,62.0,62.0
1790972826.4,fixed,65.0,65.0,2500,20.03,2333,416440,65.0,62.0,3.0,64.0,63.0,65.0,65.0,65.0,65.0,62.0,62.0,62.0,62.0
1790972827.5,fixed,65.0,65.0,2500,19.97,2433,430784,65.0,63.0,2.0,65.0,64.0,65.0,65.0,65.0,65.0,63.0,64.0,64.0,64.0
1790972828.5,fixed,65.0,65.0,2500,19.99,2433,445056,65.0,62.0,3.0,65.0,62.0,65.0,65.0,65.0,65.0,63.0,64.0,64.0,64.0
1790972829.5,fixed,66.0,66.0,2500,19.99,2433,459440,66.0,64.0,2.0,65.0,64.0,65.0,66.0,66.0,66.0,64.0,64.0,64.0,64.0
1790972830.5,fixed,67.0,66.0,2500,20.0,2433,473832,67.0,64.0,3.0,67.0,64.0,66.0,66.0,66.0,66.0,64.0,64.0,64.0,64.0
1790972831.5,fixed,66.0,66.0,2500,20.0,2433,488176,66.0,64.0,2.0,64.0,64.0,66.0,66.0,66.0,66.0,64.0,64.0,64.0,64.0
1790972832.5,fixed,66.0,66.0,2500,20.0,2433,502560,67.0,64.0,3.0,65.0,64.0,66.0,67.0,67.0,67.0,64.0,64.0,64.0,64.0
1790972833.6,fixed,66.0,66.0,2600,19.95,2433,516888,66.0,64.0,2.0,65.0,64.0,66.0,66.0,66.0,66.0,64.0,64.0,64.0,64.0
1790972834.6,fixed,67.0,67.0,2800,20.09,2314,531176,66.0,64.0,2.0,65.0,65.0,66.0,66.0,66.0,66.0,64.0,64.0,64.0,64.0
1790972835.6,fixed,66.0,67.0,2800,19.98,2333,545360,66.0,64.0,2.0,65.0,65.0,66.0,66.0,66.0,66.0,64.0,64.0,64.0,64.0
1790972836.6,fixed,67.0,67.0,2800,19.96,2412,559720,67.0,65.0,2.0,65.0,65.0,67.0,67.0,66.0,66.0,65.0,65.0,65.0,65.0
1790972837.6,fixed,68.0,67.0,2800,20.0,2433,572768,68.0,65.0,3.0,68.0,65.0,68.0,68.0,67.0,67.0,65.0,65.0,65.0,65.0
1790972838.6,fixed,68.0,67.0,2800,20.01,2433,587080,67.0,65.0,2.0,67.0,65.0,67.0,67.0,67.0,66.0,65.0,65.0,65.0,65.0
1790972839.7,fixed,67.0,68.0,2800,19.98,2433,601384,68.0,65.0,3.0,68.0,65.0,67.0,67.0,66.0,66.0,66.0,66.0,66.0,66.0
1790972840.7,fixed,68.0,68.0,2800,20.02,2400,615744,68.0,65.0,3.0,68.0,65.0,67.0,67.0,67.0,67.0,66.0,66.0,66.0,66.0
1790972841.7,fixed,68.0,68.0,2800,19.99,2433,630088,68.0,65.0,3.0,68.0,65.0,68.0,68.0,68.0,68.0,66.0,66.0,66.0,66.0
1790972842.7,fixed,69.0,68.0,2800,20.0,2433,644408,68.0,65.0,3.0,68.0,65.0,67.0,67.0,67.0,67.0,66.0,66.0,66.0,66.0
1790972843.7,fixed,68.0,69.0,2800,20.0,2433,658760,68.0,66.0,2.0,68.0,67.0,67.0,67.0,67.0,67.0,66.0,66.0,66.0,66.0
1790972844.8,fixed,69.0,69.0,2800,19.99,2400,673072,69.0,65.0,4.0,69.0,65.0,67.0,68.0,68.0,68.0,66.0,66.0,66.0,66.0
1790972845.8,fixed,69.0,69.0,2800,20.0,2433,687200,69.0,66.0,3.0,69.0,68.0,67.0,69.0,69.0,69.0,66.0,66.0,66.0,66.0
1790972846.8,fixed,69.0,69.0,2800,20.0,2433,701568,68.0,66.0,2.0,68.0,67.0,68.0,68.0,68.0,68.0,66.0,66.0,66.0,66.0
1790972847.8,fixed,69.0,69.0,2800,19.99,2433,715888,68.0,66.0,2.0,68.0,66.0,68.0,68.0,68.0,68.0,66.0,66.0,66.0,66.0
1790972848.8,fixed,69.0,69.0,2800,20.0,2433,730472,69.0,66.0,3.0,69.0,67.0,69.0,69.0,69.0,69.0,66.0,66.0,66.0,66.0
1790972849.8,fixed,69.0,70.0,2800,19.93,2400,744792,69.0,67.0,2.0,69.0,67.0,68.0,67.0,67.0,67.0,68.0,68.0,68.0,68.0
1790972850.9,fixed,69.0,70.0,3100,20.05,2432,759168,69.0,66.0,3.0,68.0,68.0,68.0,68.0,69.0,69.0,66.0,66.0,66.0,66.0
1790972851.9,fixed,71.0,70.0,3100,20.01,2433,773520,70.0,67.0,3.0,69.0,67.0,70.0,69.0,69.0,68.0,69.0,69.0,69.0,69.0
1790972852.9,fixed,70.0,70.0,3100,20.0,2433,787856,70.0,68.0,2.0,69.0,68.0,70.0,70.0,70.0,70.0,68.0,68.0,68.0,68.0
1790972853.9,fixed,71.0,70.0,3100,20.0,2400,802120,70.0,68.0,2.0,69.0,68.0,70.0,70.0,70.0,70.0,68.0,68.0,68.0,68.0
1790972854.9,fixed,71.0,70.0,3100,19.99,2400,816480,71.0,68.0,3.0,71.0,68.0,69.0,69.0,69.0,69.0,69.0,69.0,69.0,69.0
1790972856.0,fixed,69.0,70.0,3100,19.99,2413,830600,70.0,67.0,3.0,69.0,67.0,69.0,70.0,70.0,70.0,68.0,68.0,68.0,68.0
1790972857.0,fixed,71.0,70.0,3100,19.99,2421,844960,71.0,68.0,3.0,71.0,68.0,70.0,70.0,70.0,70.0,68.0,68.0,68.0,68.0
1790972858.0,fixed,69.0,70.0,3100,20.06,2233,858536,69.0,68.0,1.0,69.0,69.0,69.0,69.0,69.0,69.0,68.0,68.0,68.0,68.0
1790972859.0,fixed,72.0,70.0,3100,19.92,2433,872768,72.0,68.0,4.0,72.0,68.0,70.0,70.0,70.0,70.0,69.0,69.0,69.0,69.0
1790972860.1,fixed,71.0,71.0,3100,20.01,2414,886968,71.0,68.0,3.0,71.0,68.0,69.0,69.0,69.0,69.0,69.0,69.0,68.0,69.0
1790972861.1,fixed,71.0,71.0,3100,20.0,2424,901296,71.0,68.0,3.0,71.0,68.0,70.0,70.0,69.0,69.0,69.0,69.0,69.0,69.0
1790972862.1,fixed,71.0,71.0,3100,20.0,2407,915632,72.0,69.0,3.0,72.0,69.0,70.0,70.0,70.0,70.0,69.0,69.0,69.0,69.0
1790972863.1,fixed,72.0,71.0,3100,20.0,2400,929952,71.0,68.0,3.0,71.0,68.0,70.0,70.0,70.0,70.0,69.0,69.0,69.0,69.0
1790972864.2,fixed,72.0,72.0,3100,20.0,2400,944752,72.0,68.0,4.0,72.0,68.0,70.0,70.0,70.0,70.0,69.0,69.0,69.0,69.0
1790972865.2,fixed,71.0,72.0,3100,19.98,2400,958920,71.0,68.0,3.0,71.0,68.0,70.0,70.0,70.0,70.0,69.0,69.0,69.0,69.0
1790972866.2,fixed,71.0,72.0,3100,19.98,2433,972920,71.0,69.0,2.0,71.0,69.0,70.0,70.0,70.0,69.0,69.0,69.0,69.0,69.0
1790972867.2,fixed,72.0,72.0,3100,20.03,2400,987080,72.0,69.0,3.0,72.0,69.0,71.0,71.0,70.0,70.0,71.0,71.0,71.0,71.0
1790972868.2,fixed,72.0,72.0,3100,19.99,2400,1001344,71.0,68.0,3.0,71.0,68.0,70.0,70.0,70.0,71.0,69.0,69.0,69.0,69.0
1790972869.3,fixed,72.0,72.0,3100,20.0,2400,1016096,72.0,68.0,4.0,72.0,68.0,70.0,70.0,70.0,70.0,69.0,69.0,69.0,69.0
1790972870.3,fixed,72.0,72.0,3200,20.02,2400,1030400,72.0,69.0,3.0,72.0,69.0,71.0,71.0,72.0,72.0,71.0,71.0,71.0,71.0
1790972871.3,fixed,72.0,72.0,3300,19.97,2333,1044672,72.0,69.0,3.0,72.0,69.0,70.0,70.0,70.0,70.0,69.0,69.0,69.0,69.0
1790972872.3,fixed,73.0,72.0,3300,19.98,2400,1058968,73.0,69.0,4.0,73.0,69.0,71.0,71.0,71.0,71.0,69.0,69.0,69.0,69.0
1790972873.3,fixed,73.0,73.0,3300,20.02,2400,1073264,73.0,69.0,4.0,73.0,69.0,72.0,72.0,72.0,72.0,69.0,69.0,69.0,69.0
1790972874.4,fixed,72.0,73.0,3300,19.97,2433,1087928,73.0,71.0,2.0,73.0,71.0,72.0,72.0,72.0,72.0,71.0,71.0,71.0,71.0
1790972875.4,fixed,72.0,73.0,3300,20.0,2433,1101896,72.0,71.0,1.0,72.0,71.0,72.0,72.0,72.0,72.0,71.0,71.0,71.0,71.0
1790972876.4,fixed,72.0,73.0,3300,19.97,2433,1115760,72.0,71.0,1.0,71.0,71.0,72.0,72.0,72.0,72.0,71.0,71.0,71.0,71.0
1790972877.4,fixed,72.0,73.0,3300,20.04,2400,1129904,72.0,71.0,1.0,72.0,71.0,72.0,72.0,72.0,72.0,71.0,71.0,71.0,71.0
1790972878.4,fixed,73.0,73.0,3300,20.0,2400,1144104,73.0,69.0,4.0,72.0,69.0,73.0,73.0,73.0,73.0,71.0,71.0,71.0,71.0
1790972879.5,fixed,73.0,73.0,3300,19.98,2433,1157208,73.0,69.0,4.0,73.0,69.0,73.0,73.0,73.0,73.0,71.0,71.0,71.0,71.0
1790972880.5,fixed,73.0,73.0,3300,20.04,2400,1171392,73.0,71.0,2.0,73.0,71.0,72.0,72.0,72.0,72.0,71.0,71.0,71.0,71.0
1790972881.5,fixed,73.0,73.0,3300,19.98,2333,1185592,72.0,69.0,3.0,72.0,71.0,71.0,71.0,71.0,71.0,70.0,69.0,69.0,69.0
1790972882.5,fixed,73.0,74.0,3300,19.99,2367,1199840,72.0,71.0,1.0,72.0,71.0,72.0,72.0,72.0,72.0,71.0,71.0,72.0,72.0
1790972883.5,fixed,73.0,74.0,3300,19.98,2367,1214032,74.0,71.0,3.0,73.0,71.0,72.0,72.0,72.0,74.0,71.0,71.0,71.0,71.0
1790972884.5,fixed,73.0,74.0,3300,20.01,2367,1228176,74.0,71.0,3.0,72.0,71.0,73.0,73.0,73.0,74.0,71.0,71.0,71.0,71.0
1790972885.6,fixed,73.0,74.0,3300,20.02,2333,1242328,73.0,71.0,2.0,72.0,71.0,73.0,73.0,73.0,73.0,72.0,72.0,72.0,72.0
1790972886.6,fixed,73.0,74.0,3300,19.97,2367,1256296,73.0,71.0,2.0,73.0,71.0,73.0,73.0,73.0,73.0,71.0,71.0,71.0,71.0
1790972887.6,fixed,74.0,74.0,3300,20.02,2367,1270368,73.0,69.0,4.0,73.0,71.0,73.0,73.0,73.0,73.0,71.0,69.0,69.0,69.0
1790972888.6,fixed,73.0,74.0,3300,19.93,2333,1284440,73.0,69.0,4.0,73.0,72.0,73.0,73.0,73.0,73.0,71.0,71.0,69.0,71.0
1790972889.6,fixed,74.0,74.0,3300,20.02,2400,1298520,73.0,71.0,2.0,73.0,71.0,73.0,73.0,73.0,73.0,72.0,72.0,72.0,72.0
1790972890.7,fixed,74.0,74.0,3300,20.03,2367,1313056,74.0,71.0,3.0,73.0,72.0,74.0,73.0,73.0,73.0,71.0,71.0,71.0,71.0
1790972891.7,fixed,74.0,74.0,3300,19.98,2400,1327160,74.0,71.0,3.0,73.0,72.0,74.0,74.0,74.0,74.0,71.0,71.0,71.0,72.0
1790972892.7,fixed,75.0,74.0,3300,19.99,2367,1341240,74.0,71.0,3.0,73.0,72.0,74.0,74.0,74.0,74.0,71.0,71.0,71.0,72.0
1790972893.7,fixed,74.0,74.0,3300,20.02,2333,1355336,74.0,71.0,3.0,73.0,71.0,74.0,74.0,74.0,74.0,72.0,72.0,72.0,72.0
1790972894.7,fixed,75.0,74.0,3300,19.99,2367,1369424,74.0,72.0,2.0,73.0,72.0,74.0,74.0,74.0,74.0,72.0,72.0,73.0,73.0
1790972895.8,fixed,73.0,74.0,3300,19.97,2433,1383416,73.0,72.0,1.0,73.0,72.0,73.0,73.0,73.0,73.0,73.0,73.0,73.0,73.0
1790972896.8,fixed,73.0,74.0,3300,19.98,2433,1397328,74.0,72.0,2.0,73.0,72.0,74.0,74.0,74.0,74.0,73.0,73.0,73.0,73.0
1790972897.8,fixed,74.0,75.0,3300,20.01,2425,1411288,74.0,72.0,2.0,73.0,73.0,74.0,74.0,74.0,74.0,72.0,72.0,72.0,72.0
1790972898.8,fixed,75.0,75.0,3500,20.0,2400,1425224,75.0,72.0,3.0,75.0,72.0,74.0,74.0,74.0,74.0,72.0,72.0,72.0,72.0
1790972899.8,fixed,75.0,75.0,3500,20.07,2233,1439024,74.0,72.0,2.0,73.0,72.0,74.0,74.0,74.0,74.0,72.0,72.0,72.0,72.0
1790972900.8,fixed,74.0,75.0,3500,19.88,2400,1452384,74.0,72.0,2.0,73.0,72.0,74.0,74.0,74.0,74.0,73.0,73.0,73.0,72.0
1790972901.9,fixed,74.0,75.0,3500,20.07,2367,1466912,75.0,72.0,3.0,75.0,73.0,74.0,74.0,74.0,74.0,72.0,72.0,72.0,72.0
1790972902.9,fixed,75.0,75.0,3500,19.98,2367,1480992,74.0,71.0,3.0,73.0,72.0,74.0,74.0,74.0,74.0,71.0,71.0,71.0,71.0
1790972903.9,fixed,74.0,75.0,3500,19.99,2367,1495136,75.0,72.0,3.0,75.0,73.0,74.0,75.0,75.0,75.0,72.0,72.0,72.0,72.0
1790972904.9,fixed,75.0,75.0,3500,20.02,2400,1509344,74.0,72.0,2.0,73.0,72.0,74.0,74.0,74.0,74.0,73.0,73.0,73.0,73.0
1790972906.0,fixed,75.0,75.0,3500,20.0,2367,1523264,75.0,72.0,3.0,75.0,72.0,74.0,74.0,74.0,74.0,73.0,73.0,73.0,73.0
1790972907.0,fixed,75.0,75.0,3500,20.0,2400,1537384,75.0,73.0,2.0,75.0,73.0,74.0,75.0,75.0,75.0,73.0,73.0,73.0,73.0
1790972908.0,fixed,75.0,75.0,3500,19.99,2400,1551624,75.0,72.0,3.0,75.0,73.0,74.0,74.0,74.0,74.0,72.0,72.0,73.0,73.0
1790972909.0,fixed,75.0,75.0,3500,19.99,2369,1565808,75.0,72.0,3.0,75.0,72.0,74.0,75.0,75.0,75.0,73.0,73.0,73.0,73.0
1790972910.0,fixed,75.0,75.0,3500,19.98,2400,1579928,75.0,73.0,2.0,75.0,73.0,75.0,75.0,75.0,75.0,73.0,73.0,73.0,73.0
1790972911.0,fixed,74.0,75.0,3500,20.03,2400,1594152,75.0,73.0,2.0,75.0,73.0,75.0,75.0,75.0,75.0,73.0,73.0,73.0,73.0
1790972912.1,fixed,75.0,76.0,3500,19.99,2400,1608352,75.0,72.0,3.0,73.0,72.0,75.0,75.0,75.0,75.0,73.0,73.0,73.0,73.0
1790972913.1,fixed,75.0,76.0,3500,20.0,2400,1622472,75.0,73.0,2.0,75.0,73.0,74.0,74.0,74.0,74.0,75.0,75.0,75.0,73.0
1790972914.1,fixed,75.0,76.0,3500,20.0,2400,1636680,76.0,73.0,3.0,75.0,73.0,76.0,75.0,75.0,75.0,73.0,73.0,73.0,73.0
1790972915.1,fixed,75.0,76.0,3500,20.0,2400,1650824,75.0,73.0,2.0,75.0,73.0,75.0,74.0,74.0,74.0,73.0,73.0,73.0,73.0
1790972916.1,fixed,75.0,76.0,3500,19.96,2400,1664816,77.0,73.0,4.0,75.0,73.0,74.0,77.0,76.0,76.0,73.0,73.0,73.0,73.0
1790972917.1,fixed,76.0,76.0,3500,20.02,2400,1679040,76.0,73.0,3.0,75.0,73.0,76.0,76.0,76.0,76.0,73.0,73.0,73.0,73.0
1790972918.2,fixed,76.0,76.0,3500,19.99,2400,1693280,75.0,73.0,2.0,75.0,74.0,75.0,75.0,75.0,75.0,73.0,73.0,73.0,73.0
1790972919.2,fixed,76.0,76.0,3500,20.0,2400,1707408,75.0,73.0,2.0,75.0,73.0,75.0,75.0,75.0,74.0,73.0,73.0,73.0,73.0
1790972920.2,fixed,76.0,76.0,3500,19.98,2400,1721576,75.0,74.0,1.0,75.0,74.0,74.0,75.0,75.0,75.0,75.0,75.0,75.0,75.0
1790972921.2,fixed,76.0,76.0,3500,20.03,2300,1734688,75.0,73.0,2.0,75.0,73.0,74.0,75.0,75.0,75.0,75.0,75.0,75.0,75.0
1790972922.2,fixed,76.0,76.0,3500,19.92,2414,1748720,77.0,74.0,3.0,75.0,74.0,75.0,75.0,77.0,77.0,75.0,75.0,75.0,75.0
1790972923.3,fixed,76.0,76.0,3500,20.04,2400,1763264,75.0,74.0,1.0,75.0,74.0,75.0,74.0,74.0,75.0,75.0,75.0,75.0,75.0
1790972924.3,fixed,76.0,76.0,3500,19.99,2400,1777416,77.0,73.0,4.0,75.0,74.0,74.0,76.0,77.0,75.0,73.0,73.0,73.0,73.0
1790972925.3,fixed,77.0,76.0,3500,19.99,2367,1791552,76.0,74.0,2.0,76.0,74.0,76.0,75.0,75.0,75.0,75.0,75.0,75.0,75.0
1790972926.3,fixed,75.0,76.0,3500,20.01,2400,1805560,77.0,73.0,4.0,75.0,74.0,77.0,77.0,75.0,75.0,75.0,75.0,73.0,75.0
1790972927.4,fixed,76.0,76.0,3500,19.99,2400,1819760,77.0,73.0,4.0,75.0,73.0,77.0,75.0,75.0,75.0,75.0,75.0,75.0,75.0
1790972928.4,fixed,76.0,76.0,3500,19.99,2367,1833896,77.0,74.0,3.0,75.0,74.0,77.0,77.0,77.0,77.0,75.0,75.0,75.0,75.0
1790972929.4,fixed,76.0,76.0,3500,20.0,2367,1848024,76.0,73.0,3.0,75.0,73.0,76.0,76.0,76.0,76.0,75.0,75.0,75.0,75.0
1790972930.4,fixed,76.0,76.0,3500,19.99,2400,1862152,75.0,73.0,2.0,75.0,73.0,74.0,74.0,74.0,75.0,75.0,75.0,75.0,75.0
1790972931.4,fixed,77.0,77.0,3500,19.99,2367,1875344,75.0,73.0,2.0,75.0,73.0,75.0,75.0,75.0,75.0,75.0,75.0,75.0,75.0
1790972932.4,fixed,77.0,77.0,3500,20.03,2300,1887976,77.0,75.0,2.0,75.0,77.0,77.0,77.0,75.0,75.0,75.0,75.0,75.0,75.0
1790972933.5,fixed,76.0,77.0,3500,20.0,2300,1901128,77.0,75.0,2.0,75.0,77.0,76.0,76.0,76.0,76.0,75.0,75.0,75.0,75.0
1790972934.5,fixed,75.0,77.0,3500,19.97,2367,1915200,75.0,73.0,2.0,75.0,73.0,74.0,74.0,74.0,74.0,73.0,73.0,73.0,73.0
1790972935.5,fixed,77.0,77.0,3500,19.99,2399,1929248,75.0,74.0,1.0,75.0,74.0,75.0,75.0,75.0,75.0,75.0,75.0,75.0,75.0
1790972936.5,fixed,76.0,77.0,3500,20.0,2333,1943144,76.0,74.0,2.0,75.0,74.0,76.0,76.0,76.0,76.0,75.0,75.0,75.0,75.0
1790972937.5,fixed,76.0,77.0,3500,19.98,2400,1957256,77.0,74.0,3.0,75.0,74.0,77.0,77.0,77.0,77.0,75.0,75.0,76.0,75.0
1790972938.5,fixed,77.0,77.0,3500,19.99,2367,1971352,77.0,74.0,3.0,76.0,74.0,76.0,77.0,77.0,77.0,75.0,75.0,75.0,75.0
1790972939.6,fixed,77.0,77.0,3500,20.0,2400,1984328,77.0,75.0,2.0,77.0,76.0,77.0,77.0,77.0,76.0,75.0,75.0,75.0,75.0
1790972940.6,fixed,77.0,77.0,3500,19.99,2400,1998376,77.0,75.0,2.0,76.0,76.0,77.0,77.0,77.0,77.0,75.0,76.0,76.0,76.0
1790972941.6,fixed,77.0,77.0,3500,20.0,2400,2012432,77.0,74.0,3.0,76.0,74.0,77.0,77.0,77.0,77.0,75.0,75.0,75.0,75.0
1790972942.6,fixed,77.0,77.0,3500,19.98,2400,2025312,77.0,75.0,2.0,75.0,76.0,77.0,77.0,77.0,76.0,75.0,75.0,75.0,75.0
1790972943.6,fixed,77.0,77.0,3500,19.95,2367,2039464,77.0,73.0,4.0,76.0,73.0,77.0,77.0,77.0,77.0,75.0,75.0,75.0,75.0
1790972944.6,fixed,77.0,77.0,3500,20.05,2367,2053600,78.0,75.0,3.0,76.0,76.0,78.0,77.0,77.0,77.0,75.0,75.0,75.0,75.0
1790972945.7,fixed,78.0,77.0,3500,20.0,2400,2067536,77.0,75.0,2.0,76.0,76.0,77.0,77.0,77.0,77.0,75.0,75.0,75.0,75.0
1790972946.7,fixed,77.0,77.0,3500,20.01,2300,2081520,75.0,74.0,1.0,75.0,74.0,75.0,75.0,75.0,75.0,75.0,75.0,75.0,75.0
1790972947.7,fixed,77.0,77.0,3500,19.98,2367,2095584,77.0,75.0,2.0,76.0,76.0,77.0,76.0,76.0,76.0,76.0,75.0,75.0,75.0
1790972948.7,fixed,77.0,77.0,3500,20.0,2367,2109720,77.0,75.0,2.0,75.0,76.0,77.0,77.0,77.0,77.0,75.0,75.0,75.0,75.0
1790972949.7,fixed,77.0,77.0,3500,20.0,2400,2123800,77.0,75.0,2.0,76.0,76.0,77.0,77.0,77.0,77.0,75.0,75.0,75.0,75.0
1790972950.7,fixed,79.0,77.0,3500,19.99,2367,2137864,77.0,75.0,2.0,76.0,76.0,77.0,77.0,77.0,77.0,75.0,75.0,75.0,75.0
1790972951.8,fixed,77.0,77.0,3700,20.0,2367,2151928,78.0,74.0,4.0,76.0,74.0,78.0,78.0,77.0,77.0,75.0,76.0,76.0,76.0
1790972952.8,fixed,77.0,77.0,3900,19.99,2367,2166008,77.0,75.0,2.0,77.0,76.0,76.0,76.0,76.0,76.0,75.0,75.0,75.0,76.0
1790972953.8,fixed,77.0,78.0,3900,19.96,2433,2180024,77.0,76.0,1.0,76.0,76.0,77.0,77.0,77.0,77.0,76.0,76.0,76.0,76.0
1790972954.8,fixed,77.0,78.0,3900,20.04,2400,2194096,77.0,76.0,1.0,77.0,76.0,77.0,77.0,77.0,77.0,76.0,76.0,76.0,76.0
1790972955.8,fixed,77.0,78.0,3900,19.98,2367,2208016,77.0,75.0,2.0,76.0,77.0,77.0,77.0,77.0,77.0,75.0,75.0,75.0,75.0
1790972956.9,fixed,77.0,78.0,3900,19.99,2367,2222056,77.0,76.0,1.0,76.0,76.0,77.0,77.0,77.0,77.0,76.0,76.0,76.0,76.0
1790972957.9,fixed,77.0,78.0,3900,20.0,2367,2236552,77.0,74.0,3.0,76.0,74.0,77.0,77.0,77.0,77.0,75.0,75.0,75.0,75.0
1790972958.9,fixed,77.0,78.0,3900,20.01,2300,2250552,77.0,75.0,2.0,76.0,76.0,77.0,77.0,77.0,77.0,75.0,75.0,75.0,75.0
1790972959.9,fixed,77.0,78.0,3900,19.98,2367,2264536,77.0,75.0,2.0,76.0,76.0,77.0,77.0,77.0,77.0,75.0,75.0,75.0,75.0
1790972960.9,fixed,77.0,78.0,3900,19.99,2400,2278592,78.0,74.0,4.0,76.0,74.0,77.0,77.0,77.0,78.0,76.0,76.0,76.0,76.0
1790972962.0,fixed,77.0,78.0,3900,19.98,2400,2292536,77.0,76.0,1.0,77.0,77.0,77.0,77.0,77.0,77.0,76.0,76.0,76.0,76.0
1790972963.0,fixed,77.0,78.0,3900,20.03,2367,2306720,77.0,75.0,2.0,77.0,76.0,77.0,77.0,77.0,77.0,75.0,75.0,75.0,75.0
1790972964.0,fixed,77.0,78.0,3900,19.95,2433,2319800,77.0,75.0,2.0,75.0,77.0,76.0,76.0,76.0,76.0,76.0,76.0,76.0,76.0
1790972965.0,fixed,77.0,78.0,3900,20.04,2400,2333880,77.0,76.0,1.0,77.0,77.0,77.0,77.0,77.0,77.0,76.0,76.0,76.0,76.0
1790972966.1,fixed,78.0,78.0,3900,19.98,2400,2347848,77.0,76.0,1.0,76.0,76.0,77.0,77.0,77.0,77.0,76.0,76.0,76.0,76.0
1790972967.1,fixed,77.0,78.0,3900,20.0,2400,2361872,78.0,76.0,2.0,77.0,76.0,77.0,77.0,77.0,78.0,76.0,76.0,76.0,76.0
1790972968.1,fixed,77.0,78.0,3900,19.97,2400,2375928,77.0,75.0,2.0,77.0,76.0,77.0,77.0,77.0,77.0,75.0,75.0,77.0,77.0
1790972969.1,fixed,78.0,78.0,3900,20.02,2367,2389976,76.0,76.0,0.0,76.0,76.0,76.0,76.0,76.0,76.0,76.0,76.0,76.0,76.0
1790972970.1,fixed,78.0,78.0,3900,20.01,2400,2404016,77.0,76.0,1.0,77.0,76.0,77.0,77.0,77.0,77.0,76.0,76.0,76.0,76.0
1790972971.1,fixed,77.0,78.0,3900,19.99,2400,2418184,77.0,76.0,1.0,77.0,76.0,77.0,77.0,77.0,77.0,76.0,76.0,76.0,76.0
1790972972.2,fixed,77.0,78.0,3900,20.01,2400,2432344,77.0,76.0,1.0,77.0,77.0,77.0,77.0,77.0,77.0,76.0,76.0,76.0,76.0
1790972973.2,fixed,78.0,78.0,3900,20.0,2400,2446496,77.0,76.0,1.0,77.0,77.0,77.0,77.0,77.0,77.0,76.0,76.0,76.0,76.0
1790972974.2,fixed,77.0,78.0,3900,19.99,2400,2460600,78.0,76.0,2.0,77.0,76.0,78.0,77.0,77.0,78.0,77.0,77.0,77.0,77.0
1790972975.2,fixed,77.0,78.0,3900,19.99,2367,2474664,78.0,76.0,2.0,77.0,76.0,77.0,78.0,78.0,78.0,76.0,76.0,76.0,76.0
1790972976.2,fixed,80.0,78.0,3900,20.0,2367,2488624,78.0,75.0,3.0,77.0,76.0,78.0,78.0,78.0,78.0,75.0,76.0,76.0,76.0
1790972977.2,fixed,80.0,79.0,3900,19.99,2400,2502624,78.0,76.0,2.0,77.0,77.0,77.0,78.0,78.0,78.0,76.0,76.0,76.0,76.0
1790972978.3,fixed,78.0,79.0,3900,20.0,2400,2516720,78.0,76.0,2.0,77.0,76.0,78.0,77.0,77.0,77.0,76.0,76.0,76.0,76.0
1790972979.3,fixed,80.0,79.0,3900,20.0,2400,2530832,77.0,76.0,1.0,77.0,77.0,77.0,77.0,77.0,77.0,76.0,76.0,76.0,76.0
1790972980.3,fixed,79.0,79.0,3900,19.98,2400,2545000,78.0,77.0,1.0,77.0,77.0,77.0,78.0,78.0,78.0,77.0,77.0,77.0,77.0
1790972981.3,fixed,77.0,79.0,3900,20.01,2400,2559128,79.0,76.0,3.0,79.0,77.0,78.0,78.0,78.0,78.0,76.0,76.0,76.0,76.0
1790972982.3,fixed,78.0,79.0,3900,19.99,2400,2573256,77.0,76.0,1.0,77.0,76.0,77.0,77.0,77.0,77.0,76.0,76.0,76.0,76.0
1790972983.3,fixed,78.0,79.0,3900,20.0,2400,2587384,78.0,76.0,2.0,77.0,76.0,78.0,77.0,77.0,77.0,76.0,76.0,76.0,76.0
1790972984.4,fixed,77.0,79.0,3900,19.96,2400,2600320,77.0,76.0,1.0,77.0,77.0,77.0,76.0,76.0,76.0,77.0,77.0,77.0,77.0
1790972985.4,fixed,79.0,79.0,3900,20.04,2400,2614416,78.0,76.0,2.0,77.0,77.0,78.0,78.0,78.0,78.0,76.0,76.0,76.0,77.0
1790972986.4,fixed,78.0,79.0,3900,19.94,2400,2628328,77.0,77.0,0.0,77.0,77.0,77.0,77.0,77.0,77.0,77.0,77.0,77.0,77.0
1790972987.4,fixed,79.0,79.0,3900,20.0,2400,2642192,78.0,76.0,2.0,77.0,77.0,78.0,78.0,78.0,78.0,76.0,76.0,76.0,76.0
1790972988.4,fixed,77.0,79.0,3900,20.0,2400,2656216,79.0,76.0,3.0,79.0,77.0,78.0,78.0,78.0,78.0,76.0,77.0,77.0,77.0
1790972989.4,fixed,77.0,79.0,3900,20.0,2400,2670136,78.0,76.0,2.0,77.0,77.0,78.0,78.0,78.0,77.0,76.0,76.0,76.0,76.0
1790972990.4,fixed,77.0,79.0,3900,20.02,2400,2684232,79.0,76.0,3.0,79.0,77.0,78.0,78.0,78.0,78.0,76.0,76.0,76.0,76.0
1790972991.4,fixed,79.0,79.0,3900,20.0,2400,2698336,78.0,77.0,1.0,77.0,77.0,78.0,78.0,78.0,78.0,77.0,77.0,77.0,77.0
1790972992.5,fixed,79.0,79.0,3900,19.99,2400,2712496,80.0,76.0,4.0,79.0,76.0,78.0,80.0,80.0,80.0,77.0,77.0,77.0,77.0
1790972993.5,fixed,79.0,79.0,3900,19.99,2381,2726576,78.0,76.0,2.0,77.0,77.0,78.0,77.0,77.0,77.0,76.0,76.0,76.0,77.0
1790972994.5,fixed,77.0,79.0,3900,19.97,2433,2740592,79.0,77.0,2.0,79.0,77.0,78.0,78.0,78.0,78.0,77.0,77.0,77.0,77.0
1790972995.5,fixed,79.0,79.0,3900,19.99,2423,2754544,80.0,76.0,4.0,80.0,78.0,78.0,78.0,78.0,78.0,76.0,76.0,76.0,76.0
1790972996.5,fixed,80.0,79.0,3900,20.02,2400,2768536,80.0,77.0,3.0,80.0,77.0,78.0,78.0,78.0,78.0,77.0,77.0,77.0,77.0
1790972997.5,fixed,79.0,79.0,3900,20.0,2400,2782664,80.0,76.0,4.0,80.0,77.0,78.0,78.0,78.0,78.0,76.0,77.0,77.0,77.0
1790972998.6,fixed,79.0,79.0,3900,19.99,2400,2796800,80.0,77.0,3.0,80.0,77.0,78.0,78.0,78.0,78.0,77.0,77.0,77.0,77.0
1790972999.6,fixed,78.0,80.0,3900,19.96,2400,2810840,78.0,77.0,1.0,77.0,77.0,78.0,78.0,78.0,78.0,77.0,77.0,77.0,77.0
1790973000.6,fixed,79.0,80.0,3900,20.04,2367,2824920,80.0,77.0,3.0,80.0,77.0,77.0,77.0,77.0,78.0,77.0,77.0,77.0,77.0
1790973001.6,fixed,79.0,80.0,3900,19.99,2400,2839016,80.0,77.0,3.0,79.0,77.0,78.0,78.0,78.0,80.0,77.0,77.0,77.0,77.0
1790973002.6,fixed,80.0,80.0,3900,19.97,2400,2853000,80.0,77.0,3.0,80.0,77.0,80.0,80.0,80.0,80.0,77.0,77.0,77.0,77.0
1790973003.6,fixed,80.0,80.0,3900,20.02,2400,2866984,80.0,77.0,3.0,79.0,77.0,80.0,80.0,78.0,78.0,77.0,77.0,77.0,77.0
1790973004.6,fixed,78.0,80.0,3900,20.0,2308,2881056,80.0,76.0,4.0,80.0,77.0,78.0,78.0,78.0,78.0,78.0,78.0,76.0,76.0
1790973005.7,fixed,79.0,80.0,3900,20.0,2400,2893904,80.0,76.0,4.0,80.0,77.0,78.0,78.0,78.0,77.0,76.0,76.0,76.0,76.0
1790973006.7,fixed,80.0,80.0,3900,19.98,2400,2908008,80.0,76.0,4.0,80.0,78.0,80.0,80.0,80.0,78.0,76.0,76.0,76.0,76.0
1790973007.7,fixed,78.0,80.0,3900,20.0,2400,2922072,80.0,77.0,3.0,79.0,77.0,80.0,80.0,80.0,80.0,77.0,77.0,77.0,77.0
1790973008.7,fixed,80.0,80.0,3900,20.01,2400,2936208,80.0,77.0,3.0,79.0,77.0,80.0,78.0,78.0,78.0,77.0,77.0,77.0,77.0
1790973009.7,fixed,80.0,80.0,3900,19.98,2400,2950328,80.0,77.0,3.0,79.0,77.0,80.0,80.0,80.0,78.0,79.0,79.0,77.0,77.0
1790973010.8,fixed,80.0,80.0,3900,20.01,2400,2964504,80.0,77.0,3.0,79.0,78.0,80.0,80.0,80.0,80.0,77.0,79.0,79.0,79.0
1790973011.8,fixed,80.0,80.0,3900,20.0,2400,2978640,80.0,78.0,2.0,79.0,78.0,80.0,80.0,80.0,80.0,79.0,79.0,79.0,79.0
1790973012.8,fixed,78.0,80.0,3900,20.0,2400,2992768,80.0,77.0,3.0,80.0,78.0,78.0,78.0,78.0,78.0,77.0,77.0,77.0,77.0
1790973013.8,fixed,80.0,80.0,3900,19.98,2400,3006912,80.0,77.0,3.0,80.0,77.0,80.0,80.0,80.0,80.0,77.0,77.0,77.0,77.0
1790973014.8,fixed,80.0,80.0,3900,19.98,2400,3021056,79.0,77.0,2.0,79.0,77.0,78.0,78.0,78.0,78.0,79.0,79.0,79.0,79.0
1790973015.8,fixed,80.0,80.0,3900,20.01,2400,3035096,80.0,77.0,3.0,80.0,78.0,80.0,80.0,80.0,80.0,77.0,77.0,77.0,77.0
1790973016.9,fixed,80.0,80.0,3900,19.99,2400,3049200,80.0,77.0,3.0,79.0,77.0,80.0,80.0,80.0,80.0,79.0,79.0,79.0,79.0
1790973017.9,fixed,79.0,80.0,3900,19.99,2300,3063264,80.0,77.0,3.0,80.0,77.0,78.0,78.0,78.0,78.0,77.0,77.0,77.0,77.0
1790973018.9,fixed,80.0,80.0,3900,20.0,2400,3077360,80.0,76.0,4.0,80.0,78.0,80.0,80.0,80.0,80.0,76.0,76.0,76.0,76.0
1790973019.9,fixed,80.0,80.0,3900,19.95,2400,3091512,80.0,77.0,3.0,80.0,78.0,80.0,80.0,80.0,80.0,77.0,77.0,77.0,77.0
1790973020.9,fixed,80.0,80.0,4200,20.04,2400,3105640,80.0,77.0,3.0,80.0,78.0,78.0,78.0,78.0,80.0,77.0,77.0,77.0,77.0
1790973021.9,fixed,80.0,80.0,4400,19.99,2371,3119792,80.0,78.0,2.0,79.0,78.0,80.0,80.0,80.0,80.0,79.0,79.0,79.0,79.0
1790973023.0,fixed,80.0,80.0,4400,20.0,2400,3133840,80.0,77.0,3.0,79.0,78.0,80.0,80.0,80.0,80.0,79.0,79.0,77.0,77.0
1790973024.0,fixed,80.0,80.0,4400,19.95,2434,3147920,81.0,79.0,2.0,79.0,80.0,81.0,81.0,81.0,81.0,80.0,80.0,80.0,80.0
1790973025.0,fixed,80.0,80.0,4400,19.99,2400,3161864,80.0,77.0,3.0,80.0,78.0,80.0,80.0,80.0,80.0,79.0,77.0,77.0,77.0
1790973026.0,fixed,80.0,80.0,4400,20.08,2300,3175168,79.0,77.0,2.0,79.0,77.0,78.0,78.0,78.0,78.0,77.0,77.0,77.0,77.0
1790973027.0,fixed,81.0,80.0,4400,19.94,2433,3188704,81.0,78.0,3.0,80.0,78.0,81.0,81.0,81.0,81.0,79.0,79.0,79.0,79.0
1790973028.0,fixed,80.0,80.0,4400,19.99,2433,3202512,80.0,78.0,2.0,80.0,78.0,80.0,80.0,80.0,80.0,79.0,79.0,79.0,79.0
1790973029.1,fixed,80.0,80.0,4400,20.04,2400,3216536,80.0,77.0,3.0,79.0,77.0,80.0,80.0,80.0,80.0,79.0,79.0,79.0,79.0
1790973030.1,fixed,80.0,80.0,4400,19.98,2400,3230648,80.0,78.0,2.0,80.0,78.0,80.0,80.0,80.0,80.0,80.0,80.0,79.0,79.0
1790973031.1,fixed,81.0,80.0,4400,20.0,2400,3244784,80.0,77.0,3.0,80.0,78.0,80.0,80.0,80.0,80.0,77.0,77.0,77.0,77.0
1790973032.1,fixed,80.0,80.0,4400,20.01,2400,3258936,80.0,77.0,3.0,80.0,77.0,80.0,80.0,80.0,80.0,79.0,79.0,77.0,77.0
1790973033.1,fixed,80.0,80.0,4400,19.98,2400,3273040,80.0,77.0,3.0,79.0,78.0,80.0,80.0,80.0,80.0,77.0,77.0,79.0,79.0
1790973034.1,fixed,81.0,80.0,4400,20.0,2400,3287168,81.0,77.0,4.0,80.0,77.0,81.0,81.0,81.0,81.0,79.0,79.0,77.0,77.0
1790973035.2,fixed,80.0,80.0,4400,19.95,2400,3301296,80.0,77.0,3.0,80.0,78.0,80.0,80.0,80.0,80.0,77.0,77.0,79.0,79.0
1790973036.2,fixed,80.0,81.0,4400,20.04,2400,3315304,80.0,78.0,2.0,80.0,78.0,80.0,78.0,78.0,78.0,79.0,79.0,79.0,79.0
1790973037.2,fixed,81.0,81.0,4400,20.0,2400,3329400,80.0,78.0,2.0,80.0,78.0,80.0,80.0,80.0,80.0,79.0,79.0,79.0,78.0
1790973038.2,fixed,80.0,81.0,4400,20.0,2400,3343432,80.0,77.0,3.0,80.0,77.0,80.0,80.0,80.0,80.0,77.0,77.0,79.0,79.0
1790973039.2,fixed,80.0,81.0,4400,20.0,2400,3357496,80.0,77.0,3.0,80.0,77.0,78.0,78.0,78.0,78.0,79.0,79.0,79.0,79.0
1790973040.2,fixed,80.0,81.0,4400,19.99,2400,3371632,80.0,78.0,2.0,80.0,78.0,80.0,80.0,80.0,80.0,79.0,79.0,79.0,79.0
1790973041.3,fixed,80.0,81.0,4400,20.0,2400,3385672,80.0,77.0,3.0,80.0,78.0,80.0,80.0,80.0,80.0,77.0,77.0,77.0,77.0
1790973042.3,fixed,81.0,81.0,4400,20.0,2400,3399776,80.0,77.0,3.0,77.0,78.0,80.0,80.0,80.0,80.0,79.0,79.0,79.0,79.0
1790973043.3,fixed,80.0,81.0,4400,20.0,2400,3413872,81.0,77.0,4.0,79.0,77.0,80.0,81.0,81.0,81.0,79.0,79.0,79.0,79.0
1790973044.3,fixed,80.0,81.0,4400,19.99,2400,3427992,80.0,78.0,2.0,80.0,78.0,80.0,80.0,80.0,80.0,79.0,79.0,79.0,79.0
1790973045.3,fixed,81.0,81.0,4400,19.96,2425,3442040,81.0,77.0,4.0,80.0,77.0,81.0,81.0,81.0,81.0,79.0,79.0,79.0,79.0
1790973046.3,fixed,80.0,81.0,4400,20.04,2400,3456064,81.0,78.0,3.0,80.0,78.0,81.0,81.0,81.0,80.0,79.0,79.0,79.0,79.0
1790973047.4,fixed,81.0,81.0,4400,19.98,2400,3468952,80.0,77.0,3.0,80.0,77.0,80.0,80.0,80.0,80.0,79.0,79.0,79.0,77.0
1790973048.4,fixed,80.0,81.0,4400,20.0,2400,3482984,81.0,77.0,4.0,80.0,77.0,80.0,81.0,81.0,80.0,79.0,79.0,79.0,79.0
1790973049.4,fixed,81.0,81.0,4400,19.99,2400,3497080,80.0,78.0,2.0,80.0,78.0,80.0,80.0,80.0,80.0,79.0,79.0,79.0,79.0
1790973050.4,fixed,81.0,81.0,4400,20.0,2400,3511200,80.0,78.0,2.0,79.0,78.0,80.0,80.0,80.0,80.0,79.0,79.0,79.0,79.0
1790973051.5,fixed,81.0,81.0,4400,20.0,2400,3525744,80.0,78.0,2.0,80.0,78.0,80.0,80.0,80.0,80.0,79.0,79.0,79.0,79.0
1790973052.5,fixed,82.0,81.0,4400,20.0,2400,3539848,81.0,78.0,3.0,80.0,78.0,81.0,81.0,81.0,81.0,79.0,79.0,79.0,79.0
1790973053.5,fixed,81.0,81.0,4400,19.99,2400,3553888,80.0,77.0,3.0,80.0,77.0,80.0,80.0,80.0,80.0,79.0,79.0,79.0,79.0
1790973054.5,fixed,81.0,81.0,4400,20.01,2400,3568024,80.0,78.0,2.0,80.0,78.0,80.0,80.0,80.0,80.0,79.0,79.0,79.0,79.0
1790973055.5,fixed,81.0,81.0,4400,20.0,2393,3582160,80.0,77.0,3.0,79.0,78.0,80.0,78.0,78.0,78.0,77.0,79.0,78.0,78.0
1790973056.6,fixed,81.0,81.0,4400,19.94,2433,3596088,81.0,78.0,3.0,81.0,78.0,81.0,81.0,81.0,81.0,80.0,80.0,79.0,79.0
1790973057.6,fixed,81.0,81.0,4400,20.04,2400,3610072,80.0,77.0,3.0,80.0,77.0,80.0,80.0,80.0,80.0,79.0,79.0,79.0,79.0
1790973058.6,fixed,80.0,81.0,4400,20.01,2400,3624152,80.0,78.0,2.0,80.0,78.0,80.0,80.0,80.0,80.0,80.0,79.0,79.0,79.0
1790973059.6,fixed,80.0,81.0,4400,19.99,2400,3638248,80.0,77.0,3.0,80.0,77.0,80.0,80.0,80.0,80.0,79.0,79.0,79.0,79.0
1790973060.6,fixed,81.0,81.0,4400,19.96,2400,3652256,80.0,79.0,1.0,80.0,80.0,80.0,80.0,80.0,80.0,79.0,79.0,79.0,79.0
1790973061.6,fixed,81.0,81.0,4400,20.02,2400,3666320,81.0,78.0,3.0,80.0,78.0,81.0,81.0,81.0,81.0,79.0,79.0,79.0,79.0
1790973062.7,fixed,81.0,81.0,4400,20.01,2400,3680408,81.0,78.0,3.0,80.0,78.0,81.0,80.0,80.0,80.0,78.0,78.0,78.0,78.0
1790973063.7,fixed,81.0,81.0,4400,19.99,2400,3694504,81.0,79.0,2.0,81.0,80.0,81.0,81.0,81.0,81.0,79.0,79.0,79.0,79.0
1790973064.7,fixed,80.0,81.0,4400,20.0,2400,3708544,81.0,78.0,3.0,80.0,78.0,80.0,81.0,81.0,81.0,79.0,79.0,79.0,79.0
1790973065.7,fixed,81.0,81.0,4400,19.99,2400,3722528,81.0,78.0,3.0,81.0,78.0,80.0,80.0,81.0,81.0,80.0,79.0,79.0,79.0
1790973066.7,fixed,81.0,81.0,4400,20.01,2400,3736640,82.0,78.0,4.0,80.0,78.0,80.0,82.0,82.0,82.0,79.0,79.0,79.0,79.0
1790973067.7,fixed,83.0,82.0,4400,20.0,2300,3750664,81.0,78.0,3.0,81.0,78.0,80.0,80.0,80.0,80.0,79.0,79.0,79.0,80.0
1790973068.8,fixed,81.0,82.0,4400,19.99,2400,3763840,83.0,79.0,4.0,83.0,80.0,81.0,81.0,81.0,81.0,79.0,79.0,79.0,79.0
1790973069.8,fixed,83.0,82.0,4400,20.0,2400,3777928,81.0,79.0,2.0,81.0,80.0,80.0,80.0,80.0,80.0,80.0,79.0,79.0,79.0
1790973070.8,fixed,80.0,82.0,4400,20.0,2400,3792080,81.0,78.0,3.0,80.0,78.0,81.0,81.0,81.0,80.0,79.0,79.0,79.0,79.0
1790973071.8,fixed,81.0,81.0,4400,19.99,2400,3806208,81.0,79.0,2.0,80.0,80.0,81.0,81.0,81.0,81.0,79.0,79.0,79.0,79.0
1790973072.8,fixed,81.0,81.0,4400,19.99,2400,3820304,81.0,78.0,3.0,81.0,78.0,81.0,81.0,81.0,81.0,79.0,79.0,79.0,79.0
1790973073.9,fixed,81.0,81.0,4400,20.0,2400,3834408,81.0,79.0,2.0,81.0,80.0,81.0,81.0,81.0,81.0,79.0,79.0,79.0,79.0
1790973074.9,fixed,83.0,81.0,4400,20.0,2400,3848920,83.0,78.0,5.0,83.0,78.0,81.0,81.0,81.0,81.0,79.0,79.0,79.0,79.0
1790973075.9,fixed,83.0,81.0,4400,20.0,2400,3862952,82.0,78.0,4.0,80.0,78.0,82.0,82.0,82.0,82.0,79.0,79.0,79.0,79.0
1790973076.9,fixed,81.0,82.0,4400,19.98,2394,3877040,81.0,79.0,2.0,81.0,80.0,81.0,81.0,81.0,80.0,79.0,79.0,79.0,79.0
1790973078.0,fixed,83.0,82.0,4400,19.99,2400,3891136,82.0,79.0,3.0,81.0,80.0,81.0,81.0,81.0,82.0,79.0,79.0,79.0,79.0
1790973079.0,fixed,83.0,82.0,4400,19.99,2400,3905136,83.0,78.0,5.0,83.0,78.0,81.0,81.0,81.0,81.0,79.0,79.0,79.0,79.0
1790973080.0,fixed,81.0,82.0,4400,20.02,2400,3919248,83.0,78.0,5.0,83.0,78.0,81.0,81.0,81.0,81.0,79.0,79.0,79.0,79.0
1790973081.0,fixed,82.0,82.0,4400,19.98,2400,3933368,81.0,80.0,1.0,81.0,80.0,81.0,81.0,81.0,81.0,80.0,80.0,80.0,80.0
1790973082.0,fixed,83.0,82.0,4400,20.01,2400,3947440,81.0,78.0,3.0,80.0,78.0,81.0,81.0,81.0,81.0,80.0,79.0,79.0,79.0
1790973083.0,fixed,81.0,82.0,4400,19.98,2400,3961568,81.0,78.0,3.0,80.0,78.0,81.0,81.0,81.0,81.0,79.0,79.0,79.0,79.0
1790973084.1,fixed,81.0,82.0,4400,20.01,2400,3975720,81.0,79.0,2.0,81.0,80.0,81.0,81.0,81.0,81.0,79.0,79.0,79.0,79.0
1790973085.1,fixed,81.0,82.0,4400,19.99,2400,3989848,81.0,80.0,1.0,80.0,80.0,80.0,80.0,80.0,81.0,80.0,80.0,80.0,80.0
1790973086.1,fixed,81.0,82.0,4400,19.99,2356,4003784,81.0,78.0,3.0,80.0,78.0,81.0,81.0,81.0,81.0,79.0,79.0,79.0,79.0
1790973087.1,fixed,81.0,82.0,4400,20.01,2400,4017888,81.0,78.0,3.0,80.0,78.0,81.0,81.0,81.0,81.0,80.0,80.0,80.0,80.0
1790973088.1,fixed,82.0,82.0,4400,19.98,2400,4031928,81.0,78.0,3.0,80.0,78.0,81.0,81.0,81.0,81.0,79.0,79.0,79.0,79.0
1790973089.1,fixed,81.0,82.0,4400,20.04,2300,4045136,81.0,78.0,3.0,80.0,78.0,81.0,80.0,80.0,80.0,79.0,79.0,79.0,79.0
1790973090.2,fixed,80.0,82.0,4400,19.92,2400,4058808,81.0,80.0,1.0,81.0,80.0,81.0,81.0,81.0,81.0,80.0,80.0,80.0,80.0
1790973091.2,fixed,83.0,82.0,4400,20.04,2400,4072872,83.0,79.0,4.0,83.0,81.0,80.0,81.0,81.0,81.0,79.0,79.0,79.0,79.0
1790973092.2,fixed,83.0,82.0,4400,19.98,2400,4086960,81.0,80.0,1.0,81.0,80.0,81.0,81.0,80.0,80.0,80.0,80.0,80.0,80.0
1790973093.2,fixed,82.0,82.0,4400,19.99,2400,4101056,81.0,79.0,2.0,81.0,80.0,81.0,81.0,81.0,81.0,79.0,79.0,79.0,79.0
1790973094.2,fixed,81.0,82.0,4400,20.01,2400,4115200,83.0,80.0,3.0,83.0,80.0,81.0,81.0,81.0,81.0,80.0,80.0,80.0,80.0
1790973095.2,fixed,83.0,82.0,4400,20.0,2400,4129224,81.0,78.0,3.0,81.0,78.0,81.0,81.0,81.0,81.0,79.0,79.0,80.0,80.0
1790973096.3,fixed,81.0,82.0,4400,19.95,2400,4143056,81.0,80.0,1.0,81.0,80.0,80.0,80.0,80.0,80.0,80.0,80.0,80.0,80.0
1790973097.3,fixed,82.0,82.0,4400,20.01,2400,4156976,81.0,79.0,2.0,80.0,80.0,81.0,81.0,81.0,81.0,79.0,79.0,79.0,79.0
1790973098.3,fixed,81.0,82.0,4400,20.03,2400,4170952,83.0,78.0,5.0,83.0,78.0,81.0,81.0,81.0,81.0,79.0,80.0,80.0,80.0
1790973099.3,fixed,83.0,82.0,4400,19.98,2400,4185000,83.0,79.0,4.0,83.0,80.0,81.0,81.0,81.0,81.0,79.0,79.0,79.0,79.0
1790973100.3,fixed,81.0,82.0,4400,20.0,2400,4199128,83.0,79.0,4.0,83.0,80.0,81.0,81.0,81.0,81.0,80.0,80.0,79.0,79.0
1790973101.3,fixed,83.0,82.0,4400,20.0,2400,4213208,81.0,79.0,2.0,81.0,80.0,80.0,80.0,80.0,80.0,79.0,79.0,80.0,80.0
1790973102.3,fixed,83.0,82.0,4400,20.01,2346,4227296,83.0,80.0,3.0,83.0,80.0,81.0,81.0,81.0,81.0,80.0,80.0,80.0,80.0
1790973103.4,fixed,82.0,82.0,4400,19.99,2400,4241376,83.0,80.0,3.0,83.0,80.0,81.0,81.0,81.0,81.0,80.0,80.0,80.0,80.0
1790973104.4,fixed,83.0,82.0,4400,20.0,2400,4255408,82.0,80.0,2.0,80.0,80.0,81.0,82.0,82.0,82.0,80.0,80.0,80.0,80.0
1790973105.4,fixed,81.0,83.0,4400,19.99,2400,4269472,83.0,80.0,3.0,83.0,80.0,81.0,81.0,81.0,81.0,80.0,80.0,80.0,80.0
1790973106.4,fixed,82.0,83.0,4400,20.0,2300,4283480,83.0,80.0,3.0,83.0,80.0,81.0,81.0,81.0,81.0,80.0,80.0,80.0,80.0
1790973107.4,fixed,83.0,83.0,4400,19.99,2400,4297592,82.0,80.0,2.0,81.0,80.0,82.0,82.0,81.0,81.0,80.0,80.0,80.0,80.0
1790973108.5,fixed,83.0,83.0,4400,20.01,2400,4311632,83.0,80.0,3.0,83.0,80.0,82.0,82.0,82.0,82.0,80.0,80.0,80.0,80.0
1790973109.5,fixed,83.0,83.0,4400,20.01,2300,4326064,82.0,79.0,3.0,81.0,80.0,82.0,82.0,82.0,82.0,79.0,80.0,80.0,80.0
1790973110.5,fixed,83.0,83.0,4400,19.95,2225,4339032,82.0,80.0,2.0,81.0,80.0,82.0,82.0,82.0,82.0,80.0,80.0,80.0,80.0
1790973111.5,fixed,83.0,83.0,4400,20.0,2400,4352760,83.0,79.0,4.0,83.0,80.0,81.0,81.0,81.0,81.0,81.0,79.0,79.0,79.0
1790973112.5,fixed,83.0,83.0,4400,20.02,2400,4366792,82.0,80.0,2.0,81.0,81.0,82.0,82.0,82.0,82.0,80.0,80.0,80.0,80.0
1790973113.6,fixed,83.0,83.0,4400,20.0,2404,4380904,82.0,79.0,3.0,81.0,80.0,82.0,81.0,81.0,81.0,79.0,79.0,79.0,80.0
1790973114.6,fixed,81.0,83.0,4400,20.0,2400,4394936,83.0,79.0,4.0,83.0,81.0,81.0,81.0,81.0,81.0,79.0,79.0,79.0,79.0
1790973115.6,fixed,83.0,83.0,4400,19.99,2326,4408952,83.0,79.0,4.0,83.0,81.0,81.0,81.0,81.0,81.0,80.0,79.0,79.0,79.0
1790973116.6,fixed,81.0,83.0,4400,19.98,2400,4423000,83.0,80.0,3.0,83.0,81.0,82.0,82.0,82.0,82.0,80.0,80.0,80.0,80.0
1790973117.6,fixed,81.0,83.0,4400,20.02,2352,4436960,83.0,80.0,3.0,83.0,80.0,82.0,82.0,82.0,82.0,80.0,80.0,80.0,80.0
1790973118.6,fixed,82.0,83.0,4400,19.99,2366,4451072,82.0,80.0,2.0,81.0,81.0,82.0,82.0,82.0,82.0,80.0,80.0,80.0,80.0
1790973119.7,fixed,82.0,83.0,4400,19.99,2300,4465184,81.0,80.0,1.0,81.0,81.0,81.0,81.0,81.0,81.0,80.0,80.0,80.0,80.0
1790973120.7,fixed,83.0,83.0,4400,19.97,2400,4479168,83.0,80.0,3.0,83.0,81.0,82.0,82.0,82.0,82.0,80.0,80.0,80.0,80.0
1790973121.7,fixed,83.0,83.0,4400,20.03,2400,4493224,83.0,80.0,3.0,83.0,81.0,82.0,81.0,81.0,81.0,80.0,81.0,81.0,81.0
1790973122.7,fixed,81.0,83.0,4400,19.95,2400,4507288,81.0,80.0,1.0,81.0,81.0,81.0,81.0,81.0,81.0,80.0,80.0,80.0,80.0
1790973123.7,fixed,82.0,83.0,4400,19.99,2400,4521184,82.0,80.0,2.0,80.0,81.0,82.0,82.0,82.0,82.0,80.0,80.0,80.0,80.0
1790973124.7,fixed,82.0,83.0,4400,19.99,2400,4535072,82.0,80.0,2.0,81.0,81.0,82.0,82.0,82.0,82.0,80.0,80.0,80.0,80.0
1790973125.8,fixed,83.0,83.0,4400,20.03,2400,4549440,83.0,80.0,3.0,83.0,81.0,82.0,81.0,81.0,81.0,80.0,80.0,80.0,80.0
1790973126.8,fixed,83.0,83.0,4400,20.01,2400,4563520,82.0,79.0,3.0,80.0,81.0,82.0,82.0,82.0,82.0,79.0,79.0,79.0,80.0
1790973127.8,fixed,83.0,83.0,4400,20.01,2400,4577600,83.0,80.0,3.0,83.0,81.0,82.0,82.0,82.0,82.0,80.0,80.0,80.0,80.0
1790973128.8,fixed,83.0,83.0,4400,19.99,2391,4591720,82.0,80.0,2.0,81.0,80.0,82.0,82.0,82.0,82.0,80.0,80.0,80.0,80.0
1790973129.8,fixed,82.0,83.0,4400,19.97,2400,4605808,82.0,80.0,2.0,81.0,81.0,82.0,82.0,82.0,82.0,80.0,80.0,80.0,80.0
1790973130.9,fixed,83.0,83.0,4400,20.02,2300,4619272,83.0,80.0,3.0,83.0,81.0,82.0,82.0,81.0,81.0,80.0,80.0,80.0,80.0
1790973131.9,fixed,84.0,83.0,4400,19.96,2401,4632712,83.0,81.0,2.0,83.0,81.0,82.0,82.0,82.0,82.0,82.0,82.0,82.0,82.0
1790973132.9,fixed,83.0,83.0,4400,20.01,2400,4646720,84.0,80.0,4.0,84.0,81.0,82.0,84.0,84.0,84.0,80.0,80.0,80.0,80.0
1790973133.9,fixed,84.0,83.0,4400,20.03,2400,4660824,83.0,80.0,3.0,83.0,80.0,82.0,82.0,82.0,82.0,80.0,80.0,80.0,80.0
1790973134.9,fixed,82.0,83.0,4400,20.0,2400,4674896,83.0,79.0,4.0,83.0,81.0,82.0,82.0,82.0,82.0,82.0,79.0,80.0,80.0
1790973136.0,fixed,83.0,83.0,4400,19.98,2400,4688776,83.0,80.0,3.0,83.0,81.0,82.0,82.0,82.0,82.0,80.0,80.0,80.0,80.0
1790973137.0,fixed,83.0,84.0,4400,20.0,2400,4702896,82.0,80.0,2.0,81.0,81.0,81.0,82.0,82.0,82.0,80.0,80.0,80.0,80.0
1790973138.0,fixed,82.0,84.0,4400,19.99,2400,4716976,83.0,81.0,2.0,83.0,81.0,82.0,82.0,82.0,82.0,82.0,82.0,82.0,82.0
1790973139.0,fixed,83.0,84.0,4400,20.0,2400,4731064,83.0,80.0,3.0,83.0,81.0,82.0,82.0,82.0,82.0,80.0,80.0,80.0,80.0
1790973140.0,fixed,83.0,84.0,4400,20.01,2400,4745152,83.0,81.0,2.0,83.0,81.0,82.0,82.0,82.0,82.0,82.0,82.0,82.0,82.0
1790973141.0,fixed,83.0,84.0,4400,19.98,2400,4759232,82.0,81.0,1.0,81.0,81.0,82.0,82.0,82.0,82.0,82.0,82.0,82.0,82.0
1790973142.1,fixed,83.0,84.0,4400,19.99,2400,4773704,84.0,80.0,4.0,83.0,80.0,82.0,82.0,84.0,84.0,80.0,80.0,80.0,80.0
1790973143.1,fixed,83.0,84.0,4400,19.97,2400,4787760,83.0,80.0,3.0,83.0,81.0,82.0,82.0,81.0,81.0,80.0,80.0,80.0,80.0
1790973144.1,fixed,83.0,84.0,4400,20.04,2400,4801864,82.0,81.0,1.0,81.0,81.0,81.0,82.0,82.0,82.0,82.0,82.0,82.0,82.0
1790973145.1,fixed,83.0,84.0,4400,20.0,2400,4815888,83.0,80.0,3.0,83.0,81.0,82.0,82.0,82.0,82.0,80.0,80.0,80.0,80.0
1790973146.2,fixed,84.0,84.0,4400,19.99,2400,4829840,84.0,80.0,4.0,83.0,82.0,82.0,82.0,84.0,84.0,80.0,80.0,80.0,80.0
1790973147.2,fixed,84.0,84.0,4400,20.0,2400,4844344,82.0,80.0,2.0,81.0,81.0,82.0,82.0,82.0,82.0,80.0,80.0,80.0,80.0
1790973148.2,fixed,83.0,84.0,4400,19.99,2400,4858448,84.0,80.0,4.0,84.0,82.0,82.0,82.0,82.0,84.0,80.0,80.0,80.0,80.0
1790973149.2,fixed,83.0,84.0,4400,20.0,2397,4872520,83.0,81.0,2.0,83.0,81.0,82.0,82.0,82.0,82.0,82.0,82.0,81.0,81.0
1790973150.3,fixed,82.0,84.0,4400,19.99,2400,4886536,83.0,80.0,3.0,83.0,81.0,82.0,82.0,82.0,82.0,81.0,80.0,80.0,80.0
1790973151.3,fixed,84.0,84.0,4400,20.0,2400,4900528,84.0,81.0,3.0,83.0,81.0,84.0,82.0,82.0,82.0,82.0,82.0,82.0,82.0
1790973152.3,fixed,82.0,84.0,4400,19.96,2400,4913736,82.0,81.0,1.0,81.0,81.0,82.0,82.0,82.0,82.0,82.0,82.0,82.0,82.0
1790973153.3,fixed,83.0,84.0,4400,20.03,2400,4927712,83.0,80.0,3.0,83.0,81.0,82.0,82.0,82.0,82.0,82.0,82.0,82.0,80.0
1790973154.4,fixed,82.0,84.0,4400,19.96,2400,4941768,82.0,81.0,1.0,81.0,81.0,82.0,82.0,82.0,82.0,81.0,81.0,81.0,81.0
1790973155.4,fixed,83.0,83.0,4400,19.98,2400,4955656,82.0,80.0,2.0,81.0,81.0,82.0,82.0,82.0,82.0,80.0,80.0,80.0,80.0
1790973156.4,fixed,83.0,83.0,4400,20.04,2400,4969488,83.0,81.0,2.0,83.0,81.0,82.0,82.0,82.0,82.0,81.0,81.0,82.0,82.0
1790973157.4,fixed,83.0,83.0,4400,20.0,2400,4983544,84.0,80.0,4.0,84.0,81.0,82.0,82.0,82.0,82.0,80.0,80.0,81.0,81.0
1790973158.4,fixed,83.0,83.0,4400,20.0,2400,4997616,83.0,81.0,2.0,83.0,81.0,82.0,82.0,82.0,82.0,82.0,82.0,82.0,82.0
1790973159.4,fixed,83.0,83.0,4400,19.99,2400,5011696,83.0,80.0,3.0,83.0,82.0,82.0,82.0,82.0,82.0,82.0,80.0,80.0,80.0
1790973160.5,fixed,84.0,83.0,4400,19.93,2342,5025728,83.0,81.0,2.0,83.0,81.0,82.0,82.0,82.0,82.0,81.0,82.0,82.0,82.0
1790973161.5,fixed,84.0,84.0,4400,20.04,2322,5039784,83.0,81.0,2.0,83.0,81.0,81.0,82.0,82.0,82.0,81.0,81.0,81.0,81.0
1790973162.5,fixed,84.0,84.0,4400,20.01,2400,5053816,84.0,80.0,4.0,83.0,81.0,82.0,82.0,82.0,84.0,80.0,82.0,82.0,82.0
1790973163.5,fixed,83.0,84.0,4400,20.0,2400,5067904,83.0,81.0,2.0,83.0,81.0,82.0,82.0,82.0,82.0,81.0,81.0,81.0,81.0
1790973164.5,fixed,84.0,84.0,4400,19.98,2400,5082032,83.0,80.0,3.0,83.0,81.0,82.0,82.0,82.0,82.0,82.0,82.0,80.0,80.0
1790973165.5,fixed,85.0,84.0,4400,20.01,2300,5096048,84.0,80.0,4.0,84.0,81.0,84.0,84.0,84.0,82.0,80.0,80.0,80.0,80.0
1790973166.6,fixed,85.0,84.0,4400,19.98,2400,5109832,83.0,80.0,3.0,83.0,82.0,82.0,82.0,82.0,82.0,80.0,80.0,80.0,80.0
1790973167.6,fixed,84.0,84.0,4400,20.01,2400,5123880,83.0,81.0,2.0,83.0,82.0,82.0,82.0,82.0,82.0,81.0,81.0,81.0,81.0
1790973168.6,fixed,84.0,84.0,4400,19.98,2400,5137880,85.0,82.0,3.0,85.0,82.0,84.0,82.0,82.0,82.0,82.0,82.0,82.0,82.0
1790973169.6,fixed,83.0,84.0,4400,20.02,2400,5151920,83.0,80.0,3.0,83.0,81.0,82.0,82.0,82.0,82.0,80.0,80.0,80.0,80.0
1790973170.6,fixed,84.0,84.0,4400,19.99,2400,5165992,83.0,80.0,3.0,83.0,81.0,82.0,82.0,82.0,82.0,80.0,80.0,80.0,80.0
1790973171.6,fixed,84.0,84.0,4400,19.96,2400,5179928,84.0,82.0,2.0,83.0,82.0,84.0,84.0,84.0,84.0,82.0,82.0,82.0,82.0
1790973172.7,fixed,84.0,84.0,4400,20.04,2300,5193936,84.0,80.0,4.0,84.0,81.0,84.0,84.0,84.0,84.0,80.0,80.0,80.0,80.0
1790973173.7,fixed,84.0,84.0,4400,19.98,2344,5206976,84.0,81.0,3.0,84.0,81.0,84.0,84.0,84.0,84.0,83.0,83.0,82.0,82.0
1790973174.7,fixed,84.0,84.0,4400,20.0,2400,5221008,84.0,82.0,2.0,84.0,82.0,84.0,84.0,84.0,84.0,82.0,82.0,82.0,82.0
1790973175.7,fixed,84.0,84.0,4400,19.99,2400,5234912,84.0,81.0,3.0,84.0,81.0,84.0,84.0,84.0,84.0,82.0,81.0,81.0,81.0
1790973176.7,fixed,83.0,84.0,4400,19.95,2400,5248888,83.0,82.0,1.0,83.0,82.0,82.0,82.0,82.0,82.0,83.0,83.0,83.0,83.0
1790973177.7,fixed,84.0,84.0,4400,20.04,2400,5262832,84.0,81.0,3.0,84.0,81.0,82.0,82.0,82.0,84.0,82.0,82.0,82.0,82.0
1790973178.8,fixed,83.0,84.0,4400,19.96,2400,5276840,84.0,82.0,2.0,83.0,82.0,84.0,82.0,82.0,82.0,83.0,83.0,83.0,83.0
1790973179.8,fixed,84.0,84.0,4400,20.04,2311,5290832,84.0,81.0,3.0,83.0,81.0,84.0,84.0,84.0,84.0,82.0,83.0,83.0,83.0
1790973180.8,fixed,85.0,84.0,4400,19.99,2400,5304728,83.0,81.0,2.0,83.0,82.0,82.0,82.0,82.0,82.0,82.0,81.0,81.0,81.0
1790973181.8,fixed,84.0,84.0,4400,19.99,2400,5318760,84.0,82.0,2.0,84.0,82.0,84.0,84.0,84.0,84.0,83.0,83.0,83.0,83.0
1790973182.8,fixed,84.0,84.0,4400,19.99,2400,5332760,85.0,81.0,4.0,83.0,81.0,85.0,85.0,84.0,84.0,82.0,82.0,82.0,82.0
1790973183.8,fixed,84.0,85.0,4400,20.0,2400,5346800,84.0,82.0,2.0,83.0,82.0,84.0,84.0,84.0,84.0,83.0,83.0,82.0,82.0
1790973184.8,fixed,85.0,85.0,4400,20.01,2400,5360880,84.0,80.0,4.0,84.0,81.0,84.0,84.0,84.0,84.0,80.0,80.0,81.0,81.0
1790973185.9,fixed,85.0,85.0,4400,19.99,2400,5374744,85.0,81.0,4.0,84.0,82.0,85.0,85.0,85.0,85.0,81.0,81.0,81.0,82.0
1790973186.9,fixed,84.0,85.0,4400,20.04,2300,5388736,85.0,81.0,4.0,83.0,81.0,85.0,85.0,85.0,84.0,82.0,82.0,82.0,82.0
1790973187.9,fixed,84.0,85.0,4400,19.92,2400,5402632,84.0,82.0,2.0,84.0,82.0,84.0,84.0,84.0,84.0,82.0,82.0,82.0,82.0
1790973188.9,fixed,84.0,85.0,4400,20.05,2300,5416656,85.0,82.0,3.0,84.0,82.0,85.0,85.0,85.0,85.0,82.0,82.0,82.0,82.0
1790973189.9,fixed,84.0,85.0,4400,20.0,2400,5430720,84.0,82.0,2.0,84.0,82.0,84.0,84.0,84.0,84.0,82.0,82.0,82.0,82.0
1790973190.9,fixed,85.0,85.0,4400,19.98,2400,5444688,84.0,81.0,3.0,84.0,81.0,84.0,84.0,84.0,84.0,82.0,82.0,82.0,82.0
1790973192.0,fixed,83.0,85.0,4400,19.98,2400,5459128,84.0,81.0,3.0,84.0,81.0,84.0,84.0,84.0,84.0,83.0,83.0,83.0,83.0
1790973193.0,fixed,84.0,85.0,4400,20.02,2400,5473072,85.0,81.0,4.0,83.0,81.0,85.0,85.0,85.0,85.0,82.0,82.0,82.0,82.0
1790973194.0,fixed,84.0,85.0,4400,20.03,2289,5486176,84.0,80.0,4.0,83.0,84.0,84.0,84.0,84.0,84.0,80.0,80.0,80.0,80.0
1790973195.0,fixed,85.0,85.0,4400,19.96,2400,5499984,85.0,81.0,4.0,84.0,81.0,85.0,84.0,84.0,84.0,83.0,83.0,82.0,82.0
1790973196.1,fixed,85.0,85.0,4400,19.95,2400,5513904,85.0,81.0,4.0,84.0,81.0,85.0,85.0,85.0,85.0,82.0,82.0,82.0,82.0
1790973197.1,fixed,84.0,85.0,4400,20.04,2400,5528424,84.0,82.0,2.0,84.0,82.0,84.0,84.0,84.0,84.0,83.0,83.0,83.0,83.0
1790973198.1,fixed,85.0,85.0,4400,19.99,2400,5542472,84.0,82.0,2.0,83.0,82.0,84.0,84.0,84.0,84.0,83.0,83.0,83.0,83.0
1790973199.1,fixed,84.0,85.0,4400,20.0,2400,5556496,84.0,82.0,2.0,84.0,82.0,84.0,84.0,84.0,84.0,82.0,82.0,82.0,82.0
1790973200.2,fixed,85.0,85.0,4400,20.0,2400,5570552,85.0,82.0,3.0,84.0,82.0,85.0,84.0,84.0,84.0,82.0,82.0,82.0,82.0
1790973201.2,fixed,84.0,85.0,4400,19.99,2400,5584576,85.0,82.0,3.0,84.0,82.0,85.0,85.0,85.0,85.0,83.0,83.0,83.0,83.0
1790973202.2,fixed,84.0,85.0,4400,20.0,2400,5598576,85.0,82.0,3.0,84.0,82.0,85.0,85.0,85.0,85.0,83.0,83.0,83.0,83.0
1790973203.2,fixed,84.0,85.0,4400,19.97,2400,5612616,85.0,82.0,3.0,85.0,82.0,85.0,85.0,85.0,84.0,82.0,82.0,82.0,82.0
1790973204.2,fixed,84.0,85.0,4400,20.01,2400,5626656,85.0,81.0,4.0,84.0,81.0,85.0,85.0,85.0,85.0,82.0,82.0,82.0,83.0
1790973205.2,fixed,85.0,85.0,4400,20.01,2300,5640704,85.0,82.0,3.0,84.0,82.0,84.0,85.0,85.0,85.0,83.0,83.0,82.0,82.0
1790973206.3,fixed,85.0,85.0,4400,19.99,2300,5654640,85.0,82.0,3.0,84.0,82.0,85.0,85.0,85.0,85.0,82.0,82.0,83.0,82.0
1790973207.3,fixed,84.0,85.0,4400,19.99,2400,5668640,85.0,82.0,3.0,84.0,82.0,84.0,85.0,85.0,85.0,82.0,82.0,82.0,82.0
1790973208.3,fixed,85.0,85.0,4400,20.0,2400,5682712,85.0,83.0,2.0,84.0,84.0,84.0,85.0,85.0,85.0,83.0,83.0,83.0,83.0
1790973209.3,fixed,85.0,85.0,4400,19.95,2400,5696768,85.0,82.0,3.0,84.0,84.0,85.0,85.0,85.0,85.0,82.0,82.0,82.0,82.0
1790973210.3,fixed,85.0,85.0,4400,20.05,2400,5710808,85.0,82.0,3.0,85.0,82.0,84.0,84.0,84.0,84.0,83.0,83.0,83.0,82.0
1790973211.4,fixed,85.0,85.0,4400,19.99,2300,5724760,85.0,82.0,3.0,84.0,82.0,85.0,84.0,84.0,84.0,82.0,82.0,82.0,82.0
1790973212.4,fixed,85.0,85.0,4400,19.99,2400,5738752,84.0,82.0,2.0,84.0,82.0,84.0,84.0,84.0,84.0,82.0,83.0,83.0,83.0
1790973213.4,fixed,84.0,85.0,4400,19.99,2349,5752784,84.0,83.0,1.0,84.0,84.0,84.0,84.0,84.0,84.0,83.0,83.0,83.0,83.0
1790973214.4,fixed,84.0,85.0,4400,19.95,2400,5767272,84.0,82.0,2.0,84.0,82.0,84.0,84.0,84.0,84.0,82.0,82.0,82.0,83.0
1790973215.4,fixed,85.0,85.0,4400,20.01,2433,5780304,85.0,83.0,2.0,84.0,84.0,85.0,85.0,85.0,85.0,83.0,83.0,83.0,83.0
1790973216.5,fixed,84.0,85.0,4400,19.99,2400,5794112,85.0,82.0,3.0,84.0,82.0,85.0,85.0,85.0,85.0,83.0,83.0,83.0,83.0
1790973217.5,fixed,84.0,85.0,4400,20.02,2400,5808152,85.0,82.0,3.0,83.0,82.0,85.0,85.0,85.0,85.0,82.0,82.0,83.0,83.0
1790973218.5,fixed,84.0,85.0,4400,19.97,2400,5822096,85.0,82.0,3.0,84.0,84.0,84.0,84.0,85.0,85.0,83.0,83.0,82.0,82.0
1790973219.5,fixed,84.0,85.0,4400,20.04,2400,5836384,85.0,82.0,3.0,85.0,82.0,85.0,85.0,85.0,84.0,82.0,82.0,82.0,83.0
1790973220.6,fixed,84.0,85.0,4400,19.99,2300,5850400,84.0,82.0,2.0,84.0,82.0,84.0,84.0,84.0,84.0,82.0,82.0,82.0,82.0
1790973221.6,fixed,85.0,85.0,4400,19.99,2400,5864352,84.0,83.0,1.0,84.0,84.0,84.0,84.0,84.0,84.0,83.0,83.0,83.0,83.0
1790973222.6,fixed,85.0,85.0,4400,19.99,2331,5878424,84.0,83.0,1.0,84.0,84.0,84.0,84.0,84.0,84.0,84.0,84.0,83.0,83.0
1790973223.6,fixed,85.0,85.0,4400,20.0,2324,5892400,85.0,82.0,3.0,84.0,82.0,85.0,85.0,85.0,85.0,83.0,83.0,83.0,83.0
1790973224.6,fixed,84.0,85.0,4400,20.0,2400,5906864,85.0,82.0,3.0,84.0,82.0,84.0,84.0,85.0,85.0,83.0,83.0,83.0,83.0
1790973225.7,fixed,85.0,85.0,4400,19.99,2400,5920608,84.0,83.0,1.0,84.0,84.0,84.0,84.0,84.0,84.0,83.0,83.0,83.0,83.0
1790973226.7,fixed,84.0,85.0,4400,19.99,2400,5934416,84.0,83.0,1.0,84.0,84.0,84.0,84.0,84.0,84.0,83.0,83.0,83.0,83.0
1790973227.7,fixed,85.0,85.0,4400,19.97,2408,5948264,85.0,83.0,2.0,85.0,84.0,85.0,85.0,85.0,85.0,83.0,83.0,83.0,83.0
1790973228.7,fixed,85.0,85.0,4400,19.99,2400,5962232,84.0,82.0,2.0,84.0,82.0,84.0,84.0,84.0,84.0,83.0,83.0,83.0,82.0
1790973229.7,fixed,84.0,85.0,4400,20.03,2400,5976712,85.0,82.0,3.0,83.0,82.0,84.0,84.0,85.0,85.0,83.0,83.0,83.0,83.0
1790973230.8,fixed,85.0,85.0,4400,19.98,2400,5990736,85.0,82.0,3.0,84.0,82.0,85.0,85.0,84.0,84.0,83.0,83.0,83.0,83.0
1790973231.8,fixed,85.0,85.0,4400,20.0,2400,6004704,84.0,82.0,2.0,83.0,82.0,84.0,84.0,84.0,84.0,83.0,83.0,83.0,83.0
1790973232.8,fixed,85.0,85.0,4400,20.01,2400,6018680,85.0,83.0,2.0,85.0,84.0,84.0,84.0,85.0,85.0,83.0,83.0,83.0,83.0
1790973233.8,fixed,84.0,85.0,4400,19.98,2400,6032688,85.0,82.0,3.0,84.0,82.0,85.0,85.0,85.0,85.0,82.0,82.0,83.0,83.0
1790973234.8,fixed,85.0,85.0,4400,20.0,2400,6046704,85.0,82.0,3.0,83.0,82.0,85.0,85.0,85.0,84.0,82.0,82.0,82.0,82.0
1790973235.9,fixed,85.0,85.0,4400,20.03,2300,6060232,85.0,82.0,3.0,84.0,85.0,84.0,84.0,84.0,85.0,82.0,82.0,82.0,82.0
1790973236.9,fixed,85.0,85.0,4400,19.94,2400,6073720,85.0,83.0,2.0,84.0,84.0,85.0,85.0,85.0,85.0,83.0,83.0,83.0,83.0
1790973237.9,fixed,85.0,85.0,4400,20.02,2400,6087672,85.0,82.0,3.0,85.0,82.0,85.0,85.0,85.0,85.0,83.0,83.0,83.0,83.0
1790973238.9,fixed,85.0,85.0,4400,20.0,2400,6101672,85.0,82.0,3.0,84.0,82.0,84.0,84.0,84.0,85.0,83.0,83.0,83.0,83.0
1790973239.9,fixed,85.0,85.0,4400,19.98,2400,6115728,84.0,82.0,2.0,84.0,82.0,84.0,84.0,84.0,84.0,83.0,83.0,83.0,83.0
1790973240.9,fixed,84.0,85.0,4400,20.02,2400,6129736,85.0,83.0,2.0,84.0,84.0,85.0,85.0,85.0,85.0,83.0,83.0,83.0,83.0
1790973242.0,fixed,85.0,85.0,4400,19.98,2300,6143720,85.0,83.0,2.0,84.0,84.0,85.0,85.0,85.0,85.0,83.0,83.0,83.0,83.0
1790973243.0,fixed,84.0,85.0,4400,19.96,2400,6157720,85.0,83.0,2.0,84.0,84.0,84.0,84.0,84.0,85.0,83.0,83.0,83.0,83.0
1790973244.0,fixed,84.0,85.0,4400,20.0,2307,6171704,85.0,83.0,2.0,84.0,84.0,84.0,84.0,84.0,85.0,83.0,83.0,83.0,83.0
1790973245.0,fixed,85.0,85.0,4400,20.03,2400,6186208,85.0,82.0,3.0,83.0,82.0,84.0,85.0,85.0,85.0,83.0,83.0,83.0,83.0
1790973246.1,fixed,85.0,85.0,4400,19.96,2400,6199984,85.0,83.0,2.0,83.0,84.0,85.0,85.0,85.0,85.0,83.0,83.0,83.0,83.0
1790973247.1,fixed,85.0,85.0,4400,20.04,2400,6213960,85.0,83.0,2.0,83.0,84.0,85.0,85.0,85.0,85.0,83.0,83.0,83.0,83.0
1790973248.1,fixed,85.0,85.0,4400,20.0,2309,6227960,85.0,83.0,2.0,84.0,84.0,85.0,85.0,85.0,85.0,84.0,84.0,83.0,83.0
1790973249.1,fixed,85.0,85.0,4400,19.98,2400,6241968,85.0,83.0,2.0,84.0,84.0,85.0,85.0,85.0,85.0,83.0,83.0,83.0,83.0
1790973250.2,fixed,85.0,85.0,4400,19.99,2374,6256408,85.0,82.0,3.0,84.0,82.0,85.0,85.0,85.0,85.0,83.0,83.0,83.0,83.0
1790973251.2,fixed,85.0,85.0,4400,19.96,2400,6270344,85.0,82.0,3.0,85.0,82.0,85.0,85.0,85.0,85.0,84.0,84.0,84.0,84.0
1790973252.2,fixed,85.0,85.0,4400,20.02,2400,6284160,85.0,83.0,2.0,84.0,84.0,85.0,85.0,85.0,85.0,83.0,83.0,83.0,83.0
1790973253.2,fixed,85.0,85.0,4400,20.01,2300,6298144,85.0,83.0,2.0,84.0,84.0,85.0,84.0,84.0,84.0,83.0,83.0,83.0,83.0
1790973254.2,fixed,85.0,85.0,4400,20.0,2400,6312136,85.0,83.0,2.0,85.0,84.0,85.0,85.0,85.0,85.0,83.0,83.0,83.0,83.0
1790973255.3,fixed,85.0,85.0,4400,20.0,2400,6326584,85.0,83.0,2.0,85.0,84.0,84.0,84.0,84.0,84.0,83.0,83.0,83.0,84.0
1790973256.3,fixed,85.0,85.0,4400,20.0,2400,6340496,85.0,81.0,4.0,85.0,81.0,85.0,85.0,85.0,85.0,83.0,83.0,83.0,83.0
1790973257.3,fixed,85.0,85.0,4400,19.99,2400,6353392,85.0,81.0,4.0,85.0,81.0,85.0,85.0,85.0,85.0,83.0,83.0,83.0,83.0
1790973258.3,fixed,85.0,86.0,4400,19.96,2225,6367360,85.0,82.0,3.0,85.0,82.0,85.0,85.0,85.0,85.0,83.0,83.0,83.0,83.0
1790973259.3,fixed,85.0,86.0,4400,20.03,2400,6381336,85.0,82.0,3.0,84.0,82.0,85.0,85.0,85.0,85.0,83.0,83.0,83.0,83.0
1790973260.3,fixed,85.0,86.0,4400,19.99,2400,6395392,85.0,83.0,2.0,85.0,84.0,85.0,85.0,85.0,85.0,83.0,83.0,83.0,83.0
1790973261.4,fixed,85.0,86.0,4400,19.96,2400,6409352,85.0,83.0,2.0,84.0,84.0,84.0,85.0,85.0,85.0,83.0,83.0,83.0,83.0
1790973262.4,fixed,85.0,85.0,4400,20.0,2400,6423192,85.0,84.0,1.0,84.0,84.0,85.0,85.0,85.0,85.0,84.0,84.0,84.0,84.0
1790973263.4,fixed,85.0,85.0,4400,19.99,2400,6437024,84.0,82.0,2.0,84.0,82.0,84.0,84.0,84.0,84.0,83.0,83.0,83.0,83.0
1790973264.4,fixed,85.0,85.0,4400,20.04,2400,6451056,85.0,83.0,2.0,85.0,84.0,85.0,85.0,85.0,84.0,83.0,84.0,84.0,84.0
1790973265.4,fixed,85.0,85.0,4400,20.0,2400,6465032,85.0,83.0,2.0,85.0,84.0,85.0,85.0,85.0,85.0,84.0,83.0,83.0,83.0
1790973266.4,fixed,86.0,85.0,4400,19.96,2400,6478912,85.0,84.0,1.0,84.0,84.0,85.0,85.0,85.0,85.0,84.0,84.0,84.0,84.0
1790973267.4,fixed,85.0,85.0,4400,20.03,2400,6492944,85.0,82.0,3.0,85.0,84.0,84.0,84.0,84.0,84.0,83.0,83.0,82.0,82.0
1790973268.5,fixed,85.0,86.0,4400,19.99,2400,6506976,85.0,83.0,2.0,85.0,84.0,85.0,85.0,85.0,85.0,83.0,83.0,83.0,83.0
1790973269.5,fixed,85.0,86.0,4400,19.99,2400,6521016,85.0,83.0,2.0,85.0,84.0,85.0,85.0,85.0,85.0,83.0,83.0,83.0,83.0
1790973270.5,fixed,85.0,86.0,4400,19.99,2400,6535096,85.0,84.0,1.0,84.0,84.0,85.0,85.0,85.0,85.0,84.0,84.0,84.0,84.0
1790973271.5,fixed,85.0,86.0,4400,20.01,2400,6549136,85.0,83.0,2.0,85.0,84.0,85.0,85.0,85.0,85.0,83.0,83.0,83.0,83.0
1790973272.5,fixed,85.0,86.0,4400,19.96,2434,6563080,85.0,84.0,1.0,84.0,84.0,85.0,85.0,85.0,85.0,84.0,84.0,84.0,84.0
1790973273.5,fixed,86.0,86.0,4400,19.99,2400,6576952,84.0,84.0,0.0,84.0,84.0,84.0,84.0,84.0,84.0,84.0,84.0,84.0,84.0
1790973274.6,fixed,85.0,86.0,4400,20.0,2400,6590848,85.0,84.0,1.0,84.0,84.0,85.0,85.0,85.0,85.0,84.0,84.0,84.0,84.0
1790973275.6,fixed,85.0,86.0,4400,20.04,2317,6604792,85.0,83.0,2.0,85.0,84.0,85.0,85.0,85.0,85.0,84.0,84.0,84.0,83.0
1790973276.6,fixed,85.0,86.0,4400,19.98,2400,6618752,85.0,84.0,1.0,84.0,85.0,85.0,85.0,85.0,85.0,84.0,84.0,84.0,84.0
1790973277.6,fixed,85.0,86.0,4400,19.96,2400,6632696,85.0,83.0,2.0,85.0,84.0,85.0,85.0,85.0,85.0,83.0,83.0,83.0,83.0
1790973278.6,fixed,85.0,86.0,4400,20.0,2400,6645576,85.0,84.0,1.0,85.0,84.0,85.0,85.0,85.0,85.0,84.0,84.0,84.0,84.0
1790973279.6,fixed,85.0,86.0,4400,20.05,2400,6659552,85.0,83.0,2.0,84.0,84.0,85.0,85.0,85.0,85.0,83.0,83.0,83.0,83.0
1790973280.6,fixed,85.0,86.0,4400,19.96,2400,6673536,85.0,83.0,2.0,85.0,84.0,85.0,85.0,85.0,85.0,83.0,83.0,83.0,83.0
1790973281.7,fixed,85.0,86.0,4400,20.04,2400,6687528,85.0,83.0,2.0,85.0,84.0,85.0,85.0,85.0,85.0,83.0,83.0,83.0,83.0
1790973282.7,fixed,85.0,86.0,4400,19.99,2400,6701496,85.0,83.0,2.0,85.0,84.0,85.0,85.0,85.0,85.0,83.0,83.0,83.0,83.0
1790973283.7,fixed,86.0,86.0,4400,20.0,2400,6715520,85.0,84.0,1.0,84.0,84.0,85.0,85.0,85.0,85.0,84.0,84.0,84.0,84.0
1790973284.7,fixed,85.0,86.0,4400,20.0,2400,6729576,86.0,84.0,2.0,85.0,84.0,86.0,86.0,86.0,86.0,84.0,84.0,84.0,84.0
1790973285.7,fixed,85.0,86.0,4400,19.95,2400,6743488,85.0,82.0,3.0,85.0,82.0,84.0,84.0,84.0,84.0,83.0,83.0,83.0,83.0
1790973286.7,fixed,85.0,86.0,4400,20.03,2400,6757600,86.0,84.0,2.0,84.0,84.0,86.0,86.0,86.0,86.0,84.0,84.0,84.0,84.0
1790973287.8,fixed,85.0,86.0,4400,20.0,2400,6771664,86.0,84.0,2.0,85.0,85.0,86.0,85.0,85.0,85.0,84.0,84.0,84.0,84.0
1790973288.8,fixed,85.0,86.0,4400,20.0,2400,6785704,86.0,83.0,3.0,85.0,84.0,85.0,86.0,86.0,86.0,83.0,83.0,83.0,83.0
1790973289.8,fixed,85.0,86.0,4400,20.01,2400,6799784,86.0,84.0,2.0,85.0,84.0,85.0,86.0,86.0,86.0,84.0,84.0,84.0,84.0
1790973290.8,fixed,85.0,86.0,4400,20.0,2400,6813824,86.0,84.0,2.0,85.0,84.0,85.0,86.0,86.0,86.0,84.0,84.0,84.0,84.0
1790973291.8,fixed,85.0,86.0,4400,19.99,2400,6827896,85.0,83.0,2.0,85.0,84.0,85.0,85.0,85.0,85.0,83.0,83.0,83.0,83.0
1790973292.9,fixed,85.0,86.0,4400,20.03,2300,6841896,85.0,83.0,2.0,84.0,85.0,85.0,85.0,85.0,85.0,83.0,83.0,83.0,83.0
1790973293.9,fixed,85.0,86.0,4400,19.97,2400,6855944,85.0,84.0,1.0,84.0,84.0,85.0,85.0,85.0,85.0,84.0,84.0,84.0,84.0
1790973294.9,fixed,85.0,86.0,4400,19.96,2400,6869944,85.0,84.0,1.0,84.0,84.0,85.0,85.0,85.0,85.0,84.0,84.0,84.0,84.0
1790973295.9,fixed,86.0,86.0,4400,20.03,2400,6883776,86.0,83.0,3.0,86.0,84.0,85.0,85.0,85.0,85.0,83.0,83.0,83.0,84.0
1790973296.9,fixed,86.0,86.0,4400,19.99,2400,6897840,86.0,83.0,3.0,85.0,85.0,86.0,86.0,86.0,86.0,84.0,84.0,84.0,83.0
1790973297.9,fixed,85.0,86.0,4400,19.99,2366,6911824,85.0,83.0,2.0,85.0,84.0,85.0,85.0,85.0,85.0,83.0,83.0,83.0,83.0
1790973299.0,fixed,85.0,86.0,4400,20.04,2300,6925216,85.0,83.0,2.0,84.0,85.0,85.0,85.0,85.0,85.0,83.0,83.0,83.0,83.0
1790973300.0,fixed,85.0,86.0,4400,19.91,2400,6938776,85.0,84.0,1.0,85.0,84.0,85.0,85.0,85.0,85.0,84.0,84.0,84.0,84.0
1790973301.0,fixed,86.0,86.0,4400,20.05,2300,6952752,86.0,84.0,2.0,85.0,85.0,86.0,86.0,85.0,85.0,84.0,84.0,84.0,84.0
1790973302.0,fixed,86.0,86.0,4400,19.99,2400,6966704,86.0,83.0,3.0,86.0,84.0,86.0,85.0,85.0,85.0,83.0,83.0,83.0,84.0
1790973303.0,fixed,85.0,86.0,4400,20.0,2400,6980664,86.0,84.0,2.0,85.0,84.0,86.0,85.0,85.0,85.0,84.0,84.0,84.0,84.0
1790973304.0,fixed,85.0,86.0,4400,19.97,2400,6994672,86.0,83.0,3.0,85.0,85.0,86.0,86.0,86.0,86.0,83.0,83.0,83.0,83.0
1790973305.1,fixed,85.0,86.0,4400,20.03,2400,7008720,86.0,84.0,2.0,85.0,84.0,85.0,86.0,86.0,86.0,84.0,84.0,84.0,84.0
1790973306.1,fixed,86.0,86.0,4400,19.98,2400,7022600,86.0,83.0,3.0,85.0,85.0,86.0,86.0,85.0,85.0,83.0,83.0,83.0,83.0
1790973307.1,fixed,85.0,86.0,4400,19.99,2400,7036648,86.0,84.0,2.0,85.0,84.0,85.0,85.0,85.0,86.0,84.0,84.0,84.0,84.0
1790973308.1,fixed,86.0,86.0,4400,19.98,2225,7050368,85.0,84.0,1.0,84.0,84.0,85.0,85.0,85.0,85.0,84.0,84.0,84.0,84.0
1790973309.1,fixed,86.0,86.0,4400,19.99,2400,7064184,85.0,83.0,2.0,85.0,84.0,85.0,85.0,85.0,85.0,83.0,83.0,83.0,83.0
1790973310.1,fixed,85.0,86.0,4400,20.02,2400,7078216,85.0,84.0,1.0,84.0,85.0,85.0,85.0,85.0,85.0,84.0,84.0,84.0,84.0
1790973311.1,fixed,86.0,86.0,4400,20.01,2333,7092192,85.0,84.0,1.0,85.0,84.0,85.0,85.0,85.0,85.0,84.0,84.0,84.0,84.0
1790973312.2,fixed,86.0,86.0,4400,19.98,2400,7106240,86.0,84.0,2.0,85.0,85.0,86.0,86.0,86.0,86.0,84.0,84.0,84.0,84.0
1790973313.2,fixed,85.0,86.0,4400,20.0,2400,7120232,85.0,83.0,2.0,85.0,84.0,85.0,85.0,85.0,85.0,83.0,83.0,83.0,83.0
1790973314.2,fixed,85.0,86.0,4400,20.0,2400,7134272,86.0,83.0,3.0,85.0,84.0,86.0,86.0,85.0,85.0,83.0,83.0,83.0,83.0
1790973315.2,fixed,86.0,86.0,4400,19.98,2400,7148360,86.0,84.0,2.0,85.0,85.0,85.0,85.0,86.0,86.0,84.0,84.0,84.0,84.0
1790973316.2,fixed,85.0,86.0,4400,20.01,2400,7162184,86.0,83.0,3.0,85.0,84.0,86.0,86.0,86.0,86.0,83.0,83.0,83.0,83.0
1790973317.3,fixed,86.0,86.0,4400,19.98,2400,7176240,86.0,84.0,2.0,85.0,85.0,85.0,85.0,85.0,86.0,84.0,84.0,84.0,84.0
1790973318.3,fixed,86.0,86.0,4400,20.01,2400,7190296,86.0,84.0,2.0,84.0,85.0,85.0,85.0,85.0,85.0,86.0,84.0,84.0,84.0
1790973319.3,fixed,85.0,86.0,4400,19.99,2400,7204360,86.0,84.0,2.0,85.0,85.0,86.0,86.0,86.0,86.0,84.0,84.0,84.0,84.0
1790973320.3,fixed,86.0,86.0,4400,19.94,2400,7217160,86.0,84.0,2.0,85.0,84.0,86.0,86.0,86.0,86.0,84.0,84.0,84.0,84.0
1790973321.3,fixed,85.0,86.0,4400,20.02,2400,7231112,86.0,85.0,1.0,85.0,85.0,85.0,86.0,86.0,86.0,86.0,86.0,86.0,86.0
1790973322.3,fixed,86.0,86.0,4400,20.03,2400,7245136,86.0,83.0,3.0,85.0,84.0,85.0,85.0,85.0,86.0,83.0,83.0,83.0,83.0
1790973323.3,fixed,85.0,86.0,4400,20.0,2400,7259096,86.0,84.0,2.0,85.0,84.0,86.0,86.0,86.0,86.0,84.0,84.0,84.0,84.0
1790973324.4,fixed,85.0,86.0,4400,19.99,2400,7273168,86.0,84.0,2.0,85.0,84.0,86.0,86.0,86.0,85.0,86.0,84.0,84.0,84.0
1790973325.4,fixed,85.0,86.0,4400,20.0,2400,7287192,85.0,84.0,1.0,85.0,84.0,85.0,85.0,85.0,85.0,84.0,84.0,84.0,84.0
1790973326.4,fixed,85.0,86.0,4400,20.0,2400,7300976,86.0,84.0,2.0,84.0,85.0,85.0,85.0,85.0,85.0,86.0,86.0,84.0,84.0
1790973327.4,fixed,86.0,86.0,4400,19.94,2432,7314736,86.0,84.0,2.0,86.0,85.0,86.0,86.0,86.0,86.0,84.0,84.0,84.0,84.0
1790973328.4,fixed,85.0,87.0,4400,20.02,2400,7328624,85.0,84.0,1.0,85.0,84.0,85.0,85.0,85.0,85.0,84.0,84.0,84.0,84.0
1790973329.4,fixed,86.0,87.0,4400,19.99,2400,7342512,86.0,85.0,1.0,85.0,85.0,85.0,85.0,85.0,85.0,86.0,86.0,86.0,86.0
1790973330.5,fixed,86.0,87.0,4400,20.04,2379,7356512,86.0,84.0,2.0,85.0,85.0,86.0,86.0,86.0,86.0,84.0,84.0,84.0,84.0
1790973331.5,fixed,85.0,87.0,4400,19.99,2322,7370528,86.0,84.0,2.0,85.0,85.0,86.0,86.0,86.0,86.0,84.0,84.0,84.0,84.0
1790973332.5,fixed,86.0,87.0,4400,20.0,2400,7384576,86.0,84.0,2.0,85.0,85.0,85.0,86.0,86.0,86.0,84.0,84.0,84.0,84.0
1790973333.5,fixed,85.0,87.0,4400,19.98,2400,7398584,86.0,84.0,2.0,84.0,85.0,86.0,86.0,86.0,85.0,84.0,84.0,84.0,84.0
1790973334.5,fixed,86.0,87.0,4400,20.0,2400,7412584,86.0,84.0,2.0,85.0,84.0,86.0,86.0,86.0,86.0,84.0,84.0,84.0,84.0
1790973335.5,fixed,85.0,87.0,4400,20.0,2300,7426552,86.0,83.0,3.0,85.0,85.0,85.0,85.0,85.0,86.0,86.0,84.0,84.0,83.0
1790973336.6,fixed,86.0,87.0,4400,20.0,2400,7440392,86.0,84.0,2.0,85.0,85.0,86.0,86.0,86.0,86.0,84.0,86.0,86.0,86.0
1790973337.6,fixed,86.0,87.0,4400,19.99,2400,7454880,86.0,84.0,2.0,85.0,85.0,86.0,86.0,86.0,86.0,84.0,84.0,84.0,84.0
1790973338.6,fixed,86.0,87.0,4400,19.99,2400,7468824,86.0,83.0,3.0,85.0,86.0,86.0,86.0,86.0,86.0,83.0,86.0,86.0,86.0
1790973339.6,fixed,88.0,87.0,4400,19.96,2400,7482736,88.0,84.0,4.0,85.0,85.0,88.0,88.0,88.0,88.0,86.0,86.0,84.0,84.0
1790973340.7,fixed,86.0,87.0,4400,20.02,2300,7496728,86.0,84.0,2.0,85.0,86.0,86.0,86.0,86.0,86.0,84.0,84.0,84.0,84.0
1790973341.7,fixed,86.0,87.0,4400,20.01,2400,7509640,85.0,84.0,1.0,85.0,85.0,85.0,85.0,85.0,85.0,84.0,84.0,84.0,84.0
1790973342.7,fixed,86.0,87.0,4400,19.97,2400,7523552,86.0,85.0,1.0,85.0,85.0,86.0,86.0,86.0,86.0,86.0,86.0,86.0,86.0
1790973343.7,fixed,86.0,87.0,4400,20.02,2400,7537544,86.0,84.0,2.0,85.0,85.0,86.0,86.0,86.0,86.0,84.0,84.0,84.0,84.0
1790973344.7,fixed,88.0,87.0,4400,19.99,2400,7551528,86.0,85.0,1.0,85.0,85.0,86.0,86.0,86.0,86.0,86.0,86.0,86.0,86.0
1790973345.7,fixed,86.0,87.0,4400,19.99,2400,7565440,86.0,84.0,2.0,85.0,85.0,86.0,86.0,86.0,86.0,84.0,84.0,84.0,84.0
1790973346.8,fixed,86.0,87.0,4400,20.0,2400,7579480,86.0,84.0,2.0,85.0,85.0,86.0,86.0,86.0,86.0,84.0,84.0,84.0,84.0
1790973347.8,fixed,85.0,87.0,4400,20.0,2400,7593504,86.0,83.0,3.0,85.0,85.0,86.0,86.0,86.0,86.0,83.0,84.0,84.0,84.0
1790973348.8,fixed,85.0,87.0,4400,20.01,2400,7607568,85.0,84.0,1.0,85.0,85.0,85.0,85.0,85.0,85.0,84.0,84.0,84.0,84.0
1790973349.8,fixed,86.0,87.0,4400,19.99,2400,7621584,86.0,84.0,2.0,86.0,85.0,86.0,86.0,86.0,86.0,84.0,84.0,84.0,84.0
1790973350.8,fixed,86.0,87.0,4400,20.0,2358,7635592,86.0,84.0,2.0,86.0,85.0,85.0,85.0,85.0,85.0,84.0,84.0,84.0,84.0
1790973351.8,fixed,86.0,87.0,4400,19.94,2400,7649608,86.0,84.0,2.0,85.0,85.0,85.0,85.0,85.0,85.0,84.0,84.0,86.0,86.0
1790973352.9,fixed,86.0,87.0,4400,20.05,2400,7663632,86.0,84.0,2.0,85.0,85.0,86.0,86.0,86.0,86.0,84.0,84.0,84.0,86.0
1790973353.9,fixed,86.0,87.0,4400,20.0,2400,7677568,86.0,84.0,2.0,85.0,85.0,86.0,86.0,86.0,86.0,86.0,86.0,84.0,84.0
1790973354.9,fixed,86.0,87.0,4400,20.0,2400,7691584,86.0,84.0,2.0,85.0,85.0,86.0,86.0,86.0,86.0,84.0,84.0,86.0,86.0
1790973355.9,fixed,88.0,87.0,4400,19.98,2400,7705416,86.0,84.0,2.0,85.0,85.0,86.0,86.0,86.0,86.0,84.0,84.0,84.0,84.0
1790973356.9,fixed,86.0,87.0,4400,19.98,2400,7719256,86.0,84.0,2.0,84.0,85.0,86.0,86.0,86.0,86.0,84.0,84.0,84.0,84.0
1790973357.9,fixed,86.0,87.0,4400,19.98,2400,7733136,86.0,84.0,2.0,85.0,86.0,86.0,86.0,86.0,86.0,84.0,84.0,84.0,84.0
1790973358.9,fixed,86.0,87.0,4400,20.0,2400,7746968,86.0,84.0,2.0,85.0,86.0,86.0,86.0,86.0,86.0,84.0,84.0,84.0,84.0
1790973360.0,fixed,88.0,87.0,4400,20.0,2433,7760760,86.0,85.0,1.0,85.0,86.0,86.0,86.0,86.0,86.0,86.0,86.0,86.0,86.0
1790973361.0,fixed,86.0,87.0,4400,19.93,2400,7774680,86.0,84.0,2.0,85.0,86.0,86.0,86.0,86.0,86.0,84.0,84.0,84.0,84.0
1790973362.0,fixed,88.0,87.0,4400,20.15,2300,7787984,86.0,83.0,3.0,84.0,86.0,86.0,86.0,86.0,86.0,83.0,83.0,83.0,83.0
1790973363.0,fixed,86.0,87.0,4400,19.92,2433,7801344,86.0,84.0,2.0,84.0,85.0,86.0,86.0,86.0,86.0,84.0,84.0,84.0,84.0
1790973364.0,fixed,86.0,87.0,4400,20.03,2400,7814856,86.0,84.0,2.0,84.0,85.0,86.0,86.0,85.0,85.0,84.0,84.0,84.0,84.0
1790973365.0,fixed,86.0,87.0,4400,19.95,2424,7828760,86.0,84.0,2.0,85.0,85.0,86.0,86.0,86.0,86.0,86.0,84.0,84.0,84.0
1790973366.0,fixed,88.0,87.0,4400,20.0,2400,7842560,86.0,84.0,2.0,85.0,85.0,86.0,86.0,86.0,86.0,84.0,84.0,84.0,86.0
1790973367.1,fixed,86.0,87.0,4400,20.0,2433,7856312,86.0,85.0,1.0,85.0,86.0,86.0,86.0,86.0,86.0,86.0,86.0,86.0,86.0
1790973368.1,fixed,86.0,87.0,4400,19.99,2400,7870056,86.0,85.0,1.0,85.0,86.0,86.0,86.0,86.0,86.0,86.0,86.0,86.0,86.0
1790973369.1,fixed,86.0,87.0,4400,20.03,2400,7884048,86.0,84.0,2.0,85.0,86.0,86.0,86.0,86.0,86.0,84.0,84.0,84.0,84.0
1790973370.1,fixed,86.0,87.0,4400,19.99,2400,7898104,86.0,84.0,2.0,85.0,86.0,85.0,86.0,86.0,86.0,84.0,84.0,84.0,84.0
1790973371.1,fixed,86.0,87.0,4400,20.01,2400,7912104,86.0,84.0,2.0,85.0,85.0,86.0,86.0,86.0,86.0,84.0,84.0,86.0,86.0
1790973372.1,fixed,86.0,87.0,4400,19.99,2400,7926168,86.0,84.0,2.0,85.0,85.0,86.0,86.0,86.0,86.0,86.0,86.0,86.0,84.0
1790973373.2,fixed,86.0,87.0,4400,19.95,2400,7940088,86.0,84.0,2.0,85.0,86.0,86.0,86.0,86.0,86.0,84.0,84.0,84.0,84.0
1790973374.2,fixed,85.0,87.0,4400,20.02,2400,7953960,86.0,84.0,2.0,85.0,86.0,86.0,86.0,86.0,86.0,84.0,84.0,84.0,84.0
1790973375.2,fixed,86.0,87.0,4400,20.01,2400,7967920,86.0,84.0,2.0,85.0,85.0,86.0,86.0,86.0,86.0,84.0,84.0,86.0,86.0
1790973376.2,fixed,86.0,87.0,4400,20.0,2400,7981752,86.0,84.0,2.0,85.0,85.0,86.0,86.0,86.0,86.0,84.0,84.0,84.0,84.0
1790973377.2,fixed,86.0,87.0,4400,19.97,2400,7995760,86.0,84.0,2.0,85.0,86.0,86.0,86.0,86.0,86.0,86.0,86.0,86.0,84.0
1790973378.2,fixed,86.0,87.0,4400,20.04,2400,8009712,88.0,84.0,4.0,85.0,86.0,88.0,88.0,86.0,86.0,84.0,84.0,84.0,84.0
1790973379.3,fixed,86.0,87.0,4400,19.99,2400,8023616,86.0,84.0,2.0,85.0,86.0,85.0,85.0,85.0,85.0,84.0,84.0,84.0,84.0
1790973380.3,fixed,86.0,87.0,4400,19.99,2400,8037656,86.0,83.0,3.0,85.0,85.0,86.0,86.0,86.0,86.0,84.0,83.0,83.0,83.0
1790973381.3,fixed,86.0,87.0,4400,20.0,2400,8051672,86.0,84.0,2.0,86.0,86.0,86.0,86.0,86.0,86.0,84.0,84.0,84.0,84.0
1790973382.3,fixed,88.0,87.0,4400,20.01,2400,8065680,86.0,84.0,2.0,85.0,86.0,86.0,86.0,86.0,86.0,84.0,84.0,84.0,86.0
1790973383.3,fixed,86.0,87.0,4400,19.98,2400,8078472,86.0,85.0,1.0,85.0,86.0,86.0,86.0,86.0,86.0,86.0,86.0,86.0,86.0
1790973384.3,fixed,86.0,87.0,4400,19.98,2400,8092264,86.0,84.0,2.0,85.0,86.0,86.0,86.0,86.0,86.0,84.0,84.0,84.0,84.0
1790973385.3,fixed,86.0,87.0,4400,20.01,2400,8105744,88.0,84.0,4.0,86.0,86.0,88.0,88.0,88.0,88.0,84.0,84.0,84.0,84.0
1790973386.4,fixed,88.0,87.0,4400,20.0,2400,8119344,86.0,85.0,1.0,85.0,85.0,86.0,86.0,86.0,86.0,86.0,86.0,86.0,86.0
1790973387.4,fixed,86.0,87.0,4400,20.0,2300,8132952,86.0,85.0,1.0,86.0,85.0,86.0,86.0,86.0,86.0,86.0,86.0,86.0,86.0
1790973388.4,fixed,88.0,87.0,4400,19.99,2391,8146640,88.0,84.0,4.0,85.0,85.0,86.0,88.0,88.0,88.0,84.0,84.0,84.0,84.0
1790973389.4,fixed,88.0,87.0,4400,20.0,2400,8160352,88.0,84.0,4.0,88.0,85.0,88.0,86.0,86.0,86.0,86.0,86.0,86.0,84.0
1790973390.4,fixed,86.0,87.0,4400,20.0,2300,8173936,88.0,84.0,4.0,88.0,84.0,86.0,86.0,86.0,86.0,86.0,86.0,86.0,86.0
1790973391.4,fixed,88.0,87.0,4400,19.99,2400,8187464,88.0,85.0,3.0,86.0,85.0,88.0,88.0,88.0,88.0,86.0,86.0,86.0,86.0
1790973392.5,fixed,86.0,87.0,4400,20.0,2300,8200896,88.0,86.0,2.0,88.0,86.0,86.0,86.0,86.0,86.0,86.0,86.0,86.0,86.0
1790973393.5,fixed,89.0,87.0,4400,19.99,2300,8214344,89.0,83.0,6.0,86.0,85.0,88.0,88.0,89.0,89.0,83.0,83.0,83.0,83.0
1790973394.5,fixed,86.0,88.0,4400,20.03,2202,8226984,88.0,84.0,4.0,85.0,86.0,86.0,86.0,88.0,88.0,84.0,84.0,84.0,84.0
1790973395.5,fixed,86.0,88.0,4400,19.96,2306,8240328,86.0,85.0,1.0,85.0,86.0,86.0,86.0,86.0,86.0,86.0,86.0,86.0,86.0
1790973396.6,fixed,88.0,87.0,4400,19.99,2400,8254880,88.0,84.0,4.0,85.0,86.0,88.0,88.0,88.0,86.0,84.0,84.0,84.0,84.0
1790973397.6,fixed,86.0,87.0,4400,19.99,2400,8269056,88.0,84.0,4.0,85.0,86.0,86.0,86.0,86.0,88.0,86.0,84.0,86.0,86.0
1790973398.6,fixed,86.0,87.0,4400,20.0,2400,8283224,88.0,84.0,4.0,86.0,86.0,88.0,88.0,88.0,86.0,84.0,84.0,84.0,84.0
1790973399.6,fixed,86.0,87.0,4400,20.0,2400,8297368,86.0,85.0,1.0,85.0,86.0,86.0,86.0,86.0,86.0,86.0,86.0,86.0,86.0
1790973400.6,fixed,88.0,87.0,4400,19.98,2400,8311424,86.0,86.0,0.0,86.0,86.0,86.0,86.0,86.0,86.0,86.0,86.0,86.0,86.0
1790973401.7,fixed,86.0,87.0,4400,20.01,2400,8326032,86.0,84.0,2.0,86.0,86.0,86.0,86.0,86.0,86.0,86.0,84.0,84.0,84.0
1790973402.7,fixed,86.0,87.0,4400,19.99,2400,8340168,86.0,86.0,0.0,86.0,86.0,86.0,86.0,86.0,86.0,86.0,86.0,86.0,86.0
1790973403.7,fixed,86.0,87.0,4400,20.01,2300,8354208,86.0,84.0,2.0,85.0,85.0,85.0,85.0,85.0,86.0,84.0,84.0,84.0,84.0
1790973404.7,fixed,86.0,87.0,4400,20.0,2400,8367240,86.0,84.0,2.0,86.0,86.0,86.0,86.0,86.0,86.0,86.0,86.0,84.0,84.0
1790973405.7,fixed,88.0,87.0,4400,20.0,2400,8381360,88.0,84.0,4.0,85.0,85.0,88.0,88.0,88.0,88.0,84.0,84.0,84.0,86.0
1790973406.8,fixed,88.0,87.0,4400,19.98,2394,8395712,88.0,85.0,3.0,85.0,86.0,88.0,88.0,88.0,88.0,86.0,86.0,86.0,86.0
1790973407.8,fixed,86.0,87.0,4400,19.99,2400,8409672,88.0,85.0,3.0,85.0,85.0,86.0,86.0,86.0,88.0,86.0,86.0,86.0,86.0
1790973408.8,rest,76.0,87.0,4400,4.54,463,0,76.0,74.0,2.0,74.0,76.0,76.0,76.0,76.0,76.0,74.0,74.0,74.0,74.0
1790973409.9,rest,75.0,86.0,4400,4.22,513,0,74.0,73.0,1.0,74.0,73.0,74.0,74.0,74.0,74.0,73.0,73.0,73.0,73.0
1790973410.9,rest,74.0,85.0,4400,4.83,512,0,74.0,73.0,1.0,74.0,73.0,74.0,74.0,74.0,74.0,73.0,73.0,73.0,73.0
1790973411.9,rest,74.0,83.0,4400,4.46,434,0,74.0,72.0,2.0,73.0,73.0,74.0,74.0,74.0,74.0,72.0,72.0,72.0,72.0
1790973412.9,rest,75.0,82.0,4400,4.22,445,0,74.0,72.0,2.0,73.0,72.0,74.0,74.0,74.0,74.0,72.0,72.0,72.0,72.0
1790973413.9,rest,73.0,80.0,4400,4.22,505,0,73.0,72.0,1.0,72.0,72.0,73.0,73.0,73.0,73.0,72.0,72.0,72.0,72.0
1790973414.9,rest,73.0,79.0,4400,4.22,495,0,73.0,71.0,2.0,72.0,72.0,73.0,73.0,73.0,72.0,71.0,71.0,71.0,71.0
1790973416.0,rest,72.0,78.0,4400,4.05,462,0,72.0,71.0,1.0,71.0,71.0,72.0,72.0,72.0,72.0,71.0,71.0,71.0,71.0
1790973417.0,rest,72.0,77.0,4400,3.95,481,0,72.0,70.0,2.0,70.0,72.0,72.0,72.0,72.0,72.0,71.0,71.0,71.0,70.0
1790973418.0,rest,72.0,77.0,4400,4.01,524,0,72.0,69.0,3.0,70.0,71.0,72.0,71.0,71.0,71.0,69.0,69.0,69.0,69.0
1790973419.0,rest,72.0,76.0,4400,4.1,449,0,72.0,69.0,3.0,69.0,71.0,72.0,72.0,72.0,72.0,69.0,69.0,69.0,69.0
1790973420.0,rest,72.0,76.0,4400,4.09,509,0,72.0,69.0,3.0,69.0,71.0,71.0,72.0,72.0,72.0,69.0,69.0,69.0,69.0
1790973421.0,rest,72.0,76.0,4400,3.83,471,0,72.0,68.0,4.0,68.0,71.0,71.0,71.0,72.0,72.0,69.0,69.0,69.0,69.0
1790973422.1,rest,71.0,76.0,4400,3.84,435,0,71.0,68.0,3.0,69.0,69.0,71.0,71.0,71.0,71.0,69.0,68.0,68.0,68.0
1790973423.1,rest,70.0,75.0,4400,3.97,447,0,70.0,68.0,2.0,69.0,69.0,69.0,70.0,70.0,70.0,69.0,69.0,68.0,68.0
1790973424.1,rest,70.0,75.0,4400,3.82,454,0,71.0,67.0,4.0,69.0,68.0,71.0,70.0,70.0,69.0,68.0,67.0,67.0,67.0
1790973425.1,rest,72.0,75.0,4400,8.86,485,0,71.0,68.0,3.0,69.0,69.0,71.0,71.0,71.0,71.0,69.0,69.0,69.0,68.0
1790973426.1,rest,70.0,75.0,4400,4.03,455,0,69.0,68.0,1.0,68.0,68.0,69.0,69.0,69.0,69.0,68.0,68.0,68.0,68.0
1790973427.1,rest,68.0,75.0,4400,3.82,455,0,69.0,66.0,3.0,68.0,68.0,69.0,69.0,69.0,69.0,66.0,66.0,66.0,67.0
1790973428.2,rest,68.0,75.0,4400,3.9,493,0,69.0,66.0,3.0,66.0,67.0,68.0,68.0,68.0,69.0,66.0,66.0,66.0,66.0
1790973429.2,rest,69.0,74.0,4400,3.77,425,0,69.0,66.0,3.0,67.0,68.0,69.0,69.0,69.0,68.0,66.0,66.0,66.0,66.0
1790973430.2,rest,68.0,74.0,4400,3.81,466,0,68.0,66.0,2.0,67.0,67.0,68.0,68.0,68.0,68.0,66.0,66.0,66.0,66.0
1790973431.2,rest,70.0,73.0,4400,4.26,443,0,68.0,66.0,2.0,67.0,67.0,68.0,67.0,67.0,67.0,66.0,66.0,66.0,66.0
1790973432.2,rest,68.0,73.0,4400,3.79,756,0,68.0,65.0,3.0,68.0,65.0,68.0,68.0,68.0,68.0,65.0,65.0,65.0,65.0
1790973433.2,rest,68.0,73.0,4400,3.78,480,0,69.0,65.0,4.0,65.0,67.0,69.0,68.0,68.0,68.0,65.0,65.0,65.0,65.0
1790973434.3,rest,68.0,73.0,4400,3.73,487,0,68.0,64.0,4.0,67.0,65.0,67.0,67.0,68.0,68.0,66.0,66.0,66.0,64.0
1790973435.3,rest,67.0,72.0,4400,3.81,546,0,68.0,65.0,3.0,65.0,67.0,67.0,67.0,67.0,68.0,65.0,65.0,65.0,65.0
1790973436.3,rest,68.0,72.0,4400,3.97,499,0,68.0,65.0,3.0,65.0,67.0,67.0,67.0,67.0,68.0,65.0,65.0,65.0,65.0
1790973437.3,rest,67.0,72.0,4400,3.69,465,0,67.0,64.0,3.0,65.0,67.0,66.0,66.0,66.0,66.0,66.0,64.0,64.0,64.0
1790973438.3,rest,67.0,72.0,4400,3.28,459,0,66.0,65.0,1.0,65.0,65.0,66.0,66.0,66.0,66.0,65.0,65.0,65.0,65.0
1790973439.3,rest,66.0,71.0,4400,3.28,481,0,67.0,64.0,3.0,65.0,64.0,67.0,67.0,67.0,65.0,64.0,64.0,64.0,64.0
1790973440.4,rest,67.0,71.0,4400,3.2,581,0,66.0,63.0,3.0,65.0,65.0,66.0,66.0,66.0,66.0,64.0,64.0,64.0,63.0
1790973441.4,rest,66.0,71.0,4400,3.14,435,0,66.0,63.0,3.0,64.0,64.0,66.0,66.0,66.0,66.0,63.0,63.0,63.0,63.0
1790973442.4,rest,67.0,71.0,4400,3.87,426,0,66.0,63.0,3.0,64.0,64.0,65.0,65.0,65.0,66.0,63.0,63.0,64.0,64.0
1790973443.4,rest,66.0,70.0,4400,3.36,506,0,66.0,62.0,4.0,64.0,65.0,65.0,65.0,66.0,66.0,62.0,62.0,62.0,62.0
1790973444.4,rest,65.0,70.0,4400,3.19,502,0,66.0,62.0,4.0,64.0,64.0,66.0,66.0,66.0,65.0,64.0,64.0,62.0,62.0
1790973445.4,rest,65.0,70.0,4400,8.27,486,0,67.0,62.0,5.0,62.0,64.0,67.0,67.0,67.0,66.0,63.0,62.0,62.0,63.0
1790973446.5,rest,65.0,70.0,4400,3.03,445,0,65.0,62.0,3.0,62.0,64.0,65.0,65.0,65.0,65.0,63.0,63.0,63.0,63.0
1790973447.5,rest,65.0,70.0,4400,3.22,460,0,65.0,62.0,3.0,62.0,64.0,65.0,65.0,65.0,65.0,62.0,62.0,62.0,62.0
1790973448.5,rest,65.0,70.0,4400,3.44,449,0,65.0,62.0,3.0,64.0,63.0,65.0,65.0,65.0,65.0,64.0,62.0,62.0,62.0
1790973449.5,rest,65.0,70.0,4400,2.96,448,0,65.0,62.0,3.0,63.0,63.0,65.0,65.0,65.0,65.0,62.0,62.0,62.0,62.0
1790973450.5,rest,65.0,70.0,4400,3.04,538,0,64.0,61.0,3.0,63.0,61.0,64.0,64.0,64.0,64.0,62.0,63.0,63.0,63.0
1790973451.6,rest,64.0,70.0,4400,3.36,495,0,65.0,61.0,4.0,63.0,63.0,64.0,64.0,64.0,65.0,62.0,62.0,62.0,61.0
1790973452.6,rest,64.0,70.0,4400,3.14,506,0,64.0,61.0,3.0,62.0,63.0,64.0,64.0,64.0,64.0,61.0,61.0,61.0,61.0
1790973453.6,rest,63.0,70.0,4400,3.26,448,0,64.0,61.0,3.0,63.0,61.0,64.0,64.0,64.0,64.0,62.0,62.0,62.0,62.0
1790973454.6,rest,64.0,70.0,4400,3.36,464,0,64.0,61.0,3.0,62.0,63.0,64.0,63.0,64.0,64.0,61.0,61.0,61.0,62.0
1790973455.6,rest,64.0,70.0,4400,2.97,439,0,64.0,61.0,3.0,62.0,63.0,63.0,62.0,63.0,64.0,62.0,62.0,61.0,61.0
1790973456.7,rest,64.0,69.0,4400,3.06,556,0,64.0,61.0,3.0,62.0,63.0,64.0,64.0,64.0,63.0,61.0,61.0,61.0,61.0
1790973457.7,rest,63.0,69.0,4400,2.9,461,0,63.0,61.0,2.0,61.0,63.0,63.0,63.0,62.0,62.0,61.0,61.0,61.0,62.0
1790973458.7,rest,63.0,69.0,4400,3.19,515,0,64.0,61.0,3.0,61.0,63.0,64.0,64.0,62.0,62.0,61.0,61.0,61.0,61.0
1790973459.7,rest,63.0,69.0,4400,3.17,584,0,63.0,61.0,2.0,62.0,63.0,63.0,63.0,63.0,63.0,61.0,61.0,61.0,61.0
1790973460.7,rest,63.0,68.0,4400,3.18,491,0,63.0,60.0,3.0,62.0,63.0,62.0,62.0,63.0,62.0,60.0,60.0,60.0,60.0
1790973461.7,rest,62.0,68.0,4400,3.01,486,0,62.0,60.0,2.0,60.0,61.0,62.0,62.0,61.0,61.0,61.0,61.0,61.0,61.0
1790973462.8,rest,62.0,68.0,4400,3.13,480,0,63.0,59.0,4.0,62.0,60.0,63.0,63.0,63.0,63.0,59.0,59.0,59.0,59.0
1790973463.8,rest,62.0,68.0,4400,3.05,477,0,63.0,60.0,3.0,60.0,63.0,62.0,62.0,62.0,63.0,60.0,60.0,60.0,60.0
1790973464.8,rest,93.0,68.0,4400,7.89,3427,0,93.0,75.0,18.0,75.0,93.0,82.0,82.0,82.0,82.0,79.0,79.0,79.0,79.0
1790973465.8,rest,63.0,68.0,4400,3.67,495,0,62.0,60.0,2.0,61.0,60.0,62.0,62.0,62.0,62.0,61.0,61.0,61.0,60.0
1790973466.8,rest,63.0,68.0,4300,3.05,462,0,63.0,60.0,3.0,61.0,63.0,61.0,61.0,61.0,61.0,60.0,60.0,60.0,60.0
1790973467.8,rest,62.0,68.0,4000,3.24,462,0,61.0,58.0,3.0,60.0,61.0,61.0,61.0,61.0,61.0,58.0,58.0,58.0,58.0
1790973468.8,rest,62.0,68.0,3900,3.09,467,0,61.0,59.0,2.0,59.0,60.0,61.0,61.0,61.0,61.0,59.0,59.0,59.0,59.0
1790973469.9,rest,61.0,67.0,3900,3.16,452,0,62.0,58.0,4.0,60.0,60.0,62.0,62.0,61.0,61.0,58.0,58.0,59.0,59.0
1790973470.9,rest,62.0,67.0,3900,3.22,458,0,62.0,58.0,4.0,60.0,60.0,61.0,61.0,62.0,62.0,58.0,58.0,58.0,58.0
1790973471.9,rest,61.0,67.0,3900,3.13,455,0,61.0,58.0,3.0,60.0,58.0,61.0,61.0,61.0,61.0,58.0,58.0,58.0,58.0
1790973472.9,rest,61.0,67.0,3900,2.98,652,0,62.0,58.0,4.0,60.0,60.0,61.0,62.0,62.0,62.0,58.0,58.0,58.0,58.0
1790973473.9,rest,61.0,67.0,3900,2.94,478,0,61.0,58.0,3.0,60.0,60.0,61.0,61.0,60.0,61.0,59.0,58.0,58.0,58.0
1790973475.0,rest,61.0,66.0,3900,3.12,462,0,61.0,57.0,4.0,58.0,57.0,61.0,61.0,61.0,61.0,58.0,58.0,58.0,58.0
1790973476.0,rest,61.0,66.0,3900,2.87,436,0,61.0,58.0,3.0,59.0,60.0,61.0,61.0,61.0,61.0,58.0,58.0,58.0,58.0
1790973477.0,rest,60.0,66.0,3900,3.2,448,0,60.0,58.0,2.0,59.0,59.0,60.0,60.0,60.0,60.0,58.0,58.0,58.0,58.0
1790973478.0,rest,61.0,66.0,3900,2.89,468,0,61.0,58.0,3.0,59.0,59.0,60.0,60.0,60.0,61.0,58.0,58.0,58.0,58.0
1790973479.0,rest,60.0,66.0,3900,3.24,465,0,61.0,58.0,3.0,59.0,59.0,61.0,61.0,61.0,61.0,58.0,58.0,58.0,58.0
1790973480.0,rest,60.0,66.0,3900,3.01,582,0,60.0,58.0,2.0,59.0,60.0,59.0,59.0,60.0,60.0,58.0,58.0,58.0,58.0
1790973481.1,rest,61.0,66.0,3900,3.19,437,0,60.0,57.0,3.0,57.0,59.0,60.0,59.0,59.0,59.0,58.0,58.0,58.0,58.0
1790973482.1,rest,59.0,66.0,3900,3.17,464,0,60.0,57.0,3.0,58.0,59.0,60.0,60.0,60.0,60.0,57.0,57.0,58.0,58.0
1790973483.1,rest,61.0,66.0,3900,3.61,465,0,59.0,57.0,2.0,57.0,59.0,59.0,59.0,59.0,59.0,58.0,58.0,58.0,58.0
1790973484.1,rest,60.0,66.0,3900,3.19,452,0,59.0,58.0,1.0,59.0,59.0,59.0,59.0,59.0,59.0,58.0,58.0,58.0,58.0
1790973485.1,rest,61.0,66.0,3900,8.62,468,0,61.0,58.0,3.0,59.0,59.0,61.0,61.0,61.0,60.0,58.0,58.0,58.0,58.0
1790973486.2,rest,60.0,66.0,3900,3.15,474,0,60.0,58.0,2.0,59.0,59.0,60.0,60.0,60.0,60.0,58.0,58.0,58.0,58.0
1790973487.2,rest,59.0,66.0,3900,3.14,492,0,60.0,58.0,2.0,59.0,60.0,59.0,59.0,59.0,60.0,58.0,58.0,58.0,58.0
1790973488.2,rest,60.0,66.0,3900,3.64,555,0,59.0,58.0,1.0,59.0,59.0,59.0,59.0,59.0,59.0,58.0,58.0,58.0,58.0
1790973489.2,rest,59.0,66.0,3900,3.49,479,0,61.0,57.0,4.0,58.0,57.0,61.0,61.0,60.0,60.0,57.0,57.0,57.0,57.0
1790973490.2,rest,60.0,66.0,3900,2.87,460,0,59.0,58.0,1.0,58.0,58.0,59.0,59.0,59.0,59.0,58.0,58.0,58.0,58.0
1790973491.2,rest,59.0,65.0,3900,3.35,496,0,60.0,57.0,3.0,58.0,59.0,60.0,60.0,60.0,60.0,57.0,57.0,57.0,57.0
1790973492.3,rest,59.0,65.0,3900,3.01,425,0,59.0,57.0,2.0,57.0,57.0,59.0,59.0,59.0,59.0,58.0,58.0,58.0,58.0
1790973493.3,rest,60.0,65.0,3900,2.98,476,0,59.0,57.0,2.0,58.0,59.0,58.0,58.0,58.0,59.0,57.0,57.0,57.0,57.0
1790973494.3,rest,59.0,65.0,3900,3.56,453,0,59.0,57.0,2.0,58.0,57.0,59.0,59.0,59.0,59.0,57.0,58.0,58.0,58.0
1790973495.3,rest,59.0,65.0,3900,3.39,476,0,59.0,57.0,2.0,57.0,57.0,59.0,59.0,59.0,59.0,57.0,57.0,57.0,57.0
1790973496.3,rest,59.0,65.0,3900,2.93,450,0,59.0,56.0,3.0,59.0,57.0,59.0,59.0,59.0,59.0,57.0,57.0,57.0,56.0
1790973497.3,rest,59.0,65.0,3900,2.87,442,0,59.0,56.0,3.0,57.0,57.0,59.0,59.0,59.0,59.0,56.0,56.0,56.0,56.0
1790973498.4,rest,59.0,65.0,3900,3.02,454,0,59.0,56.0,3.0,57.0,57.0,59.0,58.0,59.0,59.0,56.0,56.0,56.0,56.0
1790973499.4,rest,59.0,65.0,3900,3.18,451,0,59.0,56.0,3.0,57.0,56.0,57.0,59.0,59.0,58.0,57.0,58.0,58.0,58.0
1790973500.4,rest,58.0,65.0,3900,2.94,494,0,59.0,56.0,3.0,57.0,57.0,59.0,59.0,59.0,59.0,56.0,56.0,57.0,57.0
1790973501.4,rest,59.0,65.0,3900,3.0,527,0,59.0,55.0,4.0,56.0,57.0,59.0,59.0,59.0,59.0,56.0,56.0,55.0,55.0
1790973502.4,rest,59.0,65.0,3900,2.97,496,0,59.0,55.0,4.0,56.0,56.0,59.0,59.0,59.0,59.0,55.0,55.0,55.0,55.0
1790973503.4,rest,59.0,65.0,3700,2.92,464,0,59.0,55.0,4.0,56.0,56.0,59.0,59.0,59.0,59.0,55.0,56.0,56.0,56.0
1790973504.5,rest,58.0,64.0,3500,3.04,429,0,59.0,55.0,4.0,57.0,56.0,59.0,57.0,57.0,59.0,55.0,55.0,55.0,55.0
1790973505.5,rest,59.0,65.0,3500,8.11,450,0,59.0,56.0,3.0,58.0,57.0,59.0,59.0,59.0,59.0,56.0,56.0,57.0,57.0
1790973506.5,rest,59.0,65.0,3500,2.86,512,0,59.0,55.0,4.0,56.0,56.0,59.0,59.0,59.0,59.0,57.0,55.0,55.0,55.0
1790973507.5,rest,59.0,64.0,3500,3.18,601,0,59.0,55.0,4.0,56.0,56.0,59.0,59.0,58.0,58.0,55.0,55.0,55.0,55.0
1790973508.5,rest,59.0,64.0,3500,2.99,451,0,59.0,55.0,4.0,57.0,56.0,59.0,59.0,59.0,59.0,56.0,55.0,55.0,55.0
1790973509.6,rest,59.0,64.0,3500,2.83,475,0,59.0,55.0,4.0,56.0,56.0,58.0,57.0,57.0,59.0,55.0,55.0,55.0,55.0
1790973510.6,rest,59.0,64.0,3500,2.89,498,0,59.0,55.0,4.0,57.0,57.0,58.0,59.0,57.0,57.0,55.0,55.0,55.0,55.0
1790973511.6,rest,57.0,64.0,3500,2.95,456,0,59.0,56.0,3.0,57.0,56.0,59.0,59.0,59.0,59.0,56.0,56.0,56.0,56.0
1790973512.6,rest,59.0,64.0,3500,3.04,512,0,59.0,54.0,5.0,56.0,56.0,59.0,59.0,59.0,59.0,55.0,55.0,54.0,54.0
1790973513.6,rest,57.0,64.0,3500,3.64,507,0,59.0,55.0,4.0,56.0,56.0,58.0,59.0,59.0,59.0,55.0,55.0,55.0,55.0
1790973514.6,rest,58.0,64.0,3500,3.14,526,0,59.0,55.0,4.0,56.0,57.0,59.0,57.0,57.0,57.0,55.0,55.0,55.0,55.0
1790973515.7,rest,57.0,64.0,3500,3.02,500,0,59.0,55.0,4.0,57.0,56.0,57.0,57.0,59.0,59.0,55.0,55.0,55.0,55.0
1790973516.7,rest,59.0,64.0,3500,3.15,523,0,59.0,55.0,4.0,56.0,56.0,57.0,59.0,59.0,59.0,55.0,55.0,55.0,55.0
1790973517.7,rest,57.0,64.0,3500,3.09,487,0,57.0,54.0,3.0,56.0,56.0,57.0,57.0,57.0,57.0,55.0,54.0,54.0,54.0
1790973518.7,rest,57.0,64.0,3500,2.92,522,0,57.0,55.0,2.0,56.0,56.0,57.0,57.0,57.0,57.0,55.0,55.0,55.0,55.0
1790973519.7,rest,57.0,64.0,3500,3.22,455,0,58.0,55.0,3.0,56.0,56.0,58.0,57.0,57.0,57.0,55.0,55.0,55.0,55.0
1790973520.7,rest,57.0,64.0,3500,2.74,435,0,57.0,54.0,3.0,56.0,55.0,57.0,57.0,57.0,57.0,55.0,54.0,54.0,54.0
1790973521.8,rest,58.0,63.0,3500,2.86,497,0,58.0,54.0,4.0,56.0,56.0,58.0,57.0,57.0,57.0,54.0,54.0,54.0,54.0
1790973522.8,rest,57.0,63.0,3500,2.88,443,0,57.0,54.0,3.0,56.0,56.0,57.0,57.0,57.0,57.0,54.0,54.0,54.0,54.0
1790973523.8,rest,57.0,63.0,3500,2.96,476,0,57.0,54.0,3.0,55.0,55.0,57.0,57.0,57.0,57.0,54.0,54.0,54.0,54.0
1790973524.8,rest,62.0,63.0,3500,8.07,472,0,63.0,58.0,5.0,60.0,60.0,62.0,62.0,61.0,63.0,58.0,58.0,58.0,58.0
1790973525.8,rest,57.0,63.0,3500,3.24,477,0,57.0,55.0,2.0,55.0,55.0,56.0,56.0,57.0,57.0,55.0,55.0,55.0,55.0
1790973526.8,rest,57.0,63.0,3500,3.14,457,0,57.0,54.0,3.0,56.0,55.0,57.0,57.0,57.0,57.0,54.0,54.0,54.0,54.0
1790973527.9,rest,57.0,63.0,3500,3.06,458,0,57.0,55.0,2.0,56.0,56.0,57.0,57.0,57.0,57.0,55.0,55.0,55.0,55.0
1790973528.9,rest,57.0,63.0,3500,3.21,439,0,57.0,55.0,2.0,56.0,55.0,57.0,57.0,57.0,57.0,55.0,55.0,55.0,55.0
1790973529.9,rest,57.0,63.0,3500,3.03,488,0,57.0,54.0,3.0,54.0,55.0,56.0,57.0,57.0,57.0,54.0,54.0,54.0,54.0
1790973530.9,rest,57.0,63.0,3500,2.96,467,0,57.0,53.0,4.0,55.0,55.0,57.0,57.0,57.0,57.0,53.0,54.0,54.0,54.0
1790973531.9,rest,56.0,63.0,3500,3.24,442,0,57.0,54.0,3.0,55.0,55.0,56.0,57.0,57.0,57.0,54.0,54.0,54.0,54.0
1790973532.9,rest,57.0,63.0,3500,2.98,445,0,57.0,54.0,3.0,55.0,56.0,57.0,57.0,57.0,57.0,54.0,54.0,54.0,54.0
1790973534.0,rest,57.0,63.0,3500,2.95,532,0,56.0,53.0,3.0,55.0,53.0,56.0,56.0,56.0,56.0,54.0,54.0,54.0,54.0
1790973535.0,rest,57.0,63.0,3500,3.33,437,0,56.0,54.0,2.0,55.0,55.0,56.0,56.0,56.0,56.0,54.0,54.0,54.0,55.0
1790973536.0,rest,56.0,63.0,3500,2.9,458,0,57.0,54.0,3.0,55.0,55.0,57.0,57.0,57.0,57.0,55.0,55.0,54.0,54.0
1790973537.0,rest,56.0,63.0,3500,3.03,433,0,56.0,53.0,3.0,55.0,55.0,56.0,56.0,56.0,56.0,53.0,54.0,54.0,54.0
1790973538.0,rest,57.0,63.0,3500,3.12,496,0,56.0,53.0,3.0,54.0,55.0,56.0,56.0,56.0,56.0,53.0,53.0,53.0,55.0
1790973539.0,rest,57.0,63.0,3500,2.99,477,0,57.0,54.0,3.0,55.0,56.0,57.0,57.0,57.0,56.0,54.0,54.0,54.0,54.0
1790973540.1,rest,56.0,63.0,3500,3.26,453,0,57.0,54.0,3.0,55.0,55.0,57.0,57.0,57.0,57.0,54.0,54.0,54.0,54.0
1790973541.1,rest,57.0,62.0,3500,2.91,509,0,56.0,54.0,2.0,55.0,55.0,56.0,56.0,56.0,56.0,54.0,54.0,54.0,54.0
1790973542.1,rest,55.0,62.0,3500,2.98,453,0,57.0,53.0,4.0,54.0,53.0,55.0,56.0,56.0,57.0,54.0,54.0,54.0,54.0
1790973543.1,rest,56.0,62.0,3500,2.91,503,0,56.0,54.0,2.0,55.0,55.0,55.0,55.0,56.0,56.0,54.0,54.0,54.0,54.0
1790973544.1,rest,56.0,62.0,3500,3.18,486,0,56.0,53.0,3.0,54.0,55.0,56.0,56.0,56.0,55.0,53.0,53.0,53.0,53.0
1790973545.2,rest,57.0,63.0,3500,8.08,457,0,56.0,54.0,2.0,56.0,55.0,56.0,56.0,56.0,56.0,54.0,54.0,55.0,55.0
1790973546.2,rest,56.0,63.0,3500,2.8,467,0,57.0,53.0,4.0,55.0,53.0,57.0,57.0,57.0,57.0,54.0,54.0,53.0,53.0
1790973547.2,rest,57.0,63.0,3500,2.88,451,0,56.0,54.0,2.0,55.0,55.0,56.0,56.0,56.0,56.0,54.0,54.0,54.0,54.0
1790973548.2,rest,57.0,63.0,3300,3.05,444,0,56.0,54.0,2.0,55.0,55.0,56.0,56.0,56.0,56.0,54.0,54.0,54.0,54.0
1790973549.2,rest,56.0,63.0,3300,2.94,468,0,56.0,53.0,3.0,54.0,55.0,55.0,55.0,56.0,56.0,53.0,53.0,53.0,53.0
1790973550.2,rest,55.0,63.0,3200,3.11,464,0,57.0,54.0,3.0,54.0,55.0,57.0,56.0,56.0,56.0,55.0,55.0,55.0,55.0
1790973551.3,rest,56.0,62.0,3300,2.96,433,0,56.0,53.0,3.0,54.0,53.0,56.0,56.0,56.0,56.0,53.0,54.0,54.0,54.0
1790973552.3,rest,55.0,62.0,3300,3.0,464,0,56.0,53.0,3.0,53.0,55.0,56.0,56.0,56.0,56.0,54.0,54.0,54.0,54.0
1790973553.3,rest,56.0,62.0,3300,3.34,474,0,56.0,54.0,2.0,54.0,55.0,56.0,56.0,56.0,56.0,54.0,54.0,54.0,54.0
1790973554.3,rest,56.0,62.0,3300,2.95,465,0,56.0,53.0,3.0,54.0,53.0,55.0,55.0,56.0,56.0,54.0,54.0,54.0,54.0
1790973555.3,rest,56.0,62.0,3300,2.83,521,0,57.0,53.0,4.0,54.0,55.0,57.0,56.0,56.0,56.0,53.0,53.0,53.0,53.0
1790973556.3,rest,56.0,62.0,3300,3.19,473,0,56.0,53.0,3.0,54.0,55.0,56.0,56.0,55.0,55.0,54.0,54.0,54.0,53.0
1790973557.4,rest,56.0,62.0,3300,2.92,466,0,56.0,53.0,3.0,54.0,55.0,56.0,56.0,56.0,55.0,53.0,53.0,53.0,53.0
1790973558.4,rest,55.0,62.0,3300,2.86,469,0,56.0,53.0,3.0,54.0,55.0,56.0,56.0,56.0,55.0,53.0,53.0,53.0,53.0
1790973559.4,rest,56.0,61.0,3300,2.98,465,0,55.0,52.0,3.0,54.0,52.0,55.0,55.0,55.0,55.0,54.0,54.0,54.0,54.0
1790973560.4,rest,55.0,61.0,3300,3.07,461,0,56.0,52.0,4.0,52.0,55.0,56.0,56.0,55.0,55.0,53.0,53.0,53.0,53.0
1790973561.4,rest,56.0,61.0,3300,2.95,478,0,55.0,52.0,3.0,54.0,55.0,55.0,55.0,55.0,55.0,52.0,53.0,53.0,53.0
1790973562.5,rest,54.0,61.0,3300,3.1,456,0,55.0,51.0,4.0,51.0,55.0,54.0,54.0,55.0,55.0,52.0,53.0,53.0,53.0
1790973563.5,rest,55.0,61.0,3300,2.87,527,0,55.0,53.0,2.0,53.0,53.0,54.0,55.0,55.0,54.0,53.0,53.0,53.0,53.0
1790973564.5,rest,54.0,61.0,3300,2.92,442,0,55.0,52.0,3.0,52.0,55.0,55.0,55.0,55.0,55.0,53.0,53.0,53.0,53.0
1790973565.5,rest,55.0,61.0,3300,7.99,567,0,56.0,51.0,5.0,52.0,51.0,55.0,55.0,55.0,56.0,54.0,54.0,54.0,54.0
1790973566.5,rest,55.0,61.0,3300,2.73,539,0,55.0,52.0,3.0,52.0,53.0,55.0,54.0,54.0,54.0,53.0,53.0,53.0,53.0
1790973567.5,rest,55.0,61.0,3300,2.79,501,0,55.0,53.0,2.0,53.0,55.0,54.0,55.0,55.0,54.0,53.0,53.0,53.0,53.0
1790973568.6,rest,55.0,61.0,3300,3.07,443,0,55.0,53.0,2.0,54.0,53.0,55.0,54.0,54.0,54.0,53.0,53.0,53.0,53.0
1790973569.6,rest,55.0,61.0,3300,2.8,491,0,55.0,50.0,5.0,52.0,50.0,55.0,55.0,55.0,55.0,52.0,53.0,53.0,53.0
1790973570.6,rest,55.0,61.0,3300,2.88,493,0,56.0,52.0,4.0,52.0,53.0,56.0,56.0,56.0,56.0,52.0,52.0,52.0,52.0
1790973571.6,rest,56.0,61.0,3300,3.05,524,0,55.0,53.0,2.0,53.0,55.0,54.0,54.0,54.0,55.0,53.0,53.0,53.0,53.0
1790973572.6,rest,56.0,61.0,3300,2.79,475,0,55.0,52.0,3.0,54.0,53.0,55.0,55.0,55.0,54.0,53.0,53.0,53.0,52.0
1790973573.6,rest,54.0,61.0,3300,2.79,475,0,55.0,51.0,4.0,52.0,53.0,55.0,54.0,54.0,54.0,51.0,51.0,51.0,51.0
1790973574.7,rest,55.0,61.0,3300,3.29,467,0,54.0,51.0,3.0,52.0,52.0,54.0,54.0,54.0,54.0,51.0,51.0,51.0,51.0
1790973575.7,rest,54.0,61.0,3300,2.78,514,0,55.0,52.0,3.0,52.0,52.0,55.0,55.0,55.0,55.0,53.0,53.0,53.0,53.0
1790973576.7,rest,54.0,61.0,3300,2.79,467,0,54.0,52.0,2.0,54.0,52.0,54.0,54.0,54.0,54.0,52.0,52.0,52.0,52.0
1790973577.7,rest,54.0,61.0,3300,2.68,462,0,56.0,51.0,5.0,53.0,52.0,55.0,56.0,55.0,55.0,53.0,53.0,53.0,51.0
1790973578.7,rest,54.0,61.0,3300,2.99,465,0,54.0,52.0,2.0,52.0,52.0,54.0,54.0,54.0,54.0,53.0,53.0,53.0,53.0
1790973579.7,rest,54.0,61.0,3300,2.83,441,0,54.0,51.0,3.0,53.0,52.0,54.0,53.0,54.0,54.0,51.0,51.0,52.0,52.0
1790973580.8,rest,54.0,61.0,3300,3.06,491,0,55.0,52.0,3.0,53.0,52.0,55.0,53.0,53.0,53.0,52.0,52.0,53.0,53.0
1790973581.8,rest,54.0,61.0,3300,2.77,910,0,54.0,52.0,2.0,54.0,52.0,54.0,54.0,54.0,54.0,52.0,53.0,53.0,53.0
1790973582.8,rest,54.0,60.0,3300,2.86,492,0,54.0,52.0,2.0,52.0,52.0,54.0,54.0,53.0,53.0,52.0,52.0,52.0,52.0
1790973583.8,rest,55.0,60.0,3300,2.84,458,0,55.0,52.0,3.0,53.0,53.0,55.0,55.0,55.0,55.0,53.0,52.0,52.0,52.0
1790973584.8,rest,58.0,60.0,3300,7.9,482,0,59.0,55.0,4.0,56.0,55.0,59.0,58.0,58.0,58.0,56.0,55.0,55.0,55.0
1790973585.9,rest,54.0,60.0,3300,2.92,439,0,55.0,51.0,4.0,52.0,53.0,55.0,55.0,55.0,55.0,52.0,52.0,51.0,51.0
1790973586.9,rest,54.0,60.0,3300,3.14,448,0,54.0,52.0,2.0,53.0,53.0,53.0,53.0,54.0,54.0,52.0,52.0,53.0,53.0
1790973587.9,rest,54.0,60.0,3300,2.85,548,0,54.0,52.0,2.0,52.0,52.0,54.0,53.0,53.0,53.0,52.0,52.0,52.0,52.0
1790973588.9,rest,54.0,60.0,3300,2.87,469,0,55.0,52.0,3.0,52.0,52.0,53.0,55.0,55.0,55.0,52.0,52.0,52.0,52.0
1790973589.9,rest,54.0,60.0,3300,2.96,449,0,53.0,52.0,1.0,52.0,52.0,53.0,53.0,53.0,53.0,52.0,52.0,52.0,52.0
1790973590.9,rest,54.0,60.0,3300,2.8,486,0,55.0,52.0,3.0,52.0,52.0,55.0,53.0,53.0,53.0,52.0,52.0,53.0,53.0
1790973592.0,rest,54.0,60.0,3300,3.08,462,0,55.0,51.0,4.0,52.0,52.0,54.0,54.0,55.0,55.0,51.0,52.0,52.0,52.0
1790973593.0,rest,54.0,60.0,3300,2.79,459,0,53.0,50.0,3.0,53.0,50.0,53.0,53.0,53.0,53.0,53.0,53.0,51.0,51.0
1790973594.0,rest,53.0,60.0,3300,2.87,447,0,55.0,51.0,4.0,53.0,52.0,55.0,55.0,53.0,53.0,51.0,53.0,53.0,53.0
1790973595.0,rest,53.0,60.0,3300,2.91,494,0,53.0,51.0,2.0,52.0,51.0,53.0,53.0,53.0,53.0,51.0,51.0,51.0,51.0
1790973596.0,rest,53.0,60.0,3300,2.8,469,0,53.0,52.0,1.0,52.0,52.0,53.0,53.0,53.0,53.0,53.0,53.0,53.0,53.0
1790973597.0,rest,53.0,60.0,3300,2.77,441,0,53.0,51.0,2.0,53.0,52.0,53.0,53.0,53.0,53.0,51.0,51.0,51.0,51.0
1790973598.1,rest,54.0,60.0,3300,2.86,475,0,53.0,51.0,2.0,52.0,52.0,53.0,53.0,53.0,53.0,51.0,51.0,51.0,51.0
1790973599.1,rest,53.0,60.0,3300,2.83,511,0,54.0,51.0,3.0,52.0,52.0,54.0,54.0,53.0,53.0,51.0,51.0,51.0,51.0
1790973600.1,rest,53.0,60.0,3300,2.93,480,0,53.0,51.0,2.0,52.0,52.0,53.0,53.0,53.0,53.0,51.0,51.0,51.0,51.0
1790973601.1,rest,53.0,60.0,3300,2.9,490,0,53.0,51.0,2.0,52.0,52.0,53.0,53.0,53.0,52.0,51.0,51.0,51.0,51.0
1790973602.1,rest,54.0,60.0,3300,3.26,479,0,55.0,51.0,4.0,51.0,52.0,53.0,55.0,55.0,53.0,51.0,51.0,51.0,51.0
1790973603.1,rest,54.0,60.0,3300,2.98,454,0,53.0,51.0,2.0,52.0,52.0,53.0,53.0,53.0,53.0,51.0,51.0,51.0,51.0
1790973604.2,rest,54.0,60.0,3300,3.08,492,0,53.0,50.0,3.0,52.0,52.0,53.0,53.0,53.0,53.0,51.0,51.0,51.0,50.0
1790973605.2,rest,54.0,60.0,3300,7.89,485,0,53.0,51.0,2.0,52.0,53.0,53.0,53.0,53.0,53.0,51.0,51.0,53.0,53.0
1790973606.2,rest,54.0,60.0,3300,2.72,465,0,53.0,51.0,2.0,52.0,52.0,53.0,53.0,53.0,53.0,51.0,51.0,51.0,51.0
1790973607.2,rest,54.0,60.0,3300,3.27,469,0,53.0,51.0,2.0,51.0,51.0,53.0,53.0,53.0,53.0,51.0,51.0,51.0,51.0
1790973608.2,rest,53.0,60.0,3300,2.87,451,0,54.0,51.0,3.0,52.0,52.0,54.0,54.0,53.0,53.0,51.0,51.0,51.0,51.0
1790973609.2,rest,53.0,60.0,3300,2.87,453,0,53.0,51.0,2.0,52.0,52.0,53.0,53.0,53.0,53.0,51.0,51.0,51.0,51.0
1790973610.3,rest,54.0,60.0,3300,2.93,525,0,54.0,51.0,3.0,52.0,52.0,53.0,54.0,54.0,52.0,51.0,51.0,51.0,51.0
1790973611.3,rest,53.0,60.0,3300,6.34,444,0,54.0,51.0,3.0,52.0,52.0,54.0,54.0,54.0,53.0,51.0,51.0,51.0,53.0
1790973612.3,rest,54.0,60.0,3300,3.68,456,0,53.0,51.0,2.0,52.0,52.0,53.0,53.0,53.0,53.0,51.0,51.0,51.0,51.0
1790973613.3,rest,56.0,60.0,3300,5.01,704,0,54.0,53.0,1.0,53.0,53.0,54.0,54.0,54.0,54.0,53.0,53.0,53.0,53.0
1790973614.3,rest,54.0,60.0,3300,4.67,547,0,54.0,51.0,3.0,54.0,52.0,54.0,54.0,54.0,54.0,51.0,51.0,51.0,51.0
1790973615.3,rest,86.0,60.0,3300,16.07,3340,0,89.0,68.0,21.0,68.0,89.0,73.0,73.0,72.0,72.0,80.0,80.0,80.0,80.0
1790973616.4,rest,54.0,62.0,3300,12.04,789,0,54.0,51.0,3.0,54.0,51.0,54.0,54.0,54.0,54.0,52.0,52.0,52.0,52.0
1790973617.4,rest,54.0,62.0,3100,4.65,463,0,55.0,51.0,4.0,52.0,53.0,55.0,54.0,54.0,54.0,51.0,52.0,52.0,52.0
1790973618.4,rest,54.0,62.0,3100,4.27,441,0,54.0,51.0,3.0,54.0,53.0,53.0,53.0,54.0,54.0,51.0,51.0,51.0,51.0
1790973619.4,rest,54.0,62.0,3100,3.97,532,0,55.0,52.0,3.0,52.0,52.0,53.0,55.0,55.0,55.0,53.0,53.0,53.0,53.0
1790973620.4,rest,54.0,62.0,3100,3.56,476,0,53.0,51.0,2.0,52.0,52.0,53.0,53.0,53.0,53.0,53.0,51.0,51.0,51.0
1790973621.5,rest,54.0,62.0,3100,3.8,461,0,53.0,51.0,2.0,52.0,53.0,53.0,53.0,53.0,53.0,51.0,51.0,51.0,51.0
1790973622.5,rest,53.0,60.0,3100,3.48,438,0,54.0,52.0,2.0,52.0,52.0,54.0,54.0,53.0,53.0,53.0,53.0,53.0,53.0
1790973623.5,rest,53.0,60.0,3100,5.27,578,0,55.0,51.0,4.0,52.0,52.0,55.0,55.0,53.0,53.0,51.0,51.0,51.0,51.0
1790973624.5,rest,54.0,60.0,3100,3.7,450,0,53.0,52.0,1.0,52.0,52.0,53.0,53.0,53.0,53.0,53.0,53.0,53.0,53.0
1790973625.5,rest,55.0,61.0,3100,8.59,1988,0,58.0,57.0,1.0,58.0,57.0,57.0,57.0,57.0,57.0,57.0,57.0,58.0,58.0
1790973626.5,rest,53.0,61.0,3100,4.16,448,0,54.0,52.0,2.0,52.0,52.0,53.0,53.0,54.0,54.0,52.0,53.0,53.0,53.0
1790973627.6,rest,54.0,61.0,3100,4.2,684,0,53.0,52.0,1.0,53.0,53.0,53.0,53.0,53.0,53.0,53.0,53.0,52.0,52.0
1790973628.6,rest,54.0,61.0,3100,4.08,610,0,54.0,51.0,3.0,52.0,52.0,53.0,53.0,54.0,54.0,51.0,51.0,51.0,51.0
1790973629.6,rest,53.0,60.0,3100,3.68,481,0,53.0,51.0,2.0,52.0,52.0,53.0,53.0,53.0,53.0,51.0,51.0,51.0,51.0
1790973630.6,rest,53.0,60.0,3100,4.02,554,0,53.0,52.0,1.0,53.0,52.0,53.0,53.0,53.0,53.0,53.0,53.0,53.0,53.0
1790973631.7,rest,53.0,60.0,3100,4.2,890,0,54.0,51.0,3.0,53.0,51.0,53.0,53.0,54.0,54.0,51.0,51.0,51.0,51.0
1790973632.7,rest,54.0,60.0,3100,4.37,533,0,55.0,51.0,4.0,52.0,51.0,53.0,53.0,53.0,55.0,51.0,51.0,51.0,51.0
1790973633.7,rest,53.0,60.0,3100,4.57,467,0,54.0,51.0,3.0,52.0,52.0,54.0,54.0,54.0,53.0,51.0,51.0,51.0,51.0
1790973634.7,rest,83.0,60.0,3100,6.14,1768,0,64.0,55.0,9.0,62.0,55.0,64.0,64.0,64.0,64.0,55.0,55.0,55.0,55.0
1790973635.7,rest,58.0,60.0,3100,6.39,988,0,56.0,50.0,6.0,56.0,50.0,56.0,56.0,56.0,56.0,54.0,54.0,54.0,54.0
1790973636.7,rest,53.0,60.0,3100,4.38,525,0,53.0,51.0,2.0,51.0,53.0,53.0,53.0,53.0,53.0,51.0,51.0,51.0,51.0
1790973637.8,rest,59.0,60.0,3100,4.78,1283,0,68.0,53.0,15.0,62.0,68.0,57.0,58.0,58.0,58.0,53.0,53.0,53.0,53.0
1790973638.8,rest,54.0,60.0,3100,7.51,449,0,54.0,52.0,2.0,52.0,52.0,54.0,54.0,54.0,54.0,52.0,52.0,52.0,52.0
1790973639.8,rest,54.0,60.0,3100,4.94,528,0,54.0,51.0,3.0,52.0,52.0,54.0,53.0,53.0,53.0,51.0,51.0,51.0,53.0
1790973640.8,rest,53.0,60.0,3100,4.46,490,0,54.0,51.0,3.0,52.0,52.0,54.0,54.0,54.0,54.0,51.0,51.0,51.0,51.0
1790973641.8,rest,53.0,60.0,3100,4.2,849,0,55.0,51.0,4.0,52.0,52.0,55.0,55.0,55.0,55.0,51.0,51.0,51.0,52.0
1790973642.8,rest,53.0,60.0,3100,4.61,464,0,55.0,51.0,4.0,52.0,51.0,54.0,54.0,54.0,55.0,53.0,53.0,51.0,51.0
1790973643.9,rest,55.0,60.0,3100,7.53,509,0,54.0,51.0,3.0,53.0,52.0,54.0,54.0,54.0,54.0,51.0,51.0,51.0,51.0
1790973644.9,rest,57.0,60.0,3100,8.95,837,0,57.0,55.0,2.0,55.0,55.0,57.0,57.0,57.0,57.0,55.0,55.0,55.0,55.0
1790973645.9,rest,54.0,60.0,3100,4.64,471,0,53.0,53.0,0.0,53.0,53.0,53.0,53.0,53.0,53.0,53.0,53.0,53.0,53.0
1790973646.9,rest,54.0,60.0,3100,3.91,500,0,53.0,52.0,1.0,52.0,52.0,53.0,53.0,53.0,53.0,52.0,52.0,52.0,52.0
1790973647.9,rest,53.0,60.0,3100,4.18,1360,0,56.0,53.0,3.0,55.0,53.0,56.0,56.0,56.0,56.0,53.0,53.0,53.0,53.0
1790973648.9,rest,54.0,60.0,3100,4.04,748,0,53.0,51.0,2.0,53.0,53.0,53.0,53.0,53.0,53.0,51.0,53.0,53.0,53.0
1790973650.0,rest,54.0,60.0,3100,4.66,543,0,54.0,51.0,3.0,52.0,51.0,54.0,54.0,54.0,53.0,52.0,52.0,52.0,51.0
1790973651.0,rest,53.0,60.0,3100,4.06,444,0,53.0,51.0,2.0,52.0,52.0,53.0,53.0,53.0,53.0,51.0,51.0,51.0,51.0
1790973652.0,rest,54.0,60.0,3100,4.57,525,0,54.0,51.0,3.0,52.0,52.0,53.0,54.0,54.0,53.0,51.0,51.0,51.0,51.0
1790973653.0,rest,55.0,60.0,3100,4.52,561,0,54.0,51.0,3.0,52.0,52.0,54.0,54.0,54.0,54.0,51.0,51.0,51.0,51.0
1790973654.0,rest,53.0,60.0,3100,4.4,586,0,55.0,51.0,4.0,52.0,52.0,55.0,55.0,54.0,54.0,51.0,51.0,51.0,51.0
1790973655.0,rest,53.0,60.0,3100,4.53,514,0,53.0,51.0,2.0,52.0,52.0,53.0,53.0,53.0,53.0,51.0,51.0,51.0,51.0
1790973656.1,rest,54.0,60.0,3100,4.85,594,0,53.0,51.0,2.0,52.0,52.0,53.0,53.0,53.0,53.0,51.0,51.0,51.0,51.0
1790973657.1,rest,53.0,60.0,3100,3.97,512,0,53.0,51.0,2.0,52.0,52.0,53.0,53.0,53.0,53.0,51.0,51.0,51.0,51.0
1790973658.1,rest,55.0,60.0,3100,4.38,456,0,53.0,51.0,2.0,52.0,52.0,53.0,53.0,53.0,53.0,51.0,51.0,51.0,51.0
1790973659.1,rest,54.0,60.0,3100,4.76,492,0,53.0,51.0,2.0,53.0,51.0,53.0,53.0,53.0,53.0,51.0,51.0,51.0,51.0
1790973660.1,rest,54.0,60.0,3100,4.35,500,0,53.0,51.0,2.0,52.0,52.0,53.0,53.0,53.0,53.0,51.0,51.0,51.0,51.0
1790973661.1,rest,53.0,60.0,3100,4.3,726,0,55.0,51.0,4.0,52.0,51.0,55.0,55.0,55.0,55.0,53.0,51.0,51.0,51.0
1790973662.2,rest,54.0,60.0,3100,6.72,481,0,54.0,51.0,3.0,52.0,52.0,54.0,54.0,53.0,53.0,51.0,51.0,51.0,51.0
1790973663.2,rest,53.0,60.0,3100,4.76,455,0,53.0,52.0,1.0,52.0,52.0,53.0,53.0,53.0,53.0,52.0,53.0,53.0,53.0
1790973664.2,rest,53.0,60.0,3100,4.81,444,0,53.0,51.0,2.0,52.0,52.0,53.0,53.0,53.0,53.0,51.0,51.0,51.0,51.0
1790973665.2,rest,54.0,60.0,3100,9.14,632,0,55.0,52.0,3.0,53.0,52.0,55.0,55.0,55.0,54.0,52.0,53.0,53.0,53.0
1790973666.2,rest,54.0,60.0,3100,4.78,529,0,53.0,51.0,2.0,53.0,52.0,53.0,53.0,53.0,53.0,51.0,53.0,51.0,51.0
1790973667.2,rest,54.0,60.0,3100,4.84,642,0,55.0,51.0,4.0,52.0,52.0,55.0,55.0,55.0,55.0,53.0,53.0,51.0,51.0
1790973668.3,rest,55.0,60.0,3100,5.36,493,0,53.0,50.0,3.0,52.0,52.0,53.0,53.0,53.0,53.0,51.0,50.0,50.0,50.0
1790973669.3,rest,54.0,60.0,3100,5.43,696,0,55.0,51.0,4.0,55.0,53.0,54.0,54.0,54.0,54.0,51.0,51.0,51.0,52.0
1790973670.3,rest,53.0,60.0,3100,4.28,558,0,53.0,51.0,2.0,53.0,51.0,53.0,53.0,53.0,53.0,51.0,52.0,52.0,52.0
1790973671.3,rest,54.0,60.0,3100,5.29,1862,0,56.0,51.0,5.0,56.0,51.0,54.0,54.0,54.0,54.0,51.0,51.0,51.0,51.0
1790973672.3,rest,53.0,60.0,3100,5.75,719,0,54.0,51.0,3.0,54.0,52.0,53.0,53.0,53.0,53.0,51.0,51.0,51.0,51.0
1790973673.3,rest,53.0,60.0,3100,4.97,793,0,54.0,51.0,3.0,54.0,52.0,53.0,53.0,53.0,53.0,51.0,51.0,51.0,51.0
1790973674.3,rest,53.0,60.0,3100,5.33,817,0,54.0,51.0,3.0,53.0,51.0,53.0,53.0,53.0,54.0,51.0,51.0,51.0,51.0
1790973675.4,rest,53.0,60.0,3100,4.28,511,0,53.0,50.0,3.0,52.0,51.0,53.0,53.0,53.0,53.0,51.0,50.0,50.0,50.0
1790973676.4,rest,53.0,60.0,3100,4.57,720,0,53.0,51.0,2.0,52.0,52.0,53.0,53.0,53.0,53.0,51.0,51.0,51.0,51.0
1790973677.4,rest,53.0,60.0,3100,4.08,547,0,53.0,50.0,3.0,53.0,50.0,53.0,53.0,53.0,53.0,51.0,51.0,51.0,51.0
1790973678.4,rest,53.0,60.0,3100,4.1,453,0,53.0,51.0,2.0,52.0,52.0,53.0,53.0,53.0,53.0,51.0,51.0,51.0,51.0
1790973679.4,rest,53.0,59.0,3100,4.12,463,0,53.0,51.0,2.0,51.0,51.0,53.0,53.0,53.0,53.0,51.0,51.0,51.0,51.0
1790973680.4,rest,53.0,59.0,3100,3.75,454,0,53.0,51.0,2.0,52.0,52.0,53.0,53.0,53.0,53.0,51.0,51.0,51.0,51.0
1790973681.4,rest,54.0,59.0,3100,3.9,457,0,53.0,50.0,3.0,52.0,51.0,53.0,53.0,53.0,53.0,50.0,50.0,50.0,50.0
1790973682.5,rest,53.0,59.0,3100,5.61,481,0,53.0,50.0,3.0,51.0,52.0,52.0,53.0,53.0,53.0,50.0,51.0,51.0,51.0
1790973683.5,rest,53.0,59.0,3100,4.05,553,0,53.0,50.0,3.0,52.0,52.0,53.0,52.0,52.0,52.0,50.0,51.0,51.0,51.0
1790973684.5,rest,53.0,59.0,3100,5.0,661,0,53.0,50.0,3.0,52.0,51.0,53.0,53.0,52.0,53.0,50.0,50.0,51.0,51.0
1790973685.5,rest,53.0,60.0,3100,8.86,1202,0,60.0,51.0,9.0,53.0,60.0,53.0,53.0,53.0,54.0,51.0,51.0,51.0,51.0
1790973686.5,rest,53.0,60.0,3100,4.4,497,0,53.0,51.0,2.0,52.0,52.0,53.0,53.0,53.0,53.0,51.0,51.0,51.0,51.0
1790973687.6,rest,53.0,60.0,3100,3.9,488,0,53.0,50.0,3.0,50.0,51.0,53.0,53.0,53.0,53.0,50.0,50.0,50.0,50.0
1790973688.6,rest,53.0,60.0,3100,3.66,493,0,53.0,51.0,2.0,51.0,51.0,53.0,53.0,52.0,52.0,51.0,51.0,51.0,51.0
1790973689.6,rest,53.0,60.0,3100,3.35,446,0,53.0,50.0,3.0,51.0,51.0,53.0,53.0,52.0,52.0,52.0,50.0,50.0,50.0
1790973690.6,rest,53.0,60.0,3100,3.39,452,0,53.0,51.0,2.0,51.0,51.0,53.0,53.0,52.0,52.0,51.0,51.0,51.0,51.0
1790973691.6,rest,53.0,59.0,3100,3.62,462,0,53.0,50.0,3.0,52.0,51.0,53.0,52.0,52.0,52.0,51.0,50.0,50.0,50.0
1790973692.6,rest,53.0,59.0,3100,3.82,522,0,53.0,50.0,3.0,51.0,50.0,53.0,53.0,53.0,53.0,50.0,50.0,51.0,51.0
1790973693.7,rest,53.0,59.0,3100,3.45,505,0,52.0,50.0,2.0,51.0,50.0,52.0,52.0,51.0,51.0,51.0,51.0,51.0,51.0
1790973694.7,rest,54.0,59.0,3100,3.64,636,0,53.0,51.0,2.0,51.0,51.0,53.0,53.0,53.0,53.0,51.0,52.0,52.0,52.0
1790973695.7,rest,53.0,59.0,3100,4.64,516,0,53.0,50.0,3.0,50.0,51.0,52.0,52.0,52.0,52.0,50.0,50.0,50.0,53.0
1790973696.7,rest,53.0,59.0,3100,4.25,721,0,53.0,50.0,3.0,51.0,51.0,53.0,53.0,53.0,53.0,50.0,50.0,50.0,50.0
1790973697.7,rest,52.0,59.0,3100,3.43,509,0,52.0,49.0,3.0,52.0,49.0,51.0,51.0,51.0,51.0,50.0,50.0,50.0,50.0
1790973698.7,rest,53.0,59.0,3100,3.77,799,0,52.0,49.0,3.0,52.0,49.0,52.0,52.0,52.0,52.0,50.0,50.0,50.0,50.0
1790973699.7,rest,52.0,59.0,3100,3.34,611,0,52.0,49.0,3.0,51.0,49.0,52.0,52.0,52.0,52.0,50.0,50.0,50.0,50.0
1790973700.8,rest,53.0,59.0,3100,3.2,464,0,52.0,49.0,3.0,49.0,51.0,52.0,52.0,52.0,51.0,50.0,50.0,50.0,50.0
1790973701.8,rest,51.0,59.0,3100,3.87,505,0,52.0,49.0,3.0,51.0,51.0,51.0,52.0,52.0,52.0,49.0,49.0,50.0,50.0
1790973702.8,rest,51.0,59.0,3100,3.62,482,0,52.0,49.0,3.0,50.0,49.0,52.0,52.0,52.0,52.0,50.0,49.0,49.0,49.0
1790973703.8,rest,53.0,59.0,3100,4.54,565,0,53.0,49.0,4.0,51.0,51.0,52.0,53.0,53.0,51.0,49.0,49.0,49.0,49.0
1790973704.8,rest,60.0,59.0,3100,8.09,1021,0,59.0,55.0,4.0,59.0,55.0,57.0,57.0,57.0,57.0,57.0,57.0,57.0,57.0
1790973705.8,rest,52.0,59.0,3100,4.01,490,0,52.0,49.0,3.0,52.0,49.0,52.0,52.0,52.0,52.0,49.0,49.0,49.0,51.0
1790973706.9,rest,51.0,59.0,3100,3.52,435,0,53.0,50.0,3.0,51.0,50.0,52.0,53.0,53.0,52.0,50.0,50.0,50.0,50.0
1790973707.9,rest,51.0,59.0,3100,3.8,468,0,52.0,50.0,2.0,51.0,52.0,51.0,51.0,51.0,51.0,50.0,50.0,50.0,50.0
1790973708.9,rest,52.0,59.0,3100,3.57,463,0,53.0,49.0,4.0,50.0,49.0,53.0,53.0,52.0,52.0,50.0,50.0,50.0,50.0
1790973709.9,rest,51.0,59.0,3100,3.33,497,0,52.0,49.0,3.0,50.0,49.0,52.0,52.0,51.0,51.0,49.0,50.0,49.0,49.0
1790973710.9,rest,51.0,59.0,3100,3.49,462,0,52.0,49.0,3.0,49.0,51.0,51.0,51.0,52.0,52.0,49.0,49.0,49.0,49.0
1790973711.9,rest,52.0,58.0,3100,3.28,518,0,52.0,47.0,5.0,51.0,47.0,51.0,51.0,52.0,52.0,50.0,49.0,49.0,49.0
1790973713.0,rest,52.0,58.0,3100,3.32,496,0,52.0,50.0,2.0,51.0,51.0,52.0,52.0,52.0,52.0,50.0,50.0,50.0,50.0
1790973714.0,rest,51.0,58.0,3100,3.93,504,0,52.0,49.0,3.0,50.0,49.0,51.0,52.0,52.0,51.0,50.0,50.0,50.0,50.0
1790973715.0,rest,51.0,58.0,3100,3.55,499,0,52.0,49.0,3.0,51.0,49.0,52.0,52.0,52.0,52.0,50.0,50.0,50.0,50.0
1790973716.0,rest,52.0,58.0,3100,3.79,496,0,52.0,49.0,3.0,50.0,49.0,52.0,52.0,52.0,52.0,50.0,50.0,50.0,50.0
1790973717.0,rest,51.0,58.0,3100,3.31,425,0,51.0,49.0,2.0,49.0,51.0,51.0,51.0,51.0,51.0,49.0,50.0,50.0,50.0
1790973718.1,rest,51.0,58.0,3100,3.13,455,0,52.0,49.0,3.0,49.0,51.0,51.0,51.0,52.0,52.0,49.0,49.0,49.0,49.0
1790973719.1,rest,52.0,58.0,3100,3.5,505,0,51.0,49.0,2.0,51.0,49.0,51.0,51.0,51.0,51.0,49.0,49.0,49.0,49.0
1790973720.1,rest,51.0,58.0,3100,3.57,478,0,53.0,49.0,4.0,49.0,49.0,53.0,53.0,53.0,53.0,49.0,49.0,50.0,50.0
1790973721.1,rest,52.0,58.0,3100,3.19,479,0,51.0,49.0,2.0,50.0,51.0,51.0,51.0,51.0,51.0,49.0,50.0,50.0,50.0
1790973722.1,rest,51.0,58.0,3100,4.07,417,0,52.0,50.0,2.0,51.0,51.0,52.0,52.0,51.0,51.0,50.0,50.0,50.0,50.0
1790973723.1,rest,51.0,58.0,3100,4.1,502,0,51.0,49.0,2.0,51.0,49.0,51.0,51.0,51.0,51.0,49.0,49.0,49.0,49.0
1790973724.2,rest,51.0,58.0,3100,4.18,547,0,51.0,49.0,2.0,50.0,49.0,51.0,51.0,51.0,51.0,50.0,50.0,50.0,50.0
1790973725.2,rest,52.0,57.0,3100,9.1,559,0,53.0,50.0,3.0,51.0,51.0,53.0,53.0,53.0,53.0,50.0,50.0,50.0,50.0
1790973726.2,rest,51.0,58.0,3100,4.26,475,0,53.0,48.0,5.0,51.0,49.0,52.0,52.0,53.0,53.0,49.0,49.0,49.0,48.0
1790973727.2,rest,51.0,58.0,3100,4.06,456,0,52.0,49.0,3.0,51.0,49.0,52.0,52.0,52.0,52.0,50.0,49.0,49.0,49.0
1790973728.2,rest,52.0,58.0,3100,4.41,443,0,53.0,49.0,4.0,50.0,49.0,52.0,53.0,53.0,52.0,49.0,49.0,49.0,49.0
1790973729.2,rest,51.0,58.0,3100,3.47,868,0,53.0,47.0,6.0,51.0,47.0,53.0,53.0,53.0,53.0,48.0,48.0,48.0,48.0
1790973730.3,rest,53.0,58.0,3100,3.97,685,0,52.0,49.0,3.0,51.0,49.0,52.0,52.0,52.0,52.0,50.0,50.0,50.0,50.0
1790973731.3,rest,51.0,58.0,3100,4.1,454,0,52.0,49.0,3.0,50.0,49.0,52.0,52.0,52.0,52.0,49.0,49.0,50.0,50.0
1790973732.3,rest,51.0,58.0,3100,3.99,525,0,53.0,49.0,4.0,51.0,49.0,53.0,53.0,52.0,52.0,49.0,49.0,49.0,49.0
1790973733.3,rest,51.0,58.0,3100,4.22,563,0,51.0,49.0,2.0,50.0,49.0,51.0,51.0,51.0,51.0,49.0,49.0,49.0,49.0
1790973734.3,rest,51.0,57.0,3100,3.76,440,0,51.0,49.0,2.0,50.0,49.0,51.0,51.0,51.0,51.0,49.0,49.0,49.0,49.0
1790973735.3,rest,51.0,57.0,3100,3.61,772,0,51.0,49.0,2.0,51.0,49.0,51.0,51.0,51.0,51.0,50.0,50.0,50.0,50.0
1790973736.4,rest,51.0,57.0,3100,4.58,485,0,52.0,49.0,3.0,50.0,49.0,52.0,52.0,51.0,51.0,49.0,49.0,49.0,49.0
1790973737.4,rest,52.0,57.0,3100,5.37,512,0,52.0,49.0,3.0,51.0,49.0,52.0,52.0,52.0,52.0,50.0,50.0,50.0,49.0
1790973738.4,rest,52.0,57.0,3100,4.24,557,0,51.0,49.0,2.0,51.0,49.0,51.0,51.0,51.0,51.0,49.0,49.0,49.0,49.0
1790973739.4,rest,51.0,57.0,3100,4.29,502,0,52.0,49.0,3.0,49.0,49.0,52.0,51.0,51.0,51.0,49.0,49.0,49.0,49.0
1790973740.4,rest,51.0,57.0,3100,4.56,455,0,52.0,49.0,3.0,51.0,49.0,52.0,51.0,51.0,51.0,50.0,50.0,50.0,50.0
1790973741.4,rest,51.0,57.0,3100,4.36,530,0,52.0,49.0,3.0,51.0,49.0,51.0,52.0,52.0,52.0,50.0,50.0,50.0,50.0
1790973742.5,rest,51.0,58.0,3100,4.55,552,0,52.0,49.0,3.0,51.0,49.0,52.0,51.0,51.0,51.0,49.0,49.0,49.0,49.0
1790973743.5,rest,51.0,57.0,3100,3.76,498,0,51.0,48.0,3.0,49.0,51.0,51.0,51.0,51.0,51.0,49.0,49.0,49.0,48.0
1790973744.5,rest,51.0,57.0,3100,3.59,508,0,51.0,48.0,3.0,50.0,48.0,51.0,51.0,51.0,51.0,50.0,49.0,49.0,49.0
1790973745.5,rest,51.0,57.0,3100,8.55,426,0,52.0,49.0,3.0,50.0,49.0,51.0,51.0,52.0,52.0,50.0,50.0,50.0,50.0
1790973746.5,rest,51.0,57.0,3100,4.72,765,0,51.0,49.0,2.0,51.0,49.0,51.0,51.0,51.0,51.0,50.0,50.0,50.0,50.0
1790973747.5,rest,51.0,57.0,3100,3.79,686,0,51.0,48.0,3.0,48.0,48.0,51.0,51.0,51.0,51.0,49.0,49.0,49.0,49.0
1790973748.6,rest,51.0,57.0,3100,5.34,549,0,51.0,49.0,2.0,50.0,49.0,51.0,51.0,51.0,51.0,50.0,50.0,50.0,50.0
1790973749.6,rest,50.0,57.0,3100,3.64,497,0,51.0,49.0,2.0,50.0,51.0,51.0,51.0,51.0,51.0,50.0,50.0,49.0,49.0
1790973750.6,rest,51.0,57.0,3100,3.48,618,0,51.0,49.0,2.0,50.0,49.0,51.0,51.0,51.0,51.0,50.0,50.0,50.0,50.0
1790973751.6,rest,51.0,57.0,3100,3.77,643,0,52.0,48.0,4.0,48.0,49.0,52.0,52.0,52.0,51.0,48.0,48.0,49.0,49.0
1790973752.6,rest,51.0,57.0,3100,3.76,544,0,51.0,49.0,2.0,50.0,49.0,51.0,51.0,51.0,51.0,49.0,49.0,49.0,49.0
1790973753.6,rest,51.0,57.0,3100,3.54,434,0,51.0,48.0,3.0,50.0,49.0,51.0,51.0,49.0,49.0,48.0,48.0,48.0,48.0
1790973754.7,rest,49.0,57.0,3100,3.37,443,0,51.0,49.0,2.0,50.0,51.0,51.0,51.0,51.0,51.0,49.0,49.0,49.0,49.0
1790973755.7,rest,51.0,57.0,3100,3.81,436,0,51.0,47.0,4.0,47.0,49.0,50.0,51.0,51.0,51.0,48.0,48.0,48.0,48.0
1790973756.7,rest,51.0,57.0,3100,4.05,467,0,51.0,49.0,2.0,50.0,49.0,49.0,51.0,51.0,51.0,49.0,49.0,49.0,49.0
1790973757.7,rest,51.0,57.0,3100,3.24,504,0,51.0,49.0,2.0,49.0,49.0,51.0,51.0,50.0,51.0,49.0,49.0,49.0,49.0
1790973758.7,rest,51.0,57.0,3000,3.85,469,0,51.0,48.0,3.0,49.0,51.0,51.0,51.0,51.0,51.0,48.0,48.0,48.0,48.0
1790973759.7,rest,51.0,57.0,2700,3.46,832,0,51.0,48.0,3.0,48.0,49.0,51.0,51.0,51.0,51.0,48.0,48.0,48.0,48.0
1790973760.8,rest,51.0,57.0,2800,3.37,545,0,51.0,48.0,3.0,48.0,49.0,51.0,51.0,51.0,51.0,48.0,48.0,48.0,48.0
1790973761.8,rest,51.0,57.0,2800,3.21,492,0,51.0,47.0,4.0,49.0,48.0,51.0,51.0,51.0,51.0,48.0,48.0,48.0,47.0
1790973762.8,rest,51.0,57.0,2800,3.32,480,0,51.0,47.0,4.0,48.0,48.0,51.0,51.0,51.0,51.0,47.0,47.0,47.0,49.0
1790973763.8,rest,51.0,57.0,2800,4.11,446,0,51.0,48.0,3.0,50.0,48.0,51.0,51.0,51.0,51.0,48.0,48.0,48.0,48.0
1790973764.8,rest,53.0,57.0,2800,7.9,447,0,55.0,52.0,3.0,52.0,53.0,55.0,55.0,55.0,55.0,52.0,52.0,52.0,52.0
1790973765.8,rest,51.0,57.0,2800,3.93,492,0,51.0,49.0,2.0,49.0,49.0,51.0,51.0,51.0,51.0,49.0,49.0,49.0,49.0
1790973766.9,rest,51.0,57.0,2800,3.39,686,0,53.0,48.0,5.0,51.0,53.0,51.0,51.0,50.0,50.0,48.0,48.0,48.0,48.0
1790973767.9,rest,51.0,57.0,2800,3.36,514,0,52.0,48.0,4.0,50.0,48.0,51.0,51.0,52.0,52.0,49.0,49.0,49.0,49.0
1790973768.9,rest,50.0,57.0,2800,4.15,466,0,51.0,48.0,3.0,48.0,48.0,51.0,51.0,51.0,51.0,48.0,48.0,49.0,49.0
1790973769.9,rest,50.0,57.0,2800,3.41,480,0,51.0,48.0,3.0,48.0,48.0,51.0,49.0,51.0,51.0,48.0,48.0,48.0,48.0
1790973770.9,rest,51.0,57.0,2800,3.54,486,0,51.0,49.0,2.0,49.0,51.0,51.0,51.0,51.0,51.0,49.0,49.0,49.0,49.0
1790973771.9,rest,51.0,57.0,2800,3.35,458,0,51.0,48.0,3.0,50.0,48.0,51.0,51.0,51.0,51.0,48.0,48.0,48.0,49.0
1790973773.0,rest,51.0,57.0,2800,3.31,487,0,50.0,47.0,3.0,49.0,48.0,49.0,50.0,50.0,50.0,47.0,48.0,48.0,48.0
1790973774.0,rest,51.0,57.0,2800,3.56,442,0,51.0,47.0,4.0,48.0,49.0,49.0,51.0,51.0,50.0,47.0,47.0,47.0,47.0
1790973775.0,rest,50.0,57.0,2800,3.19,502,0,51.0,46.0,5.0,48.0,46.0,51.0,51.0,51.0,51.0,47.0,47.0,47.0,47.0
1790973776.0,rest,51.0,57.0,2800,4.58,713,0,51.0,46.0,5.0,48.0,46.0,51.0,51.0,51.0,51.0,47.0,47.0,49.0,49.0
1790973777.0,rest,51.0,57.0,2800,3.81,497,0,50.0,47.0,3.0,48.0,48.0,50.0,50.0,50.0,50.0,47.0,48.0,48.0,49.0
1790973778.1,rest,51.0,57.0,2800,4.08,567,0,51.0,49.0,2.0,50.0,49.0,51.0,51.0,51.0,51.0,49.0,49.0,49.0,49.0
1790973779.1,rest,51.0,57.0,2800,4.33,711,0,51.0,49.0,2.0,50.0,49.0,51.0,51.0,51.0,51.0,49.0,49.0,49.0,49.0
1790973780.1,rest,52.0,57.0,2800,4.37,469,0,51.0,47.0,4.0,49.0,49.0,51.0,51.0,51.0,51.0,47.0,47.0,47.0,47.0
1790973781.1,rest,50.0,57.0,2800,3.66,608,0,51.0,47.0,4.0,49.0,49.0,51.0,51.0,51.0,51.0,47.0,47.0,47.0,47.0
1790973782.1,rest,49.0,57.0,2800,3.85,453,0,49.0,47.0,2.0,48.0,48.0,49.0,49.0,49.0,49.0,49.0,47.0,47.0,47.0
1790973783.1,rest,51.0,57.0,2800,3.72,538,0,51.0,47.0,4.0,49.0,49.0,51.0,51.0,51.0,51.0,47.0,47.0,48.0,48.0
1790973784.2,rest,50.0,57.0,2800,3.96,668,0,51.0,48.0,3.0,49.0,48.0,51.0,51.0,51.0,51.0,48.0,48.0,48.0,48.0
1790973785.2,rest,51.0,57.0,2800,9.06,483,0,51.0,49.0,2.0,49.0,49.0,51.0,51.0,51.0,51.0,49.0,49.0,49.0,49.0
1790973786.2,rest,50.0,57.0,2800,4.12,433,0,51.0,47.0,4.0,48.0,49.0,51.0,51.0,51.0,51.0,47.0,47.0,47.0,47.0
1790973787.2,rest,51.0,57.0,2800,3.94,508,0,51.0,47.0,4.0,49.0,47.0,51.0,51.0,51.0,51.0,48.0,48.0,47.0,47.0
1790973788.2,rest,51.0,57.0,2800,4.73,496,0,51.0,47.0,4.0,49.0,48.0,51.0,51.0,51.0,51.0,47.0,48.0,48.0,48.0
1790973789.2,rest,50.0,57.0,2800,3.73,509,0,51.0,47.0,4.0,48.0,49.0,51.0,51.0,51.0,51.0,47.0,47.0,47.0,47.0
1790973790.3,rest,51.0,57.0,2800,4.29,755,0,51.0,47.0,4.0,49.0,49.0,51.0,51.0,51.0,51.0,48.0,48.0,47.0,47.0
1790973791.3,rest,51.0,57.0,2800,4.14,823,0,52.0,47.0,5.0,50.0,49.0,51.0,51.0,52.0,52.0,48.0,47.0,47.0,47.0
1790973792.3,rest,51.0,57.0,2800,3.8,470,0,51.0,48.0,3.0,50.0,49.0,51.0,51.0,51.0,51.0,48.0,48.0,48.0,48.0
1790973793.3,rest,51.0,57.0,2800,3.61,479,0,51.0,47.0,4.0,47.0,48.0,51.0,51.0,51.0,51.0,48.0,48.0,47.0,47.0
1790973794.3,rest,51.0,57.0,2800,4.72,472,0,51.0,48.0,3.0,50.0,48.0,51.0,51.0,51.0,51.0,48.0,48.0,48.0,48.0
1790973795.3,rest,50.0,57.0,2800,4.05,499,0,51.0,47.0,4.0,50.0,48.0,51.0,50.0,50.0,51.0,47.0,47.0,47.0,47.0
1790973796.4,rest,51.0,57.0,2800,4.69,465,0,51.0,47.0,4.0,48.0,47.0,51.0,51.0,51.0,51.0,48.0,48.0,48.0,47.0
1790973797.4,rest,51.0,57.0,2800,4.9,519,0,50.0,47.0,3.0,49.0,49.0,49.0,49.0,50.0,50.0,47.0,47.0,47.0,47.0
1790973798.4,rest,50.0,57.0,2800,4.38,527,0,51.0,46.0,5.0,49.0,46.0,51.0,50.0,50.0,50.0,47.0,47.0,47.0,47.0
1790973799.4,rest,50.0,57.0,2800,3.83,420,0,51.0,47.0,4.0,48.0,49.0,51.0,50.0,50.0,50.0,47.0,47.0,47.0,47.0
1790973800.4,rest,51.0,57.0,2800,3.82,504,0,50.0,48.0,2.0,48.0,48.0,49.0,49.0,50.0,50.0,49.0,48.0,48.0,48.0
1790973801.4,rest,49.0,57.0,2800,3.83,464,0,51.0,48.0,3.0,48.0,48.0,51.0,49.0,49.0,49.0,48.0,48.0,48.0,49.0
1790973802.5,rest,51.0,57.0,2800,4.17,446,0,51.0,47.0,4.0,48.0,48.0,51.0,51.0,51.0,51.0,47.0,47.0,47.0,47.0
1790973803.5,rest,49.0,57.0,2800,4.19,592,0,52.0,47.0,5.0,48.0,49.0,52.0,49.0,49.0,49.0,49.0,49.0,47.0,47.0
1790973804.5,rest,50.0,57.0,2800,3.73,499,0,50.0,47.0,3.0,49.0,48.0,50.0,50.0,49.0,49.0,47.0,47.0,47.0,47.0
1790973805.5,rest,51.0,57.0,2800,8.52,731,0,51.0,49.0,2.0,50.0,49.0,51.0,51.0,51.0,51.0,49.0,49.0,49.0,49.0
1790973806.5,rest,49.0,57.0,2800,4.45,495,0,51.0,48.0,3.0,48.0,48.0,50.0,50.0,51.0,51.0,48.0,48.0,48.0,48.0
1790973807.5,rest,51.0,57.0,2800,3.95,508,0,51.0,47.0,4.0,49.0,49.0,49.0,49.0,51.0,51.0,47.0,47.0,47.0,49.0
1790973808.6,rest,50.0,57.0,2800,4.39,433,0,51.0,48.0,3.0,48.0,48.0,51.0,51.0,51.0,51.0,49.0,48.0,48.0,48.0
1790973809.6,rest,51.0,57.0,2800,4.03,485,0,50.0,47.0,3.0,50.0,47.0,50.0,50.0,50.0,50.0,47.0,47.0,47.0,47.0
1790973810.6,rest,49.0,57.0,2800,3.92,571,0,51.0,47.0,4.0,48.0,47.0,49.0,51.0,51.0,49.0,47.0,47.0,47.0,47.0
1790973811.6,rest,49.0,57.0,2800,4.18,1000,0,51.0,47.0,4.0,48.0,47.0,51.0,51.0,51.0,51.0,47.0,47.0,47.0,47.0
1790973812.6,rest,49.0,57.0,2800,4.24,700,0,51.0,47.0,4.0,49.0,48.0,51.0,51.0,51.0,51.0,47.0,47.0,47.0,47.0
1790973813.6,rest,50.0,57.0,2800,3.91,505,0,51.0,47.0,4.0,48.0,48.0,50.0,50.0,51.0,51.0,47.0,48.0,48.0,48.0
1790973814.7,rest,49.0,57.0,2800,3.61,515,0,51.0,48.0,3.0,48.0,48.0,51.0,49.0,49.0,49.0,48.0,48.0,48.0,48.0
1790973815.7,rest,51.0,56.0,2800,4.18,478,0,49.0,48.0,1.0,49.0,48.0,49.0,49.0,49.0,49.0,48.0,48.0,48.0,48.0
1790973816.7,rest,50.0,56.0,2800,4.6,484,0,51.0,47.0,4.0,48.0,48.0,51.0,51.0,51.0,51.0,47.0,47.0,47.0,47.0
1790973817.7,rest,49.0,56.0,2800,3.58,576,0,50.0,47.0,3.0,48.0,47.0,50.0,50.0,48.0,48.0,47.0,47.0,47.0,47.0
1790973818.7,rest,50.0,56.0,2800,4.29,438,0,51.0,47.0,4.0,48.0,48.0,51.0,51.0,51.0,51.0,47.0,47.0,48.0,48.0
1790973819.8,rest,49.0,56.0,2800,4.48,515,0,50.0,47.0,3.0,50.0,47.0,49.0,49.0,49.0,49.0,47.0,47.0,47.0,47.0
1790973820.8,rest,49.0,56.0,2800,4.16,561,0,51.0,48.0,3.0,48.0,49.0,51.0,51.0,51.0,51.0,48.0,48.0,48.0,48.0
1790973821.8,rest,49.0,56.0,2800,4.01,459,0,49.0,48.0,1.0,48.0,48.0,49.0,49.0,49.0,49.0,48.0,48.0,48.0,48.0
1790973822.8,rest,50.0,56.0,2800,3.83,911,0,49.0,48.0,1.0,48.0,48.0,49.0,49.0,49.0,49.0,49.0,49.0,49.0,49.0
1790973823.8,rest,49.0,56.0,2800,4.49,620,0,49.0,47.0,2.0,47.0,48.0,49.0,49.0,49.0,48.0,48.0,48.0,48.0,48.0
1790973824.8,rest,56.0,56.0,2800,8.73,712,0,55.0,53.0,2.0,53.0,53.0,55.0,55.0,55.0,55.0,54.0,54.0,54.0,54.0
1790973825.8,rest,51.0,56.0,2800,6.9,682,0,52.0,48.0,4.0,49.0,49.0,51.0,51.0,52.0,52.0,50.0,48.0,48.0,48.0
1790973826.9,rest,52.0,57.0,2800,6.18,929,0,54.0,49.0,5.0,54.0,51.0,51.0,51.0,51.0,52.0,49.0,49.0,49.0,49.0
1790973827.9,rest,51.0,57.0,2800,6.9,757,0,51.0,49.0,2.0,51.0,51.0,51.0,51.0,51.0,51.0,49.0,49.0,49.0,49.0
1790973828.9,rest,50.0,57.0,2800,4.95,668,0,51.0,47.0,4.0,49.0,47.0,49.0,51.0,51.0,51.0,47.0,47.0,47.0,47.0
1790973829.9,rest,49.0,58.0,2800,4.87,664,0,51.0,47.0,4.0,47.0,48.0,51.0,51.0,51.0,51.0,48.0,49.0,49.0,49.0
1790973830.9,rest,50.0,58.0,2800,4.94,671,0,51.0,47.0,4.0,49.0,49.0,51.0,51.0,51.0,51.0,47.0,49.0,49.0,49.0
1790973831.9,rest,51.0,57.0,2800,4.93,589,0,51.0,47.0,4.0,50.0,49.0,50.0,50.0,51.0,51.0,47.0,47.0,47.0,47.0
1790973832.9,rest,50.0,57.0,2800,4.25,504,0,50.0,47.0,3.0,49.0,48.0,50.0,50.0,50.0,50.0,47.0,47.0,47.0,47.0
1790973834.0,rest,49.0,57.0,2800,4.52,500,0,51.0,47.0,4.0,49.0,48.0,51.0,51.0,51.0,51.0,47.0,47.0,47.0,47.0
1790973835.0,rest,50.0,57.0,2800,4.98,484,0,51.0,47.0,4.0,49.0,47.0,50.0,50.0,50.0,51.0,48.0,48.0,48.0,48.0
1790973836.0,rest,51.0,57.0,2800,6.25,460,0,51.0,48.0,3.0,51.0,48.0,50.0,50.0,50.0,50.0,48.0,48.0,48.0,48.0
1790973837.0,rest,51.0,57.0,2800,6.01,718,0,51.0,48.0,3.0,51.0,48.0,51.0,51.0,51.0,51.0,49.0,49.0,49.0,49.0
1790973838.0,rest,50.0,57.0,2800,5.25,636,0,51.0,47.0,4.0,49.0,49.0,51.0,51.0,51.0,51.0,47.0,47.0,47.0,47.0
1790973839.0,rest,83.0,57.0,2800,8.56,1758,0,72.0,51.0,21.0,72.0,55.0,65.0,65.0,65.0,65.0,51.0,51.0,51.0,51.0
1790973840.0,rest,51.0,57.0,2800,7.24,494,0,51.0,47.0,4.0,51.0,49.0,49.0,51.0,51.0,51.0,48.0,48.0,47.0,47.0
1790973841.1,rest,51.0,57.0,2800,5.74,627,0,51.0,47.0,4.0,50.0,49.0,51.0,51.0,51.0,51.0,47.0,47.0,47.0,47.0
1790973842.1,rest,51.0,57.0,2800,5.35,660,0,51.0,47.0,4.0,49.0,49.0,51.0,51.0,51.0,51.0,49.0,47.0,47.0,47.0
1790973843.1,rest,51.0,57.0,2800,6.66,632,0,50.0,49.0,1.0,50.0,49.0,49.0,49.0,49.0,49.0,49.0,49.0,49.0,49.0
1790973844.1,rest,51.0,57.0,2800,6.15,802,0,51.0,49.0,2.0,49.0,49.0,51.0,51.0,51.0,51.0,50.0,49.0,49.0,49.0
1790973845.1,rest,53.0,58.0,2800,10.81,1001,0,53.0,49.0,4.0,51.0,49.0,53.0,53.0,53.0,53.0,51.0,51.0,51.0,51.0
1790973846.1,rest,51.0,58.0,2800,9.42,477,0,51.0,49.0,2.0,49.0,49.0,51.0,51.0,51.0,51.0,50.0,50.0,49.0,49.0
1790973847.2,rest,51.0,58.0,2800,4.29,460,0,51.0,49.0,2.0,49.0,49.0,51.0,51.0,51.0,51.0,49.0,49.0,49.0,49.0
1790973848.2,rest,51.0,58.0,2800,4.29,468,0,51.0,48.0,3.0,49.0,49.0,51.0,51.0,51.0,51.0,48.0,48.0,48.0,48.0
1790973849.2,rest,49.0,58.0,2800,3.99,464,0,51.0,48.0,3.0,50.0,48.0,51.0,51.0,51.0,50.0,49.0,48.0,48.0,48.0
1790973850.2,rest,51.0,58.0,2800,3.58,475,0,51.0,47.0,4.0,50.0,49.0,50.0,50.0,51.0,51.0,47.0,47.0,47.0,47.0
1790973851.2,rest,51.0,57.0,2800,3.54,468,0,51.0,47.0,4.0,49.0,49.0,51.0,51.0,51.0,51.0,48.0,48.0,47.0,47.0
1790973852.2,rest,51.0,57.0,2800,4.9,585,0,51.0,48.0,3.0,50.0,48.0,51.0,51.0,51.0,51.0,49.0,49.0,49.0,49.0
1790973853.3,rest,50.0,57.0,2800,3.74,628,0,51.0,47.0,4.0,50.0,49.0,51.0,51.0,51.0,51.0,47.0,47.0,47.0,47.0
1790973854.3,rest,51.0,57.0,2800,4.98,460,0,50.0,47.0,3.0,50.0,49.0,50.0,50.0,50.0,49.0,47.0,47.0,47.0,47.0
1790973855.3,rest,50.0,57.0,2800,4.3,427,0,49.0,47.0,2.0,49.0,49.0,49.0,49.0,49.0,49.0,47.0,47.0,47.0,47.0
1790973856.3,rest,51.0,57.0,2800,6.32,737,0,52.0,48.0,4.0,48.0,49.0,52.0,51.0,51.0,51.0,48.0,49.0,49.0,49.0
1790973857.3,rest,51.0,57.0,2800,6.1,931,0,51.0,49.0,2.0,50.0,49.0,51.0,51.0,51.0,51.0,49.0,49.0,49.0,49.0
1790973858.4,rest,51.0,57.0,2800,5.18,798,0,51.0,47.0,4.0,49.0,48.0,51.0,51.0,51.0,51.0,47.0,47.0,47.0,47.0
1790973859.4,rest,51.0,57.0,2800,5.32,708,0,51.0,46.0,5.0,50.0,46.0,51.0,51.0,51.0,51.0,48.0,47.0,47.0,47.0
1790973860.4,rest,50.0,57.0,2800,3.81,450,0,51.0,48.0,3.0,48.0,48.0,49.0,51.0,51.0,51.0,48.0,48.0,48.0,48.0
1790973861.4,rest,51.0,57.0,2800,3.62,448,0,51.0,47.0,4.0,50.0,49.0,50.0,50.0,49.0,51.0,47.0,47.0,47.0,47.0
1790973862.4,rest,50.0,57.0,2800,3.9,431,0,51.0,46.0,5.0,48.0,46.0,50.0,51.0,51.0,51.0,47.0,47.0,47.0,47.0
1790973863.4,rest,50.0,57.0,2800,3.36,434,0,49.0,47.0,2.0,49.0,48.0,49.0,49.0,49.0,49.0,47.0,47.0,47.0,47.0
1790973864.5,rest,50.0,57.0,2800,3.44,497,0,51.0,47.0,4.0,50.0,48.0,51.0,51.0,51.0,51.0,47.0,47.0,47.0,47.0
1790973865.5,rest,50.0,57.0,2800,8.31,522,0,51.0,46.0,5.0,49.0,46.0,51.0,51.0,51.0,51.0,47.0,49.0,49.0,49.0
1790973866.5,rest,49.0,57.0,2800,4.25,515,0,51.0,47.0,4.0,50.0,47.0,51.0,51.0,51.0,51.0,48.0,47.0,47.0,47.0
1790973867.5,rest,51.0,57.0,2800,3.53,468,0,50.0,47.0,3.0,50.0,48.0,49.0,50.0,50.0,49.0,47.0,47.0,47.0,47.0
1790973868.5,rest,51.0,57.0,2800,4.23,467,0,50.0,47.0,3.0,49.0,47.0,50.0,50.0,50.0,50.0,47.0,47.0,47.0,47.0
1790973869.5,rest,49.0,57.0,2800,3.34,479,0,51.0,47.0,4.0,48.0,47.0,51.0,49.0,49.0,49.0,48.0,48.0,48.0,48.0
1790973870.6,rest,49.0,57.0,2800,4.19,1050,0,51.0,46.0,5.0,49.0,46.0,51.0,51.0,51.0,51.0,47.0,47.0,47.0,47.0
1790973871.6,rest,51.0,56.0,2800,5.58,1029,0,51.0,46.0,5.0,50.0,46.0,51.0,51.0,51.0,51.0,47.0,47.0,47.0,47.0
1790973872.6,rest,49.0,56.0,2800,4.93,588,0,50.0,47.0,3.0,50.0,48.0,48.0,48.0,49.0,49.0,47.0,47.0,47.0,47.0
1790973873.6,rest,51.0,56.0,2800,3.53,502,0,51.0,46.0,5.0,49.0,48.0,51.0,51.0,51.0,51.0,47.0,46.0,46.0,46.0
1790973874.6,rest,51.0,56.0,2800,3.72,638,0,51.0,47.0,4.0,47.0,47.0,49.0,51.0,49.0,49.0,47.0,47.0,47.0,47.0
1790973875.6,rest,51.0,56.0,2800,4.24,477,0,51.0,47.0,4.0,49.0,48.0,51.0,51.0,51.0,51.0,47.0,47.0,47.0,47.0
1790973876.7,rest,51.0,56.0,2800,4.21,750,0,51.0,47.0,4.0,49.0,48.0,51.0,49.0,49.0,49.0,47.0,47.0,47.0,47.0
1790973877.7,rest,51.0,56.0,2800,3.89,459,0,50.0,47.0,3.0,50.0,48.0,48.0,48.0,50.0,49.0,47.0,47.0,47.0,47.0
1790973878.7,rest,49.0,56.0,2800,3.76,430,0,49.0,47.0,2.0,48.0,47.0,49.0,49.0,49.0,49.0,47.0,47.0,47.0,47.0
1790973879.7,rest,49.0,56.0,2800,3.58,516,0,49.0,46.0,3.0,49.0,47.0,48.0,48.0,49.0,49.0,46.0,47.0,47.0,47.0
1790973880.7,rest,49.0,56.0,2800,3.35,465,0,49.0,47.0,2.0,48.0,47.0,49.0,49.0,49.0,49.0,47.0,47.0,47.0,47.0
1790973881.7,rest,50.0,56.0,2800,4.67,955,0,51.0,47.0,4.0,49.0,47.0,50.0,50.0,50.0,51.0,47.0,47.0,47.0,47.0
1790973882.8,rest,50.0,56.0,2800,4.26,443,0,49.0,47.0,2.0,48.0,47.0,49.0,49.0,49.0,49.0,47.0,47.0,47.0,47.0
1790973883.8,rest,49.0,56.0,2800,4.33,692,0,51.0,47.0,4.0,48.0,47.0,51.0,51.0,51.0,51.0,47.0,47.0,47.0,47.0
1790973884.8,rest,56.0,56.0,2800,8.44,2006,0,58.0,51.0,7.0,58.0,51.0,57.0,57.0,56.0,56.0,52.0,52.0,52.0,52.0
1790973885.8,rest,51.0,56.0,2800,5.09,615,0,50.0,47.0,3.0,50.0,48.0,49.0,49.0,50.0,50.0,48.0,48.0,48.0,47.0
1790973886.8,rest,49.0,56.0,2800,3.85,505,0,50.0,47.0,3.0,48.0,47.0,49.0,49.0,50.0,50.0,47.0,47.0,47.0,47.0
1790973887.8,rest,50.0,56.0,2800,3.87,891,0,51.0,47.0,4.0,48.0,47.0,51.0,49.0,49.0,49.0,48.0,48.0,47.0,47.0
1790973888.8,rest,49.0,56.0,2800,3.73,466,0,49.0,47.0,2.0,48.0,48.0,49.0,49.0,49.0,49.0,47.0,47.0,47.0,47.0
1790973889.9,rest,49.0,56.0,2800,3.31,472,0,49.0,47.0,2.0,48.0,47.0,49.0,49.0,49.0,49.0,47.0,47.0,47.0,47.0
1790973890.9,rest,49.0,56.0,2800,3.25,433,0,49.0,47.0,2.0,47.0,47.0,48.0,48.0,49.0,48.0,47.0,47.0,47.0,47.0
1790973891.9,rest,49.0,56.0,2800,3.76,448,0,49.0,46.0,3.0,49.0,47.0,48.0,48.0,49.0,49.0,46.0,47.0,47.0,47.0
1790973892.9,rest,49.0,56.0,2800,3.41,460,0,49.0,47.0,2.0,48.0,47.0,49.0,49.0,49.0,49.0,47.0,47.0,47.0,47.0
1790973893.9,rest,49.0,56.0,2800,4.49,592,0,49.0,47.0,2.0,49.0,47.0,48.0,48.0,48.0,48.0,47.0,47.0,47.0,47.0
1790973895.0,rest,49.0,56.0,2800,5.39,471,0,49.0,47.0,2.0,49.0,48.0,49.0,49.0,49.0,49.0,47.0,47.0,47.0,47.0
1790973896.0,rest,49.0,56.0,2800,4.3,427,0,48.0,47.0,1.0,48.0,47.0,48.0,48.0,48.0,48.0,47.0,47.0,47.0,47.0
1790973897.0,rest,49.0,56.0,2800,5.35,433,0,49.0,47.0,2.0,48.0,48.0,49.0,49.0,49.0,49.0,47.0,47.0,47.0,47.0
1790973898.0,rest,49.0,56.0,2800,3.96,434,0,49.0,47.0,2.0,48.0,47.0,49.0,49.0,49.0,49.0,47.0,47.0,47.0,47.0
1790973899.0,rest,49.0,56.0,2800,3.73,487,0,49.0,45.0,4.0,48.0,45.0,49.0,49.0,48.0,48.0,47.0,47.0,47.0,47.0
1790973900.0,rest,49.0,56.0,2800,3.6,531,0,50.0,45.0,5.0,48.0,46.0,50.0,49.0,49.0,49.0,45.0,46.0,46.0,46.0
1790973901.1,rest,48.0,56.0,2800,3.49,465,0,49.0,45.0,4.0,48.0,47.0,48.0,48.0,48.0,49.0,45.0,45.0,46.0,46.0
1790973902.1,rest,48.0,56.0,2800,3.63,487,0,49.0,45.0,4.0,48.0,45.0,49.0,49.0,48.0,48.0,47.0,47.0,47.0,47.0
1790973903.1,rest,48.0,56.0,2800,3.5,486,0,49.0,46.0,3.0,48.0,47.0,49.0,49.0,49.0,49.0,46.0,47.0,47.0,47.0
1790973904.1,rest,49.0,56.0,2800,3.43,485,0,49.0,45.0,4.0,48.0,47.0,48.0,48.0,49.0,49.0,46.0,46.0,46.0,45.0
1790973905.1,rest,49.0,56.0,2800,8.35,422,0,49.0,47.0,2.0,47.0,47.0,49.0,49.0,49.0,49.0,47.0,47.0,47.0,48.0
1790973906.1,rest,49.0,56.0,2800,4.02,469,0,49.0,46.0,3.0,47.0,47.0,49.0,48.0,48.0,48.0,47.0,47.0,46.0,46.0
1790973907.2,rest,49.0,56.0,2800,4.04,472,0,49.0,47.0,2.0,48.0,47.0,49.0,49.0,49.0,49.0,47.0,47.0,47.0,47.0
1790973908.2,rest,49.0,56.0,2800,3.5,548,0,49.0,47.0,2.0,48.0,47.0,48.0,48.0,49.0,49.0,47.0,47.0,47.0,47.0
1790973909.2,rest,49.0,56.0,2800,3.61,519,0,48.0,46.0,2.0,48.0,46.0,48.0,48.0,48.0,48.0,47.0,47.0,47.0,47.0
1790973910.2,rest,48.0,56.0,2800,3.19,473,0,48.0,47.0,1.0,48.0,47.0,48.0,48.0,48.0,48.0,47.0,47.0,47.0,47.0
1790973911.2,rest,48.0,56.0,2800,3.33,455,0,48.0,45.0,3.0,48.0,46.0,48.0,48.0,48.0,48.0,45.0,45.0,45.0,45.0
1790973912.2,rest,49.0,56.0,2800,3.18,465,0,49.0,46.0,3.0,47.0,47.0,49.0,48.0,48.0,48.0,46.0,46.0,46.0,46.0
1790973913.3,rest,49.0,56.0,2800,3.21,453,0,48.0,46.0,2.0,47.0,47.0,48.0,48.0,48.0,48.0,46.0,46.0,47.0,47.0
1790973914.3,rest,48.0,56.0,2800,3.32,465,0,49.0,45.0,4.0,46.0,47.0,49.0,48.0,49.0,49.0,46.0,46.0,46.0,45.0
1790973915.3,rest,48.0,55.0,2800,3.44,434,0,48.0,45.0,3.0,47.0,45.0,48.0,48.0,48.0,48.0,46.0,46.0,46.0,46.0
1790973916.3,rest,49.0,55.0,2800,4.62,465,0,49.0,45.0,4.0,47.0,47.0,49.0,49.0,49.0,49.0,45.0,45.0,45.0,45.0
1790973917.3,rest,48.0,55.0,2800,3.4,491,0,48.0,46.0,2.0,47.0,47.0,48.0,48.0,48.0,48.0,46.0,46.0,46.0,46.0
1790973918.4,rest,49.0,55.0,2800,3.41,466,0,48.0,47.0,1.0,47.0,47.0,48.0,48.0,48.0,48.0,47.0,47.0,47.0,47.0
1790973919.4,rest,49.0,55.0,2800,3.33,432,0,48.0,46.0,2.0,48.0,47.0,47.0,48.0,48.0,48.0,46.0,46.0,46.0,46.0
1790973920.4,rest,49.0,55.0,2800,3.36,449,0,48.0,45.0,3.0,45.0,46.0,48.0,48.0,47.0,47.0,47.0,46.0,46.0,46.0
1790973921.4,rest,49.0,55.0,2800,3.35,478,0,48.0,46.0,2.0,46.0,47.0,48.0,48.0,48.0,48.0,46.0,46.0,46.0,46.0
1790973922.4,rest,48.0,55.0,2800,3.44,430,0,48.0,45.0,3.0,47.0,45.0,48.0,48.0,48.0,48.0,46.0,46.0,46.0,46.0
1790973923.4,rest,47.0,55.0,2800,3.4,468,0,48.0,44.0,4.0,45.0,47.0,48.0,47.0,47.0,47.0,44.0,44.0,46.0,46.0
1790973924.5,rest,49.0,55.0,2800,3.52,417,0,48.0,45.0,3.0,47.0,45.0,48.0,48.0,48.0,48.0,47.0,47.0,45.0,45.0
1790973925.5,rest,48.0,55.0,2800,8.09,420,0,48.0,45.0,3.0,47.0,46.0,48.0,48.0,48.0,48.0,47.0,47.0,45.0,45.0
1790973926.5,rest,49.0,56.0,2800,3.87,456,0,48.0,46.0,2.0,48.0,47.0,47.0,48.0,48.0,48.0,46.0,46.0,46.0,47.0
1790973927.5,rest,49.0,56.0,2800,3.86,568,0,49.0,46.0,3.0,48.0,47.0,48.0,48.0,49.0,49.0,46.0,46.0,46.0,46.0
1790973928.5,rest,47.0,56.0,2800,4.32,504,0,49.0,45.0,4.0,47.0,45.0,49.0,48.0,48.0,48.0,47.0,47.0,47.0,47.0
1790973929.5,rest,49.0,56.0,2800,4.54,765,0,49.0,46.0,3.0,48.0,47.0,49.0,49.0,48.0,48.0,46.0,46.0,46.0,46.0
1790973930.6,rest,48.0,56.0,2800,4.0,504,0,48.0,45.0,3.0,47.0,45.0,48.0,48.0,48.0,48.0,47.0,47.0,47.0,47.0
1790973931.6,rest,48.0,55.0,2800,4.25,732,0,49.0,46.0,3.0,47.0,47.0,49.0,49.0,49.0,49.0,46.0,46.0,46.0,46.0
1790973932.6,rest,49.0,55.0,2800,4.39,941,0,49.0,45.0,4.0,47.0,45.0,48.0,48.0,49.0,49.0,47.0,47.0,47.0,47.0
1790973933.6,rest,48.0,55.0,2800,4.37,470,0,48.0,46.0,2.0,47.0,46.0,48.0,48.0,48.0,48.0,46.0,46.0,46.0,46.0
1790973934.6,rest,48.0,55.0,2800,4.04,833,0,49.0,46.0,3.0,46.0,47.0,49.0,49.0,49.0,49.0,47.0,47.0,47.0,47.0
1790973935.6,rest,48.0,55.0,2800,4.25,479,0,49.0,47.0,2.0,48.0,47.0,48.0,49.0,49.0,49.0,47.0,47.0,47.0,47.0
1790973936.7,rest,49.0,55.0,2800,4.0,545,0,48.0,46.0,2.0,47.0,46.0,48.0,48.0,48.0,48.0,46.0,47.0,47.0,47.0
1790973937.7,rest,48.0,55.0,2800,3.86,476,0,48.0,45.0,3.0,45.0,46.0,47.0,47.0,48.0,48.0,45.0,45.0,45.0,45.0
1790973938.7,rest,48.0,55.0,2800,3.88,534,0,48.0,44.0,4.0,46.0,44.0,48.0,48.0,48.0,48.0,47.0,47.0,47.0,47.0
1790973939.7,rest,48.0,55.0,2800,4.05,648,0,49.0,43.0,6.0,43.0,44.0,48.0,49.0,49.0,49.0,46.0,46.0,46.0,46.0
1790973940.7,rest,48.0,55.0,2800,4.15,536,0,49.0,45.0,4.0,48.0,45.0,49.0,49.0,49.0,49.0,45.0,45.0,45.0,45.0
1790973941.7,rest,48.0,55.0,2800,4.0,774,0,48.0,45.0,3.0,48.0,45.0,48.0,48.0,48.0,48.0,46.0,46.0,46.0,46.0
1790973942.8,rest,47.0,55.0,2800,3.79,1035,0,48.0,46.0,2.0,47.0,46.0,48.0,48.0,48.0,48.0,46.0,46.0,46.0,46.0
1790973943.8,rest,50.0,55.0,2800,4.0,825,0,48.0,45.0,3.0,47.0,45.0,48.0,48.0,48.0,48.0,47.0,47.0,47.0,47.0
1790973944.8,rest,80.0,55.0,2800,8.35,3135,0,78.0,56.0,22.0,56.0,78.0,62.0,62.0,62.0,62.0,66.0,66.0,66.0,66.0
1790973945.8,rest,49.0,55.0,2800,4.91,700,0,48.0,45.0,3.0,48.0,45.0,48.0,48.0,48.0,48.0,46.0,46.0,46.0,47.0
1790973946.8,rest,48.0,55.0,2800,3.88,519,0,48.0,44.0,4.0,47.0,44.0,48.0,48.0,48.0,48.0,45.0,45.0,45.0,45.0
1790973947.8,rest,49.0,55.0,2800,3.79,493,0,49.0,46.0,3.0,47.0,46.0,49.0,49.0,49.0,49.0,46.0,46.0,46.0,46.0
1790973948.9,rest,49.0,55.0,2800,3.87,508,0,48.0,45.0,3.0,45.0,46.0,48.0,48.0,48.0,48.0,45.0,45.0,45.0,45.0
1790973949.9,rest,49.0,55.0,2800,3.9,493,0,48.0,46.0,2.0,47.0,47.0,48.0,48.0,48.0,48.0,47.0,47.0,47.0,46.0
1790973950.9,rest,49.0,55.0,2800,3.8,507,0,49.0,46.0,3.0,47.0,47.0,49.0,49.0,49.0,49.0,47.0,46.0,46.0,47.0
1790973951.9,rest,49.0,55.0,2800,3.9,473,0,48.0,45.0,3.0,47.0,47.0,48.0,48.0,48.0,48.0,47.0,47.0,45.0,45.0
1790973952.9,rest,48.0,55.0,2800,4.06,465,0,48.0,45.0,3.0,48.0,45.0,47.0,47.0,47.0,48.0,46.0,46.0,46.0,46.0
1790973953.9,rest,48.0,55.0,2800,3.55,493,0,49.0,45.0,4.0,47.0,45.0,48.0,48.0,48.0,49.0,47.0,47.0,45.0,45.0
1790973955.0,rest,49.0,55.0,2800,4.28,428,0,49.0,45.0,4.0,47.0,45.0,48.0,48.0,49.0,49.0,46.0,46.0,46.0,46.0
1790973956.0,rest,49.0,55.0,2800,4.49,592,0,48.0,45.0,3.0,47.0,45.0,48.0,48.0,48.0,48.0,45.0,45.0,45.0,45.0
1790973957.0,rest,48.0,55.0,2800,4.0,564,0,48.0,45.0,3.0,47.0,45.0,48.0,48.0,48.0,48.0,45.0,45.0,45.0,45.0
1790973958.0,rest,49.0,55.0,2800,4.55,466,0,49.0,45.0,4.0,47.0,45.0,49.0,49.0,49.0,48.0,46.0,46.0,46.0,46.0
1790973959.0,rest,49.0,55.0,2800,3.82,482,0,48.0,45.0,3.0,47.0,45.0,47.0,47.0,48.0,48.0,46.0,45.0,45.0,45.0
1790973960.1,rest,48.0,55.0,2800,3.95,576,0,49.0,46.0,3.0,47.0,46.0,49.0,49.0,48.0,48.0,47.0,47.0,47.0,47.0
1790973961.1,rest,49.0,55.0,2800,3.85,797,0,48.0,46.0,2.0,48.0,47.0,48.0,48.0,48.0,48.0,46.0,46.0,46.0,46.0
1790973962.1,rest,48.0,55.0,2800,3.78,810,0,48.0,45.0,3.0,47.0,47.0,48.0,48.0,48.0,48.0,45.0,45.0,45.0,45.0
1790973963.1,rest,49.0,55.0,2800,4.21,508,0,48.0,44.0,4.0,47.0,46.0,48.0,48.0,48.0,48.0,44.0,44.0,44.0,44.0
1790973964.1,rest,48.0,55.0,2800,4.11,492,0,49.0,45.0,4.0,47.0,45.0,48.0,48.0,48.0,49.0,45.0,45.0,45.0,45.0
1790973965.1,rest,49.0,55.0,2800,9.05,425,0,49.0,46.0,3.0,48.0,47.0,48.0,48.0,48.0,49.0,46.0,46.0,46.0,47.0
1790973966.2,rest,49.0,55.0,2800,4.54,519,0,48.0,45.0,3.0,47.0,45.0,48.0,48.0,48.0,48.0,45.0,45.0,45.0,45.0
1790973967.2,rest,48.0,55.0,2800,3.87,479,0,48.0,45.0,3.0,45.0,48.0,48.0,48.0,48.0,48.0,45.0,45.0,45.0,45.0
1790973968.2,rest,48.0,55.0,2800,5.96,596,0,48.0,45.0,3.0,47.0,47.0,48.0,48.0,48.0,48.0,45.0,45.0,45.0,45.0
1790973969.2,rest,48.0,55.0,2800,4.21,724,0,48.0,46.0,2.0,47.0,47.0,48.0,48.0,48.0,48.0,46.0,46.0,46.0,46.0
1790973970.2,rest,48.0,55.0,2800,4.45,487,0,48.0,45.0,3.0,47.0,47.0,48.0,48.0,48.0,48.0,45.0,45.0,45.0,45.0
1790973971.2,rest,48.0,55.0,2800,4.38,536,0,48.0,46.0,2.0,47.0,47.0,48.0,48.0,48.0,48.0,46.0,46.0,46.0,46.0
1790973972.3,rest,48.0,55.0,2800,4.45,478,0,48.0,45.0,3.0,48.0,45.0,48.0,48.0,48.0,48.0,46.0,46.0,46.0,46.0
1790973973.3,rest,49.0,55.0,2800,4.5,676,0,48.0,44.0,4.0,47.0,45.0,48.0,48.0,48.0,48.0,44.0,45.0,45.0,45.0
1790973974.3,rest,48.0,55.0,2800,4.3,533,0,48.0,46.0,2.0,47.0,47.0,48.0,48.0,48.0,48.0,46.0,46.0,46.0,46.0
1790973975.3,rest,48.0,55.0,2800,4.38,448,0,49.0,45.0,4.0,47.0,45.0,49.0,49.0,48.0,48.0,45.0,46.0,46.0,46.0
1790973976.3,rest,48.0,55.0,2800,5.46,541,0,48.0,45.0,3.0,47.0,47.0,48.0,48.0,48.0,48.0,45.0,46.0,46.0,46.0
1790973977.3,rest,48.0,55.0,2800,4.34,518,0,49.0,46.0,3.0,46.0,47.0,48.0,48.0,49.0,48.0,46.0,46.0,46.0,46.0
1790973978.4,rest,49.0,55.0,2800,4.2,724,0,48.0,45.0,3.0,46.0,45.0,48.0,48.0,48.0,48.0,45.0,45.0,45.0,45.0
1790973979.4,rest,49.0,55.0,2800,5.0,489,0,48.0,44.0,4.0,47.0,44.0,48.0,48.0,48.0,48.0,46.0,46.0,46.0,46.0
1790973980.4,rest,49.0,55.0,2800,4.2,567,0,48.0,45.0,3.0,47.0,46.0,48.0,48.0,48.0,48.0,45.0,45.0,47.0,47.0
1790973981.4,rest,48.0,55.0,2800,4.48,507,0,48.0,45.0,3.0,48.0,45.0,48.0,48.0,48.0,48.0,46.0,46.0,45.0,45.0
1790973982.4,rest,49.0,55.0,2800,5.07,802,0,49.0,46.0,3.0,48.0,46.0,49.0,49.0,49.0,49.0,46.0,46.0,46.0,46.0
1790973983.4,rest,49.0,55.0,2800,3.89,458,0,48.0,45.0,3.0,47.0,45.0,48.0,47.0,47.0,47.0,45.0,45.0,45.0,45.0
1790973984.5,rest,49.0,55.0,2800,4.35,451,0,48.0,45.0,3.0,47.0,45.0,48.0,47.0,47.0,47.0,46.0,46.0,46.0,46.0
1790973985.5,rest,49.0,56.0,2800,8.65,529,0,48.0,46.0,2.0,47.0,47.0,48.0,48.0,48.0,48.0,46.0,46.0,47.0,47.0
1790973986.5,rest,49.0,56.0,2800,4.57,499,0,48.0,45.0,3.0,47.0,45.0,48.0,48.0,48.0,48.0,45.0,45.0,45.0,45.0
1790973987.5,rest,48.0,56.0,2800,3.96,484,0,48.0,45.0,3.0,48.0,45.0,48.0,48.0,48.0,48.0,45.0,45.0,45.0,45.0
1790973988.6,rest,49.0,56.0,2800,4.25,428,0,48.0,46.0,2.0,47.0,47.0,48.0,48.0,48.0,48.0,47.0,47.0,46.0,46.0
1790973989.6,rest,47.0,56.0,2800,4.14,478,0,49.0,45.0,4.0,48.0,47.0,48.0,48.0,48.0,49.0,45.0,45.0,45.0,45.0
1790973990.6,rest,49.0,56.0,2800,4.53,546,0,48.0,46.0,2.0,47.0,47.0,48.0,48.0,48.0,48.0,46.0,46.0,46.0,46.0
1790973991.6,rest,49.0,55.0,2800,5.19,673,0,50.0,47.0,3.0,48.0,49.0,50.0,49.0,49.0,49.0,47.0,47.0,47.0,47.0
1790973992.6,rest,49.0,55.0,2800,4.66,513,0,48.0,45.0,3.0,47.0,46.0,48.0,48.0,48.0,48.0,45.0,45.0,45.0,46.0
1790973993.6,rest,48.0,55.0,2800,3.59,474,0,48.0,45.0,3.0,45.0,45.0,47.0,47.0,48.0,48.0,46.0,45.0,46.0,46.0
1790973994.7,rest,48.0,55.0,2800,3.74,464,0,49.0,45.0,4.0,47.0,45.0,48.0,48.0,49.0,49.0,45.0,45.0,45.0,45.0
1790973995.7,rest,48.0,55.0,2800,4.29,447,0,49.0,45.0,4.0,45.0,47.0,48.0,49.0,49.0,48.0,47.0,47.0,47.0,46.0
1790973996.7,rest,48.0,55.0,2800,4.3,472,0,49.0,45.0,4.0,47.0,45.0,49.0,48.0,48.0,48.0,45.0,45.0,45.0,45.0
1790973997.7,rest,49.0,55.0,2800,3.66,457,0,47.0,45.0,2.0,47.0,45.0,47.0,47.0,47.0,47.0,46.0,45.0,45.0,45.0
1790973998.7,rest,48.0,55.0,2800,4.43,619,0,48.0,45.0,3.0,46.0,46.0,48.0,48.0,48.0,48.0,46.0,46.0,45.0,45.0
1790973999.8,rest,49.0,55.0,2800,4.16,497,0,48.0,45.0,3.0,47.0,45.0,48.0,48.0,48.0,48.0,45.0,45.0,46.0,46.0
1790974000.8,rest,48.0,55.0,2800,3.86,529,0,48.0,45.0,3.0,47.0,45.0,47.0,48.0,48.0,48.0,45.0,45.0,45.0,45.0
1790974001.8,rest,49.0,55.0,2800,4.26,949,0,47.0,45.0,2.0,47.0,45.0,47.0,47.0,47.0,47.0,46.0,46.0,46.0,46.0
1790974002.8,rest,48.0,55.0,2800,4.14,485,0,48.0,45.0,3.0,47.0,45.0,48.0,48.0,48.0,48.0,45.0,45.0,45.0,45.0
1790974003.8,rest,48.0,55.0,2800,4.47,448,0,49.0,45.0,4.0,45.0,47.0,49.0,49.0,49.0,48.0,45.0,45.0,46.0,46.0
1790974004.8,rest,51.0,55.0,2800,8.62,542,0,51.0,49.0,2.0,49.0,49.0,51.0,50.0,50.0,50.0,49.0,49.0,49.0,49.0
1790974005.9,rest,48.0,55.0,2800,4.54,517,0,48.0,45.0,3.0,47.0,45.0,47.0,48.0,47.0,47.0,45.0,45.0,45.0,45.0
1790974006.9,rest,48.0,55.0,2800,4.02,434,0,49.0,45.0,4.0,47.0,47.0,49.0,49.0,48.0,48.0,45.0,45.0,45.0,45.0
1790974007.9,rest,48.0,55.0,2800,4.2,499,0,48.0,46.0,2.0,47.0,47.0,48.0,48.0,48.0,48.0,46.0,46.0,46.0,46.0
1790974008.9,rest,47.0,55.0,2800,3.82,458,0,47.0,45.0,2.0,46.0,45.0,47.0,47.0,47.0,47.0,45.0,45.0,45.0,45.0
1790974009.9,rest,48.0,55.0,2700,5.06,591,0,48.0,45.0,3.0,47.0,45.0,48.0,48.0,48.0,48.0,45.0,45.0,45.0,45.0
1790974010.9,rest,48.0,55.0,2400,4.04,504,0,48.0,45.0,3.0,47.0,46.0,47.0,48.0,48.0,48.0,45.0,45.0,45.0,45.0
1790974012.0,rest,47.0,55.0,2500,4.05,489,0,48.0,45.0,3.0,47.0,45.0,48.0,48.0,48.0,47.0,45.0,45.0,45.0,45.0
1790974013.0,rest,48.0,55.0,2500,4.68,481,0,48.0,45.0,3.0,47.0,46.0,48.0,48.0,47.0,47.0,46.0,46.0,45.0,45.0
1790974014.0,rest,48.0,55.0,2500,4.13,652,0,48.0,46.0,2.0,48.0,47.0,48.0,48.0,48.0,48.0,46.0,46.0,46.0,46.0
1790974015.0,rest,49.0,55.0,2500,7.66,622,0,49.0,47.0,2.0,48.0,47.0,49.0,49.0,49.0,48.0,47.0,47.0,47.0,47.0
1790974016.0,rest,48.0,55.0,2500,5.01,531,0,48.0,45.0,3.0,47.0,46.0,48.0,48.0,48.0,48.0,46.0,45.0,45.0,45.0
1790974017.0,rest,48.0,55.0,2500,4.41,509,0,49.0,45.0,4.0,48.0,46.0,48.0,49.0,49.0,49.0,45.0,45.0,45.0,45.0
1790974018.0,rest,48.0,55.0,2500,4.27,682,0,48.0,45.0,3.0,48.0,45.0,48.0,48.0,48.0,48.0,45.0,45.0,45.0,45.0
1790974019.1,max,88.0,56.0,2500,50.07,3567,21176,88.0,83.0,5.0,88.0,85.0,84.0,84.0,84.0,84.0,83.0,83.0,83.0,83.0
1790974020.1,max,89.0,62.0,2500,51.69,3567,42408,92.0,86.0,6.0,92.0,86.0,86.0,86.0,86.0,86.0,87.0,87.0,87.0,87.0
1790974021.1,max,88.0,68.0,2500,51.52,3567,63560,87.0,85.0,2.0,86.0,86.0,85.0,85.0,85.0,85.0,87.0,87.0,87.0,87.0
1790974022.1,max,93.0,73.0,2500,50.76,3567,84528,90.0,88.0,2.0,90.0,88.0,88.0,88.0,88.0,88.0,88.0,88.0,88.0,88.0
1790974023.1,max,94.0,79.0,2500,51.88,3567,105816,93.0,89.0,4.0,93.0,89.0,89.0,89.0,89.0,89.0,91.0,91.0,91.0,91.0
1790974024.1,max,94.0,86.0,2600,52.01,3567,127040,94.0,90.0,4.0,94.0,92.0,90.0,90.0,90.0,90.0,91.0,91.0,91.0,91.0
1790974025.2,max,96.0,91.0,2800,49.93,3566,146736,94.0,90.0,4.0,94.0,92.0,90.0,90.0,90.0,90.0,93.0,93.0,93.0,93.0
1790974026.2,max,94.0,93.0,3200,48.89,3566,167400,94.0,90.0,4.0,94.0,92.0,90.0,90.0,90.0,92.0,93.0,93.0,93.0,93.0
1790974027.2,max,94.0,93.0,3500,47.79,3566,187928,96.0,91.0,5.0,96.0,92.0,92.0,92.0,92.0,92.0,91.0,91.0,91.0,91.0
1790974028.2,max,94.0,94.0,3800,46.52,3567,208248,97.0,91.0,6.0,97.0,93.0,92.0,92.0,92.0,92.0,91.0,91.0,91.0,91.0
1790974029.2,max,94.0,95.0,4100,45.99,3528,228440,97.0,91.0,6.0,97.0,92.0,92.0,92.0,92.0,92.0,91.0,93.0,93.0,93.0
1790974030.2,max,94.0,95.0,4300,45.2,3567,248512,97.0,94.0,3.0,97.0,94.0,94.0,94.0,94.0,94.0,94.0,94.0,94.0,94.0
1790974031.2,max,94.0,95.0,4400,44.31,3480,268392,96.0,90.0,6.0,96.0,93.0,90.0,92.0,92.0,92.0,91.0,91.0,91.0,91.0
1790974032.3,max,94.0,95.0,4400,43.72,3433,288152,94.0,90.0,4.0,94.0,93.0,92.0,92.0,90.0,90.0,93.0,93.0,93.0,93.0
1790974033.3,max,96.0,95.0,4400,43.24,3433,307856,96.0,91.0,5.0,96.0,93.0,92.0,92.0,92.0,92.0,91.0,91.0,91.0,91.0
1790974034.3,max,94.0,95.0,4400,42.64,3433,327448,94.0,91.0,3.0,94.0,93.0,92.0,92.0,92.0,92.0,91.0,91.0,91.0,91.0
1790974035.3,max,94.0,95.0,4400,42.13,3433,346912,96.0,91.0,5.0,96.0,92.0,92.0,92.0,92.0,92.0,91.0,91.0,91.0,91.0
1790974036.3,max,94.0,95.0,4400,41.35,3433,366224,96.0,91.0,5.0,96.0,93.0,92.0,92.0,92.0,93.0,91.0,91.0,91.0,91.0
1790974037.3,max,96.0,95.0,4400,40.77,3400,385416,96.0,93.0,3.0,96.0,93.0,93.0,93.0,93.0,93.0,93.0,93.0,93.0,93.0
1790974038.4,max,94.0,95.0,4400,40.11,3400,404560,94.0,93.0,1.0,94.0,93.0,94.0,94.0,94.0,94.0,93.0,93.0,93.0,93.0
1790974039.4,max,94.0,95.0,4400,39.79,3400,423440,96.0,93.0,3.0,96.0,93.0,93.0,93.0,93.0,93.0,93.0,93.0,93.0,93.0
1790974040.4,max,94.0,95.0,4400,39.54,3314,442528,96.0,91.0,5.0,96.0,94.0,92.0,92.0,92.0,92.0,91.0,91.0,91.0,91.0
1790974041.4,max,94.0,95.0,4400,38.8,3300,461432,94.0,91.0,3.0,94.0,93.0,93.0,93.0,93.0,93.0,91.0,91.0,91.0,91.0
1790974042.4,max,96.0,95.0,4400,38.71,3300,480048,96.0,93.0,3.0,96.0,93.0,94.0,94.0,94.0,94.0,93.0,93.0,93.0,93.0
1790974043.4,max,96.0,95.0,4400,38.21,3100,498720,94.0,90.0,4.0,94.0,92.0,92.0,92.0,92.0,92.0,90.0,90.0,90.0,91.0
1790974044.4,max,94.0,95.0,4400,37.56,3300,517440,97.0,91.0,6.0,97.0,93.0,93.0,93.0,93.0,93.0,91.0,93.0,93.0,93.0
1790974045.5,max,94.0,95.0,4400,37.25,3200,535960,94.0,91.0,3.0,94.0,92.0,92.0,93.0,93.0,93.0,91.0,91.0,91.0,91.0
1790974046.5,max,94.0,95.0,4400,35.82,3283,553336,96.0,88.0,8.0,96.0,88.0,94.0,94.0,94.0,93.0,91.0,91.0,91.0,91.0
1790974047.5,max,94.0,95.0,4400,35.93,3200,571544,97.0,93.0,4.0,97.0,93.0,93.0,94.0,94.0,94.0,93.0,93.0,93.0,93.0
1790974048.5,max,94.0,95.0,4400,36.32,3300,589976,96.0,93.0,3.0,96.0,94.0,94.0,94.0,94.0,94.0,93.0,93.0,93.0,93.0
1790974049.5,max,94.0,95.0,4400,38.36,3200,608448,94.0,93.0,1.0,94.0,93.0,94.0,94.0,94.0,94.0,93.0,93.0,93.0,93.0
1790974050.5,max,94.0,95.0,4400,37.7,3200,626544,97.0,93.0,4.0,97.0,94.0,94.0,94.0,94.0,94.0,93.0,93.0,93.0,93.0
1790974051.5,max,94.0,95.0,4400,36.9,3200,644808,96.0,93.0,3.0,96.0,93.0,93.0,93.0,94.0,94.0,93.0,93.0,93.0,93.0
1790974052.5,max,93.0,95.0,4400,34.81,3200,662872,96.0,93.0,3.0,96.0,93.0,93.0,93.0,93.0,94.0,93.0,93.0,93.0,93.0
1790974053.6,max,96.0,95.0,4400,34.58,3100,680912,96.0,91.0,5.0,96.0,93.0,93.0,93.0,93.0,93.0,91.0,91.0,91.0,91.0
1790974054.6,max,94.0,95.0,4400,34.23,3100,698848,94.0,92.0,2.0,94.0,93.0,92.0,92.0,93.0,93.0,93.0,93.0,93.0,93.0
1790974055.6,max,94.0,95.0,4400,34.13,3200,716680,97.0,90.0,7.0,97.0,90.0,94.0,94.0,94.0,96.0,93.0,93.0,93.0,93.0
1790974056.6,max,94.0,95.0,4400,32.54,3200,734056,94.0,92.0,2.0,94.0,92.0,93.0,93.0,93.0,93.0,93.0,93.0,93.0,93.0
1790974057.6,max,94.0,95.0,4400,32.51,3201,751288,96.0,91.0,5.0,96.0,92.0,94.0,94.0,94.0,94.0,91.0,91.0,91.0,91.0
1790974058.7,max,96.0,95.0,4400,32.35,3100,769072,94.0,89.0,5.0,94.0,89.0,94.0,94.0,94.0,94.0,91.0,91.0,91.0,91.0
1790974059.7,max,94.0,95.0,4400,32.26,3101,786248,94.0,90.0,4.0,94.0,90.0,93.0,93.0,93.0,93.0,91.0,91.0,91.0,91.0
1790974060.7,max,96.0,95.0,4400,32.81,3100,803776,96.0,93.0,3.0,96.0,93.0,93.0,93.0,93.0,93.0,93.0,93.0,93.0,93.0
1790974061.7,max,94.0,95.0,4400,34.24,3037,821560,94.0,92.0,2.0,94.0,93.0,92.0,92.0,92.0,94.0,93.0,93.0,93.0,93.0
1790974062.7,max,96.0,95.0,4400,32.99,3025,839256,96.0,91.0,5.0,96.0,93.0,92.0,92.0,92.0,94.0,93.0,93.0,93.0,91.0
1790974063.7,max,94.0,95.0,4400,32.49,3100,856896,94.0,92.0,2.0,94.0,93.0,93.0,92.0,92.0,92.0,93.0,93.0,93.0,93.0
1790974064.7,max,94.0,95.0,4400,33.1,3058,874520,96.0,93.0,3.0,96.0,93.0,93.0,93.0,93.0,93.0,93.0,93.0,93.0,93.0
1790974065.8,max,96.0,95.0,4400,32.39,3000,891960,94.0,91.0,3.0,94.0,93.0,93.0,93.0,93.0,93.0,91.0,91.0,91.0,91.0
1790974066.8,max,94.0,95.0,4400,33.3,2867,909168,97.0,91.0,6.0,97.0,92.0,92.0,92.0,92.0,92.0,91.0,91.0,91.0,91.0
1790974067.8,max,94.0,95.0,4400,30.51,2963,925488,94.0,88.0,6.0,94.0,88.0,93.0,93.0,94.0,94.0,91.0,91.0,91.0,91.0
1790974068.8,max,94.0,95.0,4400,30.81,2985,942432,96.0,88.0,8.0,96.0,88.0,93.0,93.0,93.0,93.0,91.0,91.0,91.0,91.0
1790974069.8,max,96.0,95.0,4400,30.91,3000,959408,94.0,92.0,2.0,94.0,92.0,93.0,93.0,93.0,94.0,93.0,93.0,93.0,93.0
1790974070.8,max,94.0,95.0,4400,31.68,3000,976744,94.0,93.0,1.0,94.0,93.0,93.0,93.0,93.0,93.0,93.0,93.0,93.0,93.0
1790974071.9,max,94.0,95.0,4400,31.42,2967,994016,94.0,92.0,2.0,94.0,92.0,93.0,93.0,93.0,93.0,93.0,93.0,93.0,93.0
1790974072.9,max,97.0,95.0,4400,31.59,2967,1011312,96.0,93.0,3.0,96.0,93.0,94.0,94.0,94.0,94.0,93.0,93.0,93.0,93.0
1790974073.9,max,94.0,95.0,4400,31.23,2967,1028568,96.0,93.0,3.0,94.0,93.0,93.0,93.0,93.0,96.0,93.0,93.0,93.0,93.0
1790974074.9,max,96.0,95.0,4400,31.38,2867,1045808,94.0,93.0,1.0,94.0,93.0,94.0,94.0,94.0,94.0,93.0,93.0,93.0,93.0
1790974075.9,max,94.0,95.0,4400,31.35,2883,1062960,94.0,93.0,1.0,94.0,93.0,94.0,94.0,94.0,94.0,93.0,93.0,93.0,93.0
1790974076.9,max,94.0,95.0,4400,31.21,2967,1080160,96.0,93.0,3.0,94.0,94.0,96.0,96.0,94.0,94.0,93.0,93.0,93.0,93.0
1790974077.9,max,94.0,95.0,4400,31.66,2967,1097184,94.0,92.0,2.0,94.0,92.0,94.0,94.0,94.0,94.0,94.0,94.0,94.0,94.0
1790974079.0,max,96.0,95.0,4400,30.88,2967,1114288,96.0,92.0,4.0,94.0,92.0,93.0,96.0,96.0,96.0,93.0,93.0,93.0,93.0
1790974080.0,max,96.0,95.0,4400,30.75,2967,1131392,94.0,93.0,1.0,94.0,93.0,94.0,94.0,94.0,94.0,93.0,93.0,93.0,93.0
1790974081.0,max,94.0,95.0,4400,30.47,2967,1148392,96.0,93.0,3.0,96.0,93.0,93.0,93.0,93.0,93.0,93.0,93.0,93.0,93.0
1790974082.0,max,96.0,95.0,4400,30.33,2867,1165384,94.0,93.0,1.0,94.0,93.0,93.0,93.0,93.0,93.0,93.0,93.0,93.0,93.0
1790974083.0,max,94.0,95.0,4400,30.18,2967,1182368,96.0,93.0,3.0,96.0,93.0,94.0,94.0,94.0,94.0,93.0,93.0,93.0,93.0
1790974084.0,max,94.0,95.0,4400,29.62,2967,1199256,96.0,93.0,3.0,96.0,93.0,94.0,94.0,94.0,94.0,93.0,93.0,93.0,93.0
1790974085.1,max,94.0,95.0,4400,30.05,2867,1216192,94.0,93.0,1.0,94.0,93.0,93.0,93.0,93.0,93.0,93.0,93.0,93.0,93.0
1790974086.1,max,94.0,95.0,4400,29.9,2963,1232944,96.0,93.0,3.0,96.0,93.0,96.0,96.0,96.0,94.0,93.0,93.0,93.0,93.0
1790974087.1,max,96.0,95.0,4400,29.74,2967,1249760,94.0,93.0,1.0,94.0,93.0,94.0,94.0,94.0,94.0,93.0,93.0,93.0,93.0
1790974088.1,max,94.0,95.0,4400,29.84,2867,1265688,96.0,91.0,5.0,96.0,93.0,93.0,93.0,94.0,94.0,91.0,91.0,91.0,91.0
1790974089.1,max,96.0,95.0,4400,29.88,2867,1282368,94.0,93.0,1.0,94.0,93.0,93.0,94.0,94.0,94.0,94.0,93.0,93.0,93.0
1790974090.1,max,96.0,95.0,4400,30.15,2867,1299264,94.0,94.0,0.0,94.0,94.0,94.0,94.0,94.0,94.0,94.0,94.0,94.0,94.0
1790974091.2,max,96.0,95.0,4400,30.05,2867,1316040,96.0,93.0,3.0,96.0,93.0,93.0,93.0,93.0,93.0,93.0,93.0,93.0,93.0
1790974092.2,max,96.0,95.0,4400,29.09,2867,1332712,94.0,93.0,1.0,94.0,93.0,93.0,93.0,93.0,93.0,93.0,93.0,93.0,93.0
1790974093.2,max,94.0,95.0,4400,29.07,2867,1349896,96.0,93.0,3.0,96.0,93.0,94.0,94.0,94.0,94.0,94.0,94.0,93.0,93.0
1790974094.2,max,96.0,95.0,4400,29.21,2867,1366560,96.0,93.0,3.0,94.0,93.0,96.0,96.0,96.0,96.0,94.0,94.0,94.0,93.0
1790974095.2,max,94.0,95.0,4400,29.03,2867,1383160,96.0,93.0,3.0,96.0,93.0,94.0,94.0,94.0,94.0,93.0,93.0,93.0,93.0
1790974096.3,max,94.0,95.0,4400,28.55,2867,1399408,94.0,93.0,1.0,94.0,93.0,93.0,93.0,93.0,93.0,93.0,93.0,93.0,93.0
1790974097.3,max,94.0,95.0,4400,28.89,2867,1416000,96.0,93.0,3.0,96.0,94.0,94.0,94.0,94.0,94.0,93.0,93.0,93.0,93.0
1790974098.3,max,94.0,95.0,4400,28.83,2867,1432928,94.0,93.0,1.0,94.0,94.0,93.0,93.0,93.0,93.0,93.0,93.0,93.0,93.0
1790974099.3,max,94.0,95.0,4400,28.71,2867,1449088,94.0,93.0,1.0,94.0,94.0,94.0,94.0,94.0,94.0,93.0,94.0,94.0,94.0
1790974100.3,max,94.0,95.0,4400,29.39,2867,1465568,94.0,94.0,0.0,94.0,94.0,94.0,94.0,94.0,94.0,94.0,94.0,94.0,94.0
1790974101.4,max,96.0,95.0,4400,29.29,2867,1481832,96.0,93.0,3.0,94.0,93.0,96.0,94.0,94.0,94.0,94.0,94.0,94.0,94.0
1790974102.4,max,96.0,95.0,4400,29.46,2767,1498272,94.0,93.0,1.0,93.0,93.0,94.0,94.0,94.0,94.0,94.0,94.0,94.0,94.0
1790974103.4,max,95.0,95.0,4400,29.2,2867,1514680,94.0,94.0,0.0,94.0,94.0,94.0,94.0,94.0,94.0,94.0,94.0,94.0,94.0
1790974104.4,max,94.0,95.0,4400,29.21,2867,1531040,96.0,93.0,3.0,96.0,93.0,94.0,94.0,94.0,94.0,94.0,94.0,94.0,94.0
1790974105.4,max,94.0,95.0,4400,28.81,2867,1547456,97.0,93.0,4.0,97.0,93.0,94.0,94.0,94.0,94.0,93.0,93.0,93.0,93.0
1790974106.4,max,94.0,95.0,4400,28.08,2867,1563672,94.0,93.0,1.0,94.0,93.0,93.0,93.0,93.0,93.0,93.0,93.0,93.0,93.0
1790974107.4,max,94.0,95.0,4400,28.02,2767,1580000,94.0,92.0,2.0,94.0,92.0,93.0,93.0,93.0,93.0,93.0,93.0,93.0,93.0
1790974108.5,max,94.0,95.0,4400,28.26,2864,1596216,94.0,93.0,1.0,94.0,94.0,94.0,94.0,94.0,94.0,93.0,93.0,93.0,93.0
1790974109.5,max,96.0,95.0,4400,28.07,2767,1611376,93.0,93.0,0.0,93.0,93.0,93.0,93.0,93.0,93.0,93.0,93.0,93.0,93.0
1790974110.5,max,96.0,95.0,4400,27.84,2767,1627568,94.0,93.0,1.0,94.0,93.0,94.0,94.0,94.0,94.0,93.0,93.0,93.0,93.0
1790974111.5,max,94.0,95.0,4400,27.08,2617,1643240,94.0,92.0,2.0,92.0,93.0,94.0,94.0,94.0,94.0,93.0,93.0,93.0,93.0
1790974112.5,max,94.0,95.0,4400,27.33,2867,1659048,94.0,92.0,2.0,93.0,92.0,94.0,94.0,94.0,94.0,93.0,93.0,93.0,93.0
1790974113.5,max,94.0,95.0,4400,28.0,2767,1675320,94.0,93.0,1.0,94.0,93.0,93.0,93.0,93.0,93.0,93.0,93.0,93.0,93.0
1790974114.5,max,96.0,95.0,4400,27.86,2767,1691552,94.0,92.0,2.0,94.0,92.0,94.0,94.0,94.0,94.0,93.0,93.0,93.0,93.0
1790974115.6,max,94.0,95.0,4400,27.62,2633,1707592,94.0,91.0,3.0,94.0,92.0,92.0,92.0,92.0,92.0,91.0,91.0,91.0,91.0
1790974116.6,max,94.0,95.0,4400,27.55,2733,1723688,94.0,92.0,2.0,94.0,92.0,93.0,93.0,93.0,93.0,93.0,93.0,93.0,93.0
1790974117.6,max,94.0,95.0,4400,27.43,2733,1739792,94.0,93.0,1.0,94.0,93.0,94.0,94.0,94.0,94.0,93.0,93.0,93.0,93.0
1790974118.6,max,94.0,95.0,4400,27.27,2767,1755800,94.0,93.0,1.0,93.0,93.0,94.0,94.0,94.0,94.0,93.0,93.0,93.0,93.0
1790974119.6,max,96.0,95.0,4400,27.15,2733,1771936,94.0,92.0,2.0,94.0,92.0,93.0,93.0,93.0,93.0,93.0,93.0,93.0,93.0
1790974120.6,max,94.0,95.0,4400,27.25,2767,1787832,94.0,92.0,2.0,94.0,92.0,93.0,93.0,93.0,93.0,93.0,93.0,93.0,93.0
1790974121.7,max,94.0,95.0,4400,27.35,2733,1803680,94.0,93.0,1.0,94.0,93.0,94.0,94.0,94.0,94.0,93.0,93.0,93.0,93.0
1790974122.7,max,94.0,95.0,4400,27.18,2767,1819776,94.0,93.0,1.0,94.0,93.0,94.0,94.0,94.0,94.0,93.0,93.0,93.0,93.0
1790974123.7,max,96.0,95.0,4400,27.17,2732,1835832,94.0,93.0,1.0,94.0,93.0,94.0,94.0,94.0,94.0,93.0,93.0,93.0,93.0
1790974124.7,max,96.0,95.0,4400,26.94,2733,1851848,94.0,93.0,1.0,94.0,93.0,94.0,94.0,94.0,94.0,93.0,93.0,93.0,93.0
1790974125.7,max,94.0,95.0,4400,27.37,2767,1867728,94.0,93.0,1.0,94.0,93.0,94.0,94.0,94.0,94.0,93.0,93.0,93.0,93.0
1790974126.7,max,96.0,95.0,4400,27.4,2733,1883688,96.0,93.0,3.0,94.0,93.0,96.0,96.0,96.0,96.0,93.0,93.0,93.0,93.0
1790974127.8,max,94.0,95.0,4400,26.93,2733,1899416,94.0,93.0,1.0,94.0,93.0,94.0,94.0,94.0,94.0,94.0,94.0,94.0,94.0
1790974128.8,max,94.0,95.0,4400,26.87,2733,1915168,94.0,93.0,1.0,94.0,93.0,94.0,94.0,94.0,94.0,93.0,93.0,93.0,93.0
1790974129.8,max,94.0,95.0,4400,26.63,2607,1930928,94.0,92.0,2.0,94.0,92.0,93.0,93.0,93.0,93.0,93.0,93.0,93.0,93.0
1790974130.8,max,94.0,95.0,4400,27.27,2733,1946040,94.0,93.0,1.0,94.0,93.0,94.0,94.0,94.0,94.0,93.0,93.0,93.0,93.0
1790974131.8,max,94.0,95.0,4400,27.04,2714,1961880,96.0,93.0,3.0,94.0,93.0,94.0,94.0,94.0,96.0,93.0,93.0,93.0,93.0
1790974132.8,max,94.0,95.0,4400,26.21,2733,1977472,94.0,93.0,1.0,94.0,93.0,94.0,94.0,94.0,94.0,93.0,93.0,93.0,93.0
1790974133.9,max,94.0,95.0,4400,26.54,2733,1993152,94.0,93.0,1.0,94.0,93.0,94.0,94.0,94.0,94.0,94.0,94.0,94.0,94.0
1790974134.9,max,94.0,95.0,4400,26.58,2767,2008848,96.0,93.0,3.0,94.0,93.0,96.0,96.0,96.0,94.0,93.0,93.0,93.0,93.0
1790974135.9,max,96.0,95.0,4400,26.71,2733,2025032,96.0,93.0,3.0,96.0,93.0,94.0,94.0,94.0,94.0,94.0,94.0,93.0,93.0
1790974136.9,max,96.0,95.0,4400,26.44,2633,2040912,93.0,92.0,1.0,93.0,92.0,93.0,93.0,93.0,93.0,93.0,93.0,93.0,93.0
1790974138.0,max,94.0,95.0,4400,26.43,2733,2056704,94.0,93.0,1.0,94.0,93.0,93.0,93.0,93.0,93.0,94.0,94.0,94.0,94.0
1790974139.0,max,96.0,95.0,4400,26.76,2733,2072328,96.0,93.0,3.0,96.0,93.0,96.0,96.0,94.0,94.0,93.0,93.0,93.0,93.0
1790974140.0,max,94.0,95.0,4400,26.42,2733,2088232,94.0,93.0,1.0,94.0,93.0,94.0,94.0,94.0,94.0,94.0,94.0,94.0,94.0
1790974141.0,max,94.0,95.0,4400,26.41,2767,2104008,94.0,93.0,1.0,93.0,94.0,94.0,94.0,94.0,94.0,94.0,94.0,94.0,94.0
1790974142.0,max,94.0,95.0,4400,27.09,2733,2119808,94.0,93.0,1.0,94.0,93.0,94.0,94.0,94.0,94.0,93.0,93.0,93.0,93.0
1790974143.0,max,96.0,95.0,4400,26.55,2633,2135248,94.0,92.0,2.0,94.0,92.0,93.0,93.0,93.0,93.0,93.0,93.0,93.0,93.0
1790974144.1,max,92.0,95.0,4400,25.45,2673,2150088,94.0,91.0,3.0,94.0,92.0,93.0,93.0,93.0,93.0,91.0,91.0,91.0,91.0
1790974145.1,max,94.0,95.0,4400,26.12,2633,2165264,94.0,92.0,2.0,94.0,92.0,94.0,94.0,94.0,94.0,93.0,93.0,93.0,93.0
1790974146.1,max,96.0,95.0,4400,25.72,2733,2180160,96.0,93.0,3.0,94.0,93.0,96.0,96.0,96.0,96.0,93.0,93.0,93.0,93.0
1790974147.1,max,94.0,95.0,4400,25.99,2660,2194968,94.0,92.0,2.0,94.0,92.0,94.0,94.0,94.0,94.0,93.0,93.0,93.0,93.0
1790974148.1,max,94.0,95.0,4400,25.63,2633,2209952,94.0,90.0,4.0,94.0,90.0,93.0,93.0,93.0,93.0,93.0,93.0,93.0,93.0
1790974149.1,max,94.0,95.0,4400,25.61,2725,2225232,96.0,92.0,4.0,96.0,92.0,93.0,94.0,94.0,94.0,93.0,93.0,93.0,93.0
1790974150.2,max,94.0,95.0,4400,26.15,2733,2240640,94.0,93.0,1.0,94.0,93.0,94.0,94.0,94.0,94.0,93.0,93.0,93.0,93.0
1790974151.2,max,94.0,95.0,4400,25.63,2733,2254536,94.0,93.0,1.0,94.0,93.0,94.0,93.0,93.0,93.0,93.0,93.0,93.0,93.0
1790974152.2,max,94.0,95.0,4400,26.05,2644,2269704,94.0,92.0,2.0,94.0,92.0,94.0,94.0,94.0,94.0,93.0,93.0,93.0,93.0
1790974153.2,max,96.0,95.0,4400,25.68,2733,2284840,97.0,93.0,4.0,97.0,93.0,94.0,94.0,94.0,94.0,93.0,93.0,93.0,93.0
1790974154.2,max,94.0,95.0,4400,26.26,2733,2300160,94.0,93.0,1.0,94.0,93.0,94.0,94.0,94.0,94.0,94.0,93.0,93.0,93.0
1790974155.2,max,94.0,95.0,4400,26.11,2733,2315616,96.0,92.0,4.0,96.0,92.0,96.0,96.0,96.0,96.0,94.0,94.0,94.0,94.0
1790974156.3,max,94.0,95.0,4400,25.97,2733,2330832,97.0,93.0,4.0,97.0,93.0,94.0,94.0,94.0,94.0,94.0,94.0,94.0,94.0
1790974157.3,max,94.0,95.0,4400,25.73,2733,2346360,96.0,93.0,3.0,96.0,93.0,94.0,94.0,94.0,94.0,93.0,93.0,93.0,93.0
1790974158.3,max,94.0,95.0,4400,25.39,2600,2362400,94.0,92.0,2.0,94.0,92.0,94.0,94.0,94.0,94.0,93.0,93.0,93.0,93.0
1790974159.3,max,94.0,95.0,4400,25.54,2633,2377992,94.0,93.0,1.0,94.0,93.0,94.0,94.0,94.0,94.0,93.0,93.0,93.0,93.0
1790974160.4,max,94.0,95.0,4400,25.55,2723,2393384,94.0,92.0,2.0,93.0,92.0,94.0,94.0,94.0,94.0,93.0,93.0,93.0,93.0
1790974161.4,max,94.0,95.0,4400,25.49,2733,2408976,96.0,93.0,3.0,96.0,93.0,94.0,94.0,94.0,94.0,93.0,93.0,93.0,93.0
1790974162.4,max,94.0,95.0,4400,25.54,2733,2424528,96.0,93.0,3.0,96.0,93.0,94.0,94.0,94.0,94.0,93.0,93.0,93.0,93.0
1790974163.4,max,94.0,95.0,4400,25.56,2733,2439928,96.0,93.0,3.0,96.0,93.0,96.0,96.0,96.0,96.0,93.0,93.0,93.0,93.0
1790974164.4,max,94.0,95.0,4400,25.57,2633,2455312,94.0,92.0,2.0,94.0,92.0,94.0,94.0,93.0,94.0,93.0,93.0,93.0,93.0
1790974165.4,max,96.0,95.0,4400,25.41,2633,2470728,96.0,92.0,4.0,96.0,92.0,93.0,93.0,94.0,94.0,93.0,93.0,93.0,93.0
1790974166.5,max,94.0,95.0,4400,25.47,2633,2485920,96.0,92.0,4.0,96.0,92.0,94.0,94.0,93.0,93.0,93.0,93.0,93.0,93.0
1790974167.5,max,96.0,95.0,4400,25.78,2600,2500728,94.0,93.0,1.0,94.0,93.0,94.0,94.0,94.0,94.0,93.0,93.0,93.0,93.0
1790974168.5,max,96.0,95.0,4400,25.21,2633,2516160,94.0,93.0,1.0,94.0,93.0,94.0,94.0,94.0,94.0,93.0,93.0,93.0,93.0
1790974169.5,max,94.0,95.0,4400,25.22,2633,2532000,94.0,92.0,2.0,93.0,92.0,94.0,93.0,94.0,94.0,93.0,93.0,93.0,93.0
1790974170.6,max,94.0,95.0,4400,25.75,2733,2547352,94.0,93.0,1.0,94.0,93.0,94.0,94.0,94.0,94.0,93.0,93.0,93.0,93.0
1790974171.6,max,94.0,95.0,4400,25.61,2733,2562608,96.0,92.0,4.0,92.0,93.0,96.0,96.0,96.0,96.0,93.0,93.0,93.0,93.0
1790974172.6,max,96.0,95.0,4400,25.2,2600,2577176,96.0,93.0,3.0,96.0,93.0,94.0,94.0,94.0,94.0,93.0,93.0,93.0,93.0
1790974173.6,max,96.0,95.0,4400,25.28,2667,2592032,94.0,92.0,2.0,94.0,92.0,94.0,94.0,94.0,94.0,94.0,94.0,94.0,94.0
1790974174.6,max,96.0,95.0,4400,25.23,2633,2607464,96.0,93.0,3.0,96.0,93.0,94.0,94.0,96.0,94.0,93.0,93.0,93.0,93.0
1790974175.6,max,94.0,95.0,4400,25.45,2733,2622528,96.0,93.0,3.0,96.0,93.0,96.0,94.0,94.0,96.0,93.0,93.0,93.0,93.0
1790974176.7,max,94.0,95.0,4400,25.07,2633,2637552,94.0,93.0,1.0,93.0,93.0,94.0,94.0,94.0,94.0,93.0,93.0,93.0,93.0
1790974177.7,max,94.0,95.0,4400,25.19,2633,2652760,94.0,92.0,2.0,93.0,92.0,93.0,93.0,93.0,94.0,93.0,93.0,93.0,93.0
1790974178.7,max,94.0,95.0,4400,25.53,2600,2667936,96.0,92.0,4.0,96.0,92.0,94.0,94.0,96.0,96.0,93.0,93.0,93.0,93.0
1790974179.7,max,94.0,95.0,4400,25.45,2633,2683368,96.0,93.0,3.0,96.0,93.0,93.0,93.0,93.0,93.0,93.0,93.0,93.0,93.0
1790974180.7,max,94.0,95.0,4400,25.44,2633,2698792,94.0,93.0,1.0,94.0,93.0,94.0,94.0,94.0,94.0,93.0,93.0,93.0,93.0
1790974181.7,max,94.0,95.0,4400,25.4,2605,2713936,94.0,93.0,1.0,93.0,93.0,94.0,94.0,94.0,94.0,93.0,93.0,93.0,93.0
1790974182.8,max,96.0,95.0,4400,25.07,2600,2729192,94.0,93.0,1.0,94.0,93.0,94.0,94.0,94.0,94.0,93.0,93.0,93.0,93.0
1790974183.8,max,96.0,95.0,4400,24.91,2632,2744504,94.0,91.0,3.0,94.0,92.0,93.0,94.0,94.0,94.0,93.0,93.0,93.0,91.0
1790974184.8,max,94.0,95.0,4400,24.82,2600,2759688,96.0,92.0,4.0,96.0,92.0,94.0,94.0,94.0,93.0,93.0,93.0,93.0,93.0
1790974185.8,max,96.0,95.0,4400,24.9,2569,2774784,94.0,93.0,1.0,94.0,93.0,94.0,94.0,94.0,94.0,93.0,93.0,93.0,93.0
1790974186.8,max,94.0,95.0,4400,25.14,2633,2789904,94.0,93.0,1.0,93.0,93.0,94.0,94.0,94.0,94.0,93.0,93.0,93.0,93.0
1790974187.8,max,96.0,95.0,4400,25.0,2633,2805088,96.0,92.0,4.0,94.0,92.0,94.0,96.0,96.0,96.0,93.0,93.0,93.0,93.0
1790974188.9,max,94.0,95.0,4400,24.84,2622,2820112,94.0,93.0,1.0,94.0,93.0,94.0,94.0,94.0,94.0,93.0,93.0,93.0,93.0
1790974189.9,max,96.0,95.0,4400,24.88,2500,2835496,94.0,92.0,2.0,94.0,92.0,94.0,94.0,94.0,94.0,93.0,93.0,93.0,93.0
1790974190.9,max,96.0,95.0,4400,25.51,2600,2850240,96.0,93.0,3.0,94.0,93.0,96.0,96.0,96.0,96.0,93.0,93.0,93.0,93.0
1790974191.9,max,96.0,95.0,4400,26.3,2600,2864792,94.0,92.0,2.0,94.0,92.0,94.0,94.0,94.0,94.0,93.0,93.0,93.0,93.0
1790974192.9,max,94.0,95.0,4400,25.99,2500,2877912,96.0,91.0,5.0,96.0,92.0,94.0,94.0,94.0,94.0,93.0,91.0,91.0,91.0
1790974194.0,max,94.0,95.0,4400,26.29,2500,2891624,94.0,92.0,2.0,92.0,94.0,94.0,94.0,94.0,93.0,93.0,93.0,93.0,93.0
1790974195.0,max,94.0,95.0,4400,24.68,2600,2906416,96.0,93.0,3.0,94.0,93.0,94.0,94.0,94.0,96.0,93.0,93.0,93.0,93.0
1790974196.0,max,94.0,95.0,4400,24.53,2600,2921416,94.0,93.0,1.0,94.0,93.0,94.0,94.0,94.0,94.0,93.0,93.0,93.0,93.0
1790974197.0,max,93.0,95.0,4400,24.84,2600,2936072,94.0,93.0,1.0,94.0,93.0,94.0,94.0,94.0,94.0,93.0,93.0,93.0,93.0
1790974198.0,max,94.0,95.0,4400,24.52,2600,2951088,93.0,93.0,0.0,93.0,93.0,93.0,93.0,93.0,93.0,93.0,93.0,93.0,93.0
1790974199.0,max,94.0,95.0,4400,24.83,2500,2966064,94.0,93.0,1.0,94.0,93.0,93.0,93.0,93.0,94.0,93.0,93.0,93.0,93.0
1790974200.1,max,94.0,95.0,4400,25.03,2500,2981040,96.0,93.0,3.0,96.0,93.0,94.0,94.0,94.0,94.0,93.0,93.0,93.0,93.0
1790974201.1,max,94.0,95.0,4400,24.75,2600,2996384,94.0,93.0,1.0,94.0,93.0,94.0,94.0,94.0,94.0,93.0,93.0,93.0,93.0
1790974202.1,max,94.0,95.0,4400,24.74,2600,3011208,94.0,93.0,1.0,94.0,93.0,94.0,94.0,94.0,94.0,93.0,93.0,93.0,93.0
1790974203.1,max,94.0,95.0,4400,25.03,2600,3026096,94.0,93.0,1.0,94.0,93.0,94.0,94.0,94.0,94.0,93.0,93.0,93.0,93.0
1790974204.2,max,96.0,95.0,4400,24.57,2500,3041248,94.0,93.0,1.0,94.0,93.0,94.0,94.0,94.0,94.0,93.0,93.0,93.0,93.0
1790974205.2,max,94.0,95.0,4400,24.69,2633,3056376,94.0,93.0,1.0,94.0,94.0,94.0,94.0,94.0,94.0,93.0,94.0,94.0,94.0
1790974206.2,max,96.0,95.0,4400,24.69,2594,3071248,94.0,93.0,1.0,94.0,93.0,93.0,93.0,94.0,94.0,93.0,93.0,93.0,93.0
1790974207.2,max,94.0,95.0,4400,24.53,2600,3086336,94.0,93.0,1.0,94.0,93.0,94.0,94.0,94.0,94.0,93.0,93.0,93.0,93.0
1790974208.2,max,94.0,95.0,4400,24.46,2600,3101392,96.0,93.0,3.0,96.0,93.0,96.0,94.0,94.0,94.0,93.0,93.0,93.0,93.0
1790974209.2,max,96.0,95.0,4400,24.65,2600,3116504,94.0,93.0,1.0,94.0,93.0,94.0,94.0,94.0,94.0,93.0,93.0,93.0,93.0
1790974210.3,max,94.0,95.0,4400,24.77,2600,3131248,94.0,93.0,1.0,94.0,93.0,94.0,94.0,94.0,94.0,93.0,93.0,93.0,93.0
1790974211.3,max,94.0,95.0,4400,24.47,2600,3146048,94.0,91.0,3.0,94.0,93.0,94.0,94.0,94.0,94.0,91.0,91.0,91.0,91.0
1790974212.3,max,96.0,95.0,4400,24.15,2600,3160984,96.0,93.0,3.0,94.0,93.0,94.0,94.0,94.0,96.0,93.0,93.0,93.0,93.0
1790974213.3,max,94.0,95.0,4400,24.26,2600,3176056,96.0,93.0,3.0,96.0,93.0,94.0,94.0,94.0,96.0,93.0,93.0,93.0,93.0
1790974214.3,max,94.0,95.0,4400,24.28,2633,3191128,96.0,93.0,3.0,94.0,94.0,96.0,96.0,96.0,96.0,93.0,93.0,93.0,93.0
1790974215.3,max,94.0,95.0,4400,25.31,2600,3205040,96.0,93.0,3.0,94.0,94.0,94.0,94.0,94.0,96.0,93.0,93.0,93.0,93.0
1790974216.3,max,96.0,95.0,4400,24.42,2500,3220008,94.0,93.0,1.0,94.0,93.0,94.0,94.0,94.0,94.0,93.0,93.0,93.0,93.0
1790974217.4,max,96.0,95.0,4400,24.68,2500,3234696,94.0,93.0,1.0,94.0,93.0,94.0,94.0,94.0,94.0,93.0,93.0,93.0,93.0
1790974218.4,max,94.0,95.0,4400,24.31,2600,3249648,94.0,93.0,1.0,94.0,93.0,94.0,94.0,94.0,94.0,93.0,93.0,93.0,93.0
1790974219.4,max,96.0,95.0,4400,24.48,2572,3264808,94.0,93.0,1.0,94.0,93.0,94.0,94.0,94.0,94.0,93.0,93.0,93.0,93.0
1790974220.4,max,94.0,95.0,4400,24.35,2610,3279888,96.0,93.0,3.0,96.0,93.0,94.0,94.0,94.0,94.0,93.0,93.0,93.0,93.0
1790974221.4,max,94.0,95.0,4400,24.64,2600,3294840,94.0,93.0,1.0,94.0,93.0,94.0,94.0,94.0,94.0,93.0,93.0,93.0,93.0
1790974222.4,max,96.0,95.0,4400,24.58,2600,3309704,94.0,93.0,1.0,94.0,93.0,94.0,94.0,94.0,94.0,93.0,93.0,93.0,93.0
1790974223.5,max,94.0,95.0,4400,24.23,2467,3324992,93.0,93.0,0.0,93.0,93.0,93.0,93.0,93.0,93.0,93.0,93.0,93.0,93.0
1790974224.5,max,94.0,95.0,4400,24.5,2600,3340024,96.0,93.0,3.0,96.0,94.0,96.0,96.0,96.0,96.0,93.0,93.0,93.0,93.0
1790974225.5,max,96.0,95.0,4400,24.33,2600,3355120,94.0,93.0,1.0,94.0,93.0,93.0,93.0,93.0,93.0,93.0,93.0,93.0,93.0
1790974226.5,max,94.0,95.0,4400,23.94,2633,3369952,94.0,93.0,1.0,93.0,94.0,94.0,94.0,94.0,94.0,93.0,93.0,93.0,93.0
1790974227.6,max,94.0,95.0,4400,23.78,2600,3384824,96.0,93.0,3.0,96.0,93.0,94.0,96.0,96.0,96.0,93.0,93.0,93.0,93.0
1790974228.6,max,96.0,95.0,4400,24.01,2562,3399584,94.0,93.0,1.0,93.0,93.0,94.0,94.0,94.0,94.0,93.0,93.0,93.0,93.0
1790974229.6,max,94.0,95.0,4400,23.96,2600,3414496,96.0,93.0,3.0,93.0,93.0,96.0,94.0,94.0,94.0,93.0,93.0,93.0,93.0
1790974230.6,max,94.0,95.0,4400,24.4,2600,3429200,94.0,93.0,1.0,94.0,93.0,94.0,94.0,94.0,94.0,93.0,93.0,93.0,93.0
1790974231.6,max,96.0,95.0,4400,25.16,2500,3443144,96.0,93.0,3.0,94.0,93.0,96.0,96.0,96.0,96.0,93.0,93.0,93.0,93.0
1790974232.6,max,94.0,95.0,4400,24.16,2430,3456880,96.0,90.0,6.0,93.0,90.0,96.0,96.0,96.0,96.0,91.0,91.0,91.0,91.0
1790974233.7,max,94.0,95.0,4400,24.32,2467,3471440,94.0,91.0,3.0,94.0,92.0,94.0,94.0,94.0,94.0,93.0,91.0,91.0,91.0
1790974234.7,max,96.0,95.0,4400,24.32,2500,3484984,94.0,93.0,1.0,94.0,93.0,94.0,94.0,94.0,94.0,93.0,93.0,93.0,93.0
1790974235.7,max,96.0,95.0,4400,23.56,2464,3497984,94.0,91.0,3.0,94.0,94.0,94.0,94.0,94.0,94.0,91.0,91.0,93.0,93.0
1790974236.8,max,94.0,95.0,4400,24.17,2472,3511360,94.0,92.0,2.0,94.0,92.0,94.0,94.0,94.0,94.0,93.0,93.0,93.0,93.0
1790974237.8,max,94.0,95.0,4400,22.99,2495,3525400,96.0,92.0,4.0,94.0,92.0,94.0,96.0,96.0,96.0,93.0,93.0,93.0,93.0
1790974238.8,max,94.0,95.0,4400,24.24,2467,3539984,94.0,93.0,1.0,93.0,93.0,94.0,94.0,94.0,94.0,93.0,93.0,93.0,93.0
1790974239.8,max,94.0,95.0,4400,23.8,2406,3553744,94.0,91.0,3.0,93.0,94.0,93.0,93.0,93.0,94.0,93.0,91.0,91.0,91.0
1790974240.9,max,96.0,95.0,4400,24.67,2462,3567624,94.0,92.0,2.0,93.0,92.0,94.0,94.0,94.0,94.0,93.0,93.0,93.0,93.0
1790974241.9,max,94.0,95.0,4400,24.89,2515,3582000,94.0,93.0,1.0,93.0,94.0,94.0,94.0,94.0,94.0,94.0,94.0,93.0,93.0
1790974242.9,max,94.0,95.0,4400,23.9,2500,3596752,94.0,93.0,1.0,94.0,94.0,93.0,93.0,93.0,93.0,93.0,93.0,93.0,93.0
1790974243.9,max,94.0,95.0,4400,23.97,2517,3611456,96.0,92.0,4.0,94.0,92.0,96.0,96.0,96.0,96.0,93.0,93.0,93.0,93.0
1790974244.9,max,94.0,95.0,4400,23.52,2500,3626320,94.0,93.0,1.0,94.0,93.0,94.0,94.0,94.0,94.0,93.0,93.0,93.0,93.0
1790974245.9,max,96.0,95.0,4400,23.82,2500,3641216,94.0,93.0,1.0,93.0,93.0,94.0,94.0,94.0,94.0,93.0,93.0,93.0,93.0
1790974247.0,max,94.0,95.0,4400,24.01,2600,3656104,96.0,93.0,3.0,94.0,93.0,94.0,94.0,94.0,96.0,93.0,93.0,93.0,93.0
1790974248.0,max,96.0,95.0,4400,23.94,2519,3671072,94.0,93.0,1.0,93.0,93.0,94.0,94.0,94.0,94.0,93.0,93.0,93.0,93.0
1790974249.0,max,96.0,95.0,4400,23.82,2467,3685160,94.0,93.0,1.0,94.0,93.0,94.0,94.0,94.0,93.0,93.0,93.0,93.0,93.0
1790974250.0,max,94.0,95.0,4400,23.79,2500,3699992,94.0,93.0,1.0,94.0,93.0,94.0,94.0,94.0,93.0,93.0,93.0,93.0,93.0
1790974251.0,max,94.0,95.0,4400,24.08,2500,3715008,94.0,93.0,1.0,94.0,93.0,94.0,94.0,94.0,94.0,93.0,93.0,93.0,93.0
1790974252.0,max,94.0,95.0,4400,23.74,2600,3729976,96.0,93.0,3.0,94.0,93.0,96.0,96.0,94.0,94.0,93.0,93.0,93.0,93.0
1790974253.1,max,94.0,95.0,4400,23.9,2600,3744912,94.0,93.0,1.0,94.0,94.0,94.0,94.0,94.0,94.0,93.0,93.0,93.0,93.0
1790974254.1,max,94.0,95.0,4400,23.77,2600,3759904,96.0,93.0,3.0,94.0,93.0,96.0,96.0,96.0,96.0,93.0,93.0,93.0,93.0
1790974255.1,max,94.0,95.0,4400,23.59,2600,3774680,96.0,92.0,4.0,96.0,92.0,94.0,94.0,96.0,96.0,93.0,93.0,93.0,93.0
1790974256.1,max,94.0,95.0,4400,24.03,2500,3789224,96.0,93.0,3.0,93.0,93.0,96.0,94.0,94.0,94.0,93.0,93.0,93.0,93.0
1790974257.1,max,94.0,95.0,4400,23.81,2467,3803568,94.0,93.0,1.0,94.0,93.0,94.0,94.0,94.0,94.0,93.0,93.0,93.0,93.0
1790974258.1,max,94.0,95.0,4400,23.72,2600,3817616,94.0,93.0,1.0,94.0,93.0,94.0,94.0,94.0,94.0,94.0,94.0,94.0,94.0
1790974259.2,max,94.0,95.0,4400,23.95,2600,3832328,94.0,93.0,1.0,94.0,93.0,94.0,94.0,94.0,94.0,93.0,93.0,93.0,93.0
1790974260.2,max,96.0,95.0,4400,24.3,2600,3847144,94.0,93.0,1.0,94.0,93.0,94.0,94.0,94.0,94.0,93.0,93.0,93.0,94.0
1790974261.2,max,96.0,95.0,4400,23.86,2500,3861960,94.0,93.0,1.0,93.0,93.0,93.0,93.0,93.0,94.0,93.0,93.0,93.0,93.0
1790974262.2,max,94.0,95.0,4400,23.63,2500,3876704,94.0,92.0,2.0,93.0,92.0,94.0,94.0,94.0,94.0,93.0,93.0,93.0,93.0
1790974263.2,max,94.0,95.0,4400,23.96,2500,3891472,94.0,93.0,1.0,93.0,93.0,94.0,94.0,94.0,94.0,93.0,93.0,93.0,93.0
1790974264.2,max,94.0,95.0,4400,23.88,2600,3905968,94.0,93.0,1.0,94.0,93.0,94.0,94.0,94.0,94.0,93.0,93.0,93.0,93.0
1790974265.3,max,94.0,95.0,4400,23.9,2600,3920472,94.0,93.0,1.0,94.0,93.0,94.0,94.0,94.0,94.0,93.0,93.0,93.0,93.0
1790974266.3,max,94.0,95.0,4400,23.92,2600,3934832,96.0,93.0,3.0,96.0,93.0,94.0,94.0,96.0,94.0,93.0,93.0,93.0,93.0
1790974267.3,max,94.0,95.0,4400,24.15,2600,3948584,96.0,93.0,3.0,96.0,93.0,94.0,94.0,94.0,94.0,93.0,93.0,93.0,93.0
1790974268.3,max,94.0,95.0,4400,24.02,2500,3963104,94.0,93.0,1.0,94.0,93.0,94.0,94.0,94.0,94.0,93.0,93.0,93.0,93.0
1790974269.3,max,94.0,95.0,4400,24.37,2500,3977528,94.0,93.0,1.0,93.0,93.0,94.0,94.0,94.0,94.0,93.0,93.0,93.0,93.0
1790974270.3,max,96.0,95.0,4400,24.11,2467,3991416,94.0,93.0,1.0,93.0,93.0,94.0,94.0,94.0,94.0,94.0,94.0,94.0,94.0
1790974271.3,max,96.0,95.0,4400,24.18,2595,4005184,96.0,92.0,4.0,96.0,92.0,96.0,96.0,94.0,94.0,93.0,93.0,93.0,93.0
1790974272.4,max,94.0,95.0,4400,23.96,2500,4019200,96.0,93.0,3.0,94.0,93.0,94.0,94.0,96.0,96.0,93.0,93.0,93.0,93.0
1790974273.4,max,96.0,95.0,4400,23.8,2500,4033800,94.0,93.0,1.0,94.0,93.0,94.0,94.0,94.0,94.0,93.0,93.0,93.0,93.0
1790974274.4,max,94.0,95.0,4400,23.98,2467,4048424,96.0,93.0,3.0,93.0,93.0,96.0,96.0,96.0,96.0,93.0,93.0,93.0,93.0
1790974275.4,max,94.0,95.0,4400,23.61,2491,4063040,94.0,92.0,2.0,94.0,92.0,94.0,94.0,94.0,94.0,93.0,93.0,93.0,93.0
1790974276.4,max,96.0,95.0,4400,23.32,2467,4077296,94.0,92.0,2.0,93.0,92.0,93.0,93.0,93.0,94.0,93.0,93.0,93.0,93.0
1790974277.4,max,94.0,95.0,4400,23.66,2500,4091648,94.0,93.0,1.0,94.0,94.0,94.0,94.0,94.0,94.0,93.0,93.0,93.0,93.0
1790974278.5,max,96.0,95.0,4400,23.91,2500,4105160,94.0,93.0,1.0,94.0,93.0,94.0,94.0,94.0,93.0,93.0,93.0,93.0,93.0
1790974279.5,max,94.0,95.0,4400,23.67,2500,4119840,94.0,93.0,1.0,94.0,93.0,94.0,94.0,94.0,94.0,93.0,93.0,93.0,93.0
1790974280.5,max,96.0,95.0,4400,23.57,2467,4134488,96.0,93.0,3.0,93.0,94.0,96.0,96.0,94.0,94.0,93.0,93.0,93.0,93.0
1790974281.5,max,96.0,95.0,4400,23.19,2483,4149208,94.0,93.0,1.0,94.0,93.0,94.0,94.0,94.0,94.0,93.0,93.0,93.0,93.0
1790974282.5,max,96.0,95.0,4400,23.42,2500,4164152,96.0,93.0,3.0,96.0,93.0,94.0,94.0,94.0,94.0,93.0,93.0,93.0,93.0
1790974283.5,max,96.0,95.0,4400,23.51,2367,4178680,93.0,93.0,0.0,93.0,93.0,93.0,93.0,93.0,93.0,93.0,93.0,93.0,93.0
1790974284.6,max,96.0,95.0,4400,23.12,2500,4193248,94.0,93.0,1.0,93.0,93.0,94.0,94.0,94.0,94.0,93.0,93.0,93.0,93.0
1790974285.6,max,96.0,95.0,4400,23.16,2467,4207856,96.0,92.0,4.0,92.0,93.0,94.0,94.0,96.0,96.0,93.0,93.0,93.0,93.0
1790974286.6,max,93.0,95.0,4400,23.01,2467,4222424,96.0,92.0,4.0,93.0,92.0,94.0,94.0,94.0,96.0,93.0,93.0,93.0,93.0
1790974287.6,max,94.0,95.0,4400,23.14,2500,4236792,96.0,92.0,4.0,92.0,93.0,96.0,96.0,96.0,96.0,93.0,93.0,93.0,93.0
1790974288.6,max,94.0,95.0,4400,23.06,2500,4251480,94.0,93.0,1.0,93.0,93.0,94.0,94.0,94.0,94.0,93.0,93.0,93.0,93.0
1790974289.6,max,94.0,95.0,4400,23.18,2471,4266176,96.0,93.0,3.0,93.0,93.0,96.0,96.0,96.0,94.0,93.0,93.0,93.0,93.0
1790974290.7,max,96.0,95.0,4400,23.01,2467,4280888,94.0,93.0,1.0,93.0,93.0,94.0,94.0,94.0,94.0,93.0,93.0,93.0,93.0
1790974291.7,max,94.0,95.0,4400,23.09,2467,4295592,94.0,93.0,1.0,94.0,93.0,94.0,94.0,94.0,94.0,93.0,93.0,93.0,93.0
1790974292.7,max,94.0,95.0,4400,23.21,2500,4310032,94.0,93.0,1.0,94.0,93.0,94.0,94.0,94.0,94.0,94.0,93.0,93.0,93.0
1790974293.7,max,94.0,95.0,4400,23.19,2467,4324744,96.0,93.0,3.0,93.0,93.0,94.0,94.0,96.0,96.0,93.0,93.0,93.0,93.0
1790974294.7,max,94.0,95.0,4400,23.2,2500,4339280,94.0,93.0,1.0,93.0,93.0,94.0,94.0,94.0,94.0,93.0,93.0,93.0,93.0
1790974295.7,max,94.0,95.0,4400,23.17,2467,4353848,94.0,92.0,2.0,92.0,92.0,94.0,94.0,94.0,94.0,93.0,93.0,93.0,93.0
1790974296.8,max,94.0,95.0,4400,23.03,2467,4368368,94.0,93.0,1.0,94.0,93.0,94.0,94.0,94.0,94.0,93.0,93.0,93.0,93.0
1790974297.8,max,94.0,95.0,4400,23.05,2467,4383000,94.0,93.0,1.0,93.0,93.0,94.0,94.0,94.0,94.0,93.0,93.0,93.0,93.0
1790974298.8,max,94.0,95.0,4400,22.99,2467,4397288,94.0,93.0,1.0,93.0,93.0,94.0,94.0,94.0,94.0,93.0,93.0,93.0,93.0
1790974299.8,max,94.0,95.0,4400,23.22,2292,4410968,94.0,92.0,2.0,94.0,92.0,94.0,94.0,94.0,94.0,93.0,93.0,93.0,93.0
1790974300.8,max,96.0,95.0,4400,23.71,2500,4425512,94.0,93.0,1.0,94.0,93.0,94.0,94.0,94.0,94.0,94.0,94.0,94.0,94.0
1790974301.8,max,96.0,95.0,4400,23.6,2500,4440080,94.0,93.0,1.0,94.0,93.0,94.0,94.0,94.0,94.0,94.0,94.0,93.0,93.0
1790974302.9,max,94.0,95.0,4400,23.83,2500,4454680,94.0,93.0,1.0,94.0,93.0,93.0,93.0,93.0,93.0,93.0,93.0,93.0,93.0
1790974303.9,max,94.0,95.0,4400,23.48,2500,4469280,96.0,93.0,3.0,93.0,93.0,96.0,96.0,96.0,96.0,93.0,93.0,93.0,93.0
1790974304.9,max,94.0,95.0,4400,23.37,2467,4483920,94.0,93.0,1.0,94.0,93.0,94.0,94.0,94.0,94.0,93.0,93.0,93.0,93.0
1790974305.9,max,94.0,95.0,4400,23.27,2600,4498472,94.0,92.0,2.0,92.0,93.0,94.0,94.0,94.0,94.0,93.0,93.0,93.0,93.0
1790974306.9,max,96.0,95.0,4400,23.41,2500,4513064,96.0,93.0,3.0,94.0,94.0,96.0,96.0,94.0,94.0,93.0,93.0,93.0,93.0
1790974307.9,max,96.0,95.0,4400,23.6,2467,4527392,94.0,93.0,1.0,93.0,93.0,94.0,94.0,94.0,94.0,93.0,93.0,93.0,93.0
1790974309.0,max,96.0,95.0,4400,23.29,2499,4541864,94.0,93.0,1.0,94.0,93.0,94.0,94.0,94.0,94.0,93.0,93.0,93.0,93.0
1790974310.0,max,94.0,95.0,4400,22.97,2367,4556248,96.0,93.0,3.0,93.0,93.0,94.0,94.0,94.0,96.0,93.0,93.0,93.0,93.0
1790974311.0,max,94.0,95.0,4400,22.96,2467,4570576,94.0,93.0,1.0,94.0,93.0,94.0,94.0,94.0,94.0,93.0,93.0,93.0,93.0
1790974312.0,max,96.0,95.0,4400,22.98,2467,4585024,94.0,92.0,2.0,92.0,92.0,94.0,94.0,94.0,94.0,93.0,93.0,93.0,93.0
1790974313.0,max,95.0,95.0,4400,23.3,2500,4599600,94.0,93.0,1.0,94.0,93.0,94.0,94.0,94.0,94.0,94.0,94.0,94.0,94.0
1790974314.0,max,94.0,95.0,4400,23.23,2500,4614192,96.0,93.0,3.0,96.0,93.0,94.0,94.0,94.0,94.0,93.0,93.0,94.0,94.0
1790974315.1,max,96.0,95.0,4400,23.34,2500,4628664,94.0,93.0,1.0,94.0,93.0,94.0,94.0,94.0,94.0,94.0,94.0,94.0,94.0
1790974316.1,max,94.0,95.0,4400,23.22,2600,4642688,96.0,92.0,4.0,94.0,92.0,96.0,96.0,96.0,96.0,94.0,94.0,93.0,93.0
1790974317.1,max,94.0,95.0,4400,23.2,2367,4657456,94.0,90.0,4.0,93.0,90.0,94.0,94.0,94.0,94.0,94.0,94.0,94.0,94.0
1790974318.1,max,96.0,95.0,4400,23.29,2367,4671864,94.0,93.0,1.0,94.0,93.0,93.0,93.0,93.0,93.0,93.0,93.0,93.0,93.0
1790974319.2,max,96.0,95.0,4400,22.92,2467,4686200,94.0,93.0,1.0,93.0,93.0,94.0,94.0,94.0,94.0,93.0,93.0,93.0,93.0
1790974320.2,max,96.0,95.0,4400,23.03,2467,4699512,94.0,93.0,1.0,94.0,93.0,94.0,94.0,94.0,94.0,93.0,93.0,93.0,93.0
1790974321.2,max,96.0,95.0,4400,23.05,2500,4713832,94.0,93.0,1.0,94.0,93.0,93.0,94.0,94.0,94.0,93.0,94.0,94.0,94.0
1790974322.2,max,94.0,95.0,4400,23.31,2467,4727952,96.0,92.0,4.0,93.0,92.0,96.0,96.0,96.0,96.0,93.0,93.0,93.0,93.0
1790974323.2,max,94.0,95.0,4400,22.85,2500,4742432,96.0,92.0,4.0,92.0,93.0,96.0,96.0,96.0,96.0,94.0,94.0,94.0,94.0
1790974324.2,max,94.0,95.0,4400,23.22,2467,4756976,94.0,93.0,1.0,94.0,93.0,94.0,94.0,94.0,94.0,94.0,94.0,94.0,94.0
1790974325.3,max,94.0,95.0,4400,22.53,2467,4771440,94.0,92.0,2.0,93.0,92.0,94.0,94.0,94.0,94.0,93.0,93.0,93.0,93.0
1790974326.3,max,94.0,95.0,4400,22.82,2467,4785936,96.0,92.0,4.0,92.0,93.0,94.0,96.0,96.0,96.0,93.0,93.0,93.0,93.0
1790974327.3,max,94.0,95.0,4400,22.53,2367,4800336,94.0,93.0,1.0,93.0,93.0,94.0,94.0,94.0,94.0,93.0,93.0,93.0,93.0
1790974328.3,max,94.0,95.0,4400,22.43,2467,4814856,94.0,93.0,1.0,93.0,93.0,94.0,94.0,94.0,94.0,93.0,93.0,93.0,93.0
1790974329.3,max,94.0,95.0,4400,22.76,2367,4829376,94.0,92.0,2.0,94.0,92.0,94.0,94.0,94.0,94.0,93.0,93.0,93.0,93.0
1790974330.3,max,94.0,95.0,4400,22.43,2467,4843744,94.0,92.0,2.0,94.0,92.0,93.0,93.0,93.0,93.0,93.0,93.0,93.0,93.0
1790974331.4,max,93.0,95.0,4400,22.53,2467,4857952,96.0,93.0,3.0,93.0,93.0,96.0,96.0,96.0,96.0,93.0,93.0,93.0,93.0
1790974332.4,max,96.0,95.0,4400,22.97,2467,4872136,94.0,93.0,1.0,93.0,93.0,94.0,94.0,94.0,94.0,93.0,93.0,93.0,93.0
1790974333.4,max,94.0,95.0,4400,22.98,2367,4886368,94.0,92.0,2.0,92.0,93.0,94.0,94.0,94.0,94.0,93.0,93.0,93.0,93.0
1790974334.4,max,96.0,95.0,4400,23.16,2586,4900248,95.0,94.0,1.0,94.0,94.0,94.0,94.0,94.0,94.0,95.0,95.0,95.0,95.0
1790974335.4,max,94.0,95.0,4400,22.88,2467,4914720,94.0,93.0,1.0,94.0,93.0,94.0,94.0,94.0,94.0,93.0,93.0,93.0,93.0
1790974336.4,max,94.0,95.0,4400,22.92,2467,4929208,96.0,93.0,3.0,93.0,93.0,96.0,96.0,96.0,96.0,93.0,93.0,93.0,93.0
1790974337.5,max,94.0,95.0,4400,22.86,2467,4943752,96.0,92.0,4.0,92.0,93.0,96.0,96.0,96.0,96.0,93.0,93.0,93.0,93.0
1790974338.5,max,94.0,95.0,4400,23.04,2500,4958368,96.0,93.0,3.0,94.0,93.0,96.0,96.0,96.0,96.0,94.0,94.0,94.0,94.0
1790974339.5,max,94.0,95.0,4400,22.95,2367,4972840,94.0,93.0,1.0,94.0,93.0,94.0,94.0,94.0,94.0,93.0,93.0,93.0,93.0
1790974340.5,max,94.0,95.0,4400,22.86,2467,4987040,94.0,93.0,1.0,93.0,93.0,94.0,94.0,94.0,94.0,93.0,93.0,93.0,93.0
1790974341.5,max,93.0,95.0,4400,23.25,2367,5000512,94.0,93.0,1.0,93.0,93.0,94.0,94.0,94.0,94.0,93.0,93.0,93.0,93.0
1790974342.5,max,94.0,95.0,4400,22.78,2367,5014872,94.0,93.0,1.0,93.0,93.0,94.0,93.0,93.0,93.0,93.0,93.0,93.0,93.0
1790974343.6,max,94.0,95.0,4400,22.72,2497,5029016,94.0,93.0,1.0,93.0,94.0,93.0,93.0,93.0,93.0,93.0,93.0,93.0,93.0
1790974344.6,max,94.0,95.0,4400,23.08,2467,5043280,94.0,93.0,1.0,94.0,93.0,94.0,94.0,94.0,94.0,93.0,93.0,93.0,93.0
1790974345.6,max,94.0,95.0,4400,22.71,2467,5057504,94.0,93.0,1.0,94.0,94.0,94.0,94.0,94.0,94.0,93.0,93.0,93.0,93.0
1790974346.6,max,96.0,95.0,4400,22.65,2467,5071712,96.0,93.0,3.0,93.0,93.0,96.0,96.0,96.0,96.0,93.0,93.0,93.0,93.0
1790974347.6,max,96.0,95.0,4400,22.42,2467,5085936,94.0,93.0,1.0,93.0,93.0,94.0,94.0,94.0,94.0,93.0,93.0,93.0,93.0
1790974348.7,max,94.0,95.0,4400,22.44,2379,5100000,94.0,92.0,2.0,93.0,92.0,94.0,94.0,94.0,94.0,93.0,93.0,93.0,93.0
1790974349.7,max,94.0,95.0,4400,22.0,2367,5114016,94.0,92.0,2.0,93.0,92.0,94.0,94.0,94.0,94.0,93.0,93.0,93.0,93.0
1790974350.7,max,94.0,95.0,4400,21.76,2367,5128152,94.0,92.0,2.0,94.0,92.0,93.0,93.0,93.0,93.0,93.0,93.0,93.0,93.0
1790974351.7,max,94.0,95.0,4400,21.85,2467,5142096,94.0,92.0,2.0,93.0,92.0,94.0,94.0,94.0,94.0,93.0,93.0,93.0,93.0
1790974352.7,max,94.0,95.0,4400,22.4,2425,5156360,94.0,92.0,2.0,93.0,92.0,94.0,94.0,94.0,94.0,93.0,93.0,93.0,93.0
1790974353.7,max,96.0,95.0,4400,22.37,2366,5170160,94.0,90.0,4.0,94.0,90.0,94.0,94.0,94.0,94.0,93.0,93.0,93.0,93.0
1790974354.8,max,96.0,95.0,4400,22.23,2425,5184480,94.0,92.0,2.0,94.0,92.0,94.0,94.0,94.0,94.0,93.0,93.0,93.0,93.0
1790974355.8,max,94.0,95.0,4400,22.2,2467,5198744,94.0,92.0,2.0,93.0,92.0,94.0,94.0,94.0,94.0,93.0,93.0,93.0,93.0
1790974356.8,max,96.0,95.0,4400,22.42,2467,5213040,96.0,93.0,3.0,94.0,93.0,96.0,96.0,96.0,96.0,93.0,93.0,93.0,93.0
1790974357.8,max,93.0,95.0,4400,22.25,2467,5227200,94.0,93.0,1.0,93.0,93.0,94.0,94.0,94.0,94.0,93.0,93.0,93.0,93.0
1790974358.8,max,93.0,95.0,4400,22.57,2466,5241544,94.0,92.0,2.0,92.0,93.0,94.0,94.0,94.0,94.0,93.0,93.0,93.0,93.0
1790974359.8,max,96.0,95.0,4400,22.19,2467,5255816,96.0,93.0,3.0,93.0,93.0,96.0,93.0,93.0,93.0,93.0,93.0,93.0,93.0
1790974360.9,max,96.0,95.0,4400,22.19,2367,5269992,94.0,92.0,2.0,93.0,92.0,94.0,94.0,94.0,94.0,93.0,93.0,93.0,93.0
1790974361.9,max,94.0,95.0,4400,22.2,2467,5283680,96.0,93.0,3.0,94.0,94.0,96.0,96.0,96.0,96.0,93.0,93.0,93.0,93.0
1790974362.9,max,94.0,95.0,4400,22.26,2500,5297264,94.0,92.0,2.0,92.0,93.0,94.0,94.0,94.0,94.0,93.0,93.0,93.0,93.0
1790974363.9,max,96.0,95.0,4400,22.32,2367,5311144,94.0,93.0,1.0,93.0,93.0,94.0,94.0,94.0,94.0,93.0,93.0,93.0,93.0
1790974364.9,max,94.0,95.0,4400,22.13,2367,5325176,96.0,92.0,4.0,92.0,92.0,96.0,96.0,96.0,96.0,93.0,93.0,93.0,93.0
1790974365.9,max,96.0,95.0,4400,22.19,2467,5338848,94.0,92.0,2.0,92.0,92.0,94.0,94.0,94.0,94.0,93.0,93.0,93.0,93.0
1790974367.0,max,94.0,95.0,4400,22.28,2467,5352888,94.0,92.0,2.0,93.0,92.0,94.0,94.0,94.0,94.0,93.0,93.0,93.0,93.0
1790974368.0,max,94.0,95.0,4400,21.99,2452,5366936,94.0,93.0,1.0,93.0,93.0,94.0,94.0,94.0,94.0,93.0,93.0,93.0,93.0
1790974369.0,max,96.0,95.0,4400,22.12,2467,5380848,93.0,93.0,0.0,93.0,93.0,93.0,93.0,93.0,93.0,93.0,93.0,93.0,93.0
1790974370.0,max,94.0,95.0,4400,22.04,2467,5394688,94.0,93.0,1.0,94.0,93.0,94.0,94.0,94.0,94.0,93.0,93.0,93.0,94.0
1790974371.0,max,96.0,95.0,4400,22.3,2467,5408504,94.0,92.0,2.0,92.0,93.0,94.0,94.0,94.0,94.0,93.0,93.0,93.0,93.0
1790974372.0,max,94.0,95.0,4400,21.88,2402,5422400,96.0,93.0,3.0,93.0,93.0,96.0,96.0,96.0,96.0,93.0,93.0,93.0,93.0
1790974373.0,max,94.0,95.0,4400,21.67,2367,5436416,96.0,92.0,4.0,93.0,92.0,94.0,94.0,96.0,96.0,93.0,93.0,93.0,93.0
1790974374.1,max,94.0,95.0,4400,21.91,2367,5450256,96.0,92.0,4.0,93.0,92.0,94.0,96.0,96.0,94.0,93.0,93.0,93.0,93.0
1790974375.1,max,94.0,95.0,4400,22.32,2467,5463984,94.0,93.0,1.0,93.0,93.0,94.0,94.0,94.0,94.0,93.0,93.0,93.0,93.0
1790974376.1,max,94.0,95.0,4400,22.07,2467,5477832,94.0,93.0,1.0,94.0,93.0,94.0,94.0,94.0,94.0,93.0,93.0,93.0,93.0
1790974377.1,max,96.0,95.0,4400,21.78,2410,5492096,94.0,93.0,1.0,93.0,93.0,94.0,94.0,94.0,94.0,93.0,93.0,93.0,93.0
1790974378.1,max,94.0,95.0,4400,21.94,2367,5506368,94.0,91.0,3.0,93.0,93.0,94.0,94.0,94.0,94.0,93.0,93.0,91.0,91.0
1790974379.1,max,94.0,95.0,4400,22.03,2379,5520752,94.0,93.0,1.0,93.0,93.0,94.0,94.0,94.0,94.0,93.0,93.0,93.0,93.0
1790974380.2,max,94.0,95.0,4400,21.99,2467,5535248,96.0,93.0,3.0,93.0,93.0,96.0,96.0,96.0,96.0,93.0,93.0,93.0,93.0
1790974381.2,max,96.0,95.0,4400,22.14,2367,5549632,96.0,92.0,4.0,93.0,92.0,96.0,96.0,96.0,94.0,93.0,93.0,93.0,93.0
1790974382.2,max,96.0,95.0,4400,21.72,2367,5564048,94.0,93.0,1.0,93.0,93.0,94.0,93.0,93.0,93.0,93.0,93.0,93.0,93.0
1790974383.2,max,94.0,95.0,4400,22.31,2367,5577704,94.0,93.0,1.0,93.0,94.0,94.0,94.0,94.0,94.0,93.0,93.0,93.0,93.0
1790974384.2,max,96.0,95.0,4400,21.82,2367,5591960,94.0,92.0,2.0,92.0,92.0,93.0,94.0,94.0,94.0,93.0,93.0,93.0,93.0
1790974385.2,max,94.0,95.0,4400,22.03,2367,5606280,94.0,92.0,2.0,94.0,92.0,94.0,94.0,94.0,94.0,93.0,93.0,93.0,93.0
1790974386.3,max,94.0,95.0,4400,21.88,2367,5620352,94.0,93.0,1.0,93.0,93.0,94.0,94.0,94.0,94.0,93.0,93.0,93.0,93.0
1790974387.3,max,96.0,95.0,4400,21.98,2467,5634824,94.0,92.0,2.0,94.0,92.0,94.0,94.0,94.0,94.0,93.0,93.0,93.0,93.0
1790974388.3,max,94.0,95.0,4400,21.7,2467,5649440,94.0,92.0,2.0,93.0,92.0,94.0,94.0,94.0,94.0,93.0,93.0,93.0,93.0
1790974389.3,max,96.0,95.0,4400,21.74,2467,5663912,94.0,92.0,2.0,93.0,92.0,94.0,93.0,93.0,93.0,94.0,94.0,94.0,94.0
1790974390.4,max,96.0,95.0,4400,22.11,2467,5678384,93.0,93.0,0.0,93.0,93.0,93.0,93.0,93.0,93.0,93.0,93.0,93.0,93.0
1790974391.4,max,94.0,95.0,4400,22.03,2367,5692680,94.0,92.0,2.0,92.0,92.0,94.0,94.0,94.0,94.0,93.0,93.0,93.0,93.0
1790974392.4,max,94.0,95.0,4400,21.59,2441,5707080,96.0,93.0,3.0,93.0,93.0,96.0,96.0,94.0,94.0,93.0,93.0,93.0,93.0
1790974393.4,max,94.0,95.0,4400,21.82,2367,5721496,96.0,93.0,3.0,93.0,93.0,93.0,93.0,96.0,96.0,93.0,94.0,93.0,93.0
1790974394.4,max,94.0,95.0,4400,21.81,2467,5735960,94.0,93.0,1.0,94.0,93.0,94.0,94.0,94.0,94.0,93.0,93.0,93.0,93.0
1790974395.4,max,96.0,95.0,4400,21.8,2367,5750352,94.0,92.0,2.0,93.0,92.0,94.0,94.0,94.0,94.0,93.0,93.0,93.0,93.0
1790974396.5,max,94.0,95.0,4400,21.9,2446,5764688,96.0,93.0,3.0,93.0,93.0,96.0,96.0,96.0,96.0,93.0,93.0,93.0,93.0
1790974397.5,max,94.0,95.0,4400,22.08,2467,5779160,94.0,93.0,1.0,93.0,93.0,93.0,93.0,93.0,94.0,93.0,93.0,93.0,93.0
1790974398.5,max,94.0,95.0,4400,21.9,2367,5793664,94.0,92.0,2.0,93.0,92.0,94.0,94.0,94.0,94.0,93.0,93.0,93.0,93.0
1790974399.5,max,94.0,95.0,4400,21.67,2444,5807960,96.0,93.0,3.0,94.0,93.0,96.0,96.0,96.0,94.0,93.0,93.0,93.0,93.0
1790974400.5,max,94.0,95.0,4400,21.66,2467,5822296,96.0,93.0,3.0,93.0,93.0,94.0,94.0,94.0,96.0,93.0,93.0,93.0,93.0
1790974401.5,max,94.0,95.0,4400,22.14,2367,5836760,94.0,92.0,2.0,93.0,92.0,94.0,94.0,94.0,94.0,93.0,93.0,93.0,93.0
1790974402.6,max,94.0,95.0,4400,21.96,2467,5851208,94.0,93.0,1.0,94.0,93.0,94.0,94.0,94.0,94.0,93.0,93.0,93.0,93.0
1790974403.6,max,96.0,95.0,4400,22.14,2367,5865712,96.0,92.0,4.0,93.0,92.0,94.0,96.0,96.0,96.0,93.0,93.0,93.0,93.0
1790974404.6,max,93.0,95.0,4400,22.26,2467,5878992,93.0,92.0,1.0,93.0,92.0,92.0,92.0,92.0,92.0,93.0,93.0,93.0,93.0
1790974405.6,max,93.0,95.0,4400,21.9,2446,5893056,94.0,93.0,1.0,93.0,93.0,94.0,94.0,94.0,94.0,93.0,93.0,93.0,93.0
1790974406.6,max,93.0,95.0,4400,22.04,2467,5907544,96.0,92.0,4.0,93.0,92.0,96.0,96.0,94.0,94.0,93.0,93.0,93.0,93.0
1790974407.6,max,96.0,95.0,4400,21.86,2453,5921960,94.0,93.0,1.0,93.0,93.0,94.0,94.0,94.0,94.0,93.0,93.0,93.0,93.0
1790974408.7,max,94.0,95.0,4400,21.88,2480,5936296,96.0,93.0,3.0,93.0,93.0,96.0,96.0,96.0,96.0,93.0,93.0,93.0,93.0
1790974409.7,max,94.0,95.0,4400,21.92,2467,5950688,94.0,93.0,1.0,93.0,93.0,94.0,94.0,94.0,94.0,93.0,93.0,93.0,93.0
1790974410.7,max,94.0,95.0,4400,21.57,2467,5964968,96.0,93.0,3.0,93.0,93.0,96.0,96.0,94.0,94.0,93.0,93.0,93.0,93.0
1790974411.7,max,94.0,95.0,4400,21.65,2367,5979312,94.0,92.0,2.0,93.0,92.0,94.0,94.0,93.0,93.0,93.0,93.0,93.0,93.0
1790974412.7,max,96.0,95.0,4400,21.35,2467,5993584,94.0,92.0,2.0,92.0,93.0,94.0,94.0,94.0,94.0,93.0,93.0,93.0,93.0
1790974413.7,max,94.0,95.0,4400,21.58,2367,6007808,94.0,92.0,2.0,92.0,92.0,94.0,94.0,94.0,94.0,93.0,93.0,93.0,93.0
1790974414.7,max,96.0,95.0,4400,21.75,2379,6022136,94.0,93.0,1.0,94.0,93.0,94.0,94.0,94.0,94.0,93.0,93.0,93.0,93.0
1790974415.8,max,94.0,95.0,4400,21.9,2439,6036408,96.0,93.0,3.0,94.0,93.0,96.0,96.0,96.0,96.0,93.0,93.0,93.0,93.0
1790974416.8,max,94.0,95.0,4400,21.73,2392,6050792,96.0,93.0,3.0,93.0,93.0,96.0,96.0,96.0,96.0,93.0,93.0,93.0,93.0
1790974417.8,max,94.0,95.0,4400,21.66,2367,6064752,94.0,93.0,1.0,93.0,93.0,94.0,94.0,94.0,94.0,93.0,93.0,93.0,93.0
1790974418.8,max,94.0,95.0,4400,21.67,2367,6079104,94.0,93.0,1.0,93.0,93.0,94.0,94.0,94.0,94.0,93.0,93.0,93.0,93.0
1790974419.8,max,94.0,95.0,4400,21.57,2467,6093392,96.0,92.0,4.0,93.0,92.0,96.0,96.0,96.0,96.0,93.0,93.0,93.0,93.0
1790974420.9,max,96.0,95.0,4400,21.75,2367,6107776,94.0,93.0,1.0,94.0,93.0,94.0,94.0,94.0,94.0,93.0,93.0,93.0,93.0
1790974421.9,max,94.0,95.0,4400,22.1,2467,6122216,96.0,93.0,3.0,93.0,93.0,94.0,94.0,94.0,96.0,93.0,93.0,93.0,93.0
1790974422.9,max,96.0,95.0,4400,21.75,2367,6136576,94.0,92.0,2.0,92.0,93.0,94.0,94.0,94.0,94.0,93.0,93.0,93.0,93.0
1790974423.9,max,94.0,95.0,4400,21.58,2373,6150896,93.0,93.0,0.0,93.0,93.0,93.0,93.0,93.0,93.0,93.0,93.0,93.0,93.0
1790974424.9,max,96.0,95.0,4400,21.76,2367,6164680,96.0,92.0,4.0,92.0,96.0,93.0,93.0,93.0,94.0,93.0,93.0,93.0,93.0
1790974425.9,max,96.0,95.0,4400,22.12,2467,6178432,94.0,93.0,1.0,93.0,93.0,94.0,94.0,94.0,94.0,94.0,94.0,94.0,94.0
1790974426.9,max,96.0,95.0,4400,21.3,2467,6192440,94.0,92.0,2.0,92.0,94.0,94.0,94.0,94.0,94.0,93.0,93.0,93.0,93.0
1790974428.0,max,96.0,95.0,4400,21.64,2367,6206576,96.0,93.0,3.0,93.0,93.0,93.0,93.0,96.0,96.0,93.0,93.0,93.0,93.0
1790974429.0,max,94.0,95.0,4400,21.96,2467,6221000,94.0,93.0,1.0,94.0,93.0,94.0,94.0,94.0,94.0,93.0,93.0,93.0,93.0
1790974430.0,max,94.0,95.0,4400,21.53,2467,6235280,94.0,92.0,2.0,94.0,92.0,94.0,94.0,94.0,94.0,93.0,93.0,93.0,93.0
1790974431.0,max,94.0,95.0,4400,21.82,2467,6249680,96.0,93.0,3.0,93.0,93.0,96.0,96.0,96.0,96.0,93.0,93.0,93.0,93.0
1790974432.0,max,96.0,95.0,4400,21.76,2367,6263912,96.0,92.0,4.0,94.0,92.0,96.0,96.0,96.0,96.0,93.0,93.0,93.0,93.0
1790974433.0,max,94.0,95.0,4400,21.43,2267,6277960,96.0,92.0,4.0,94.0,92.0,96.0,96.0,96.0,96.0,93.0,93.0,93.0,93.0
1790974434.1,max,94.0,95.0,4400,21.67,2367,6292280,94.0,93.0,1.0,93.0,93.0,94.0,94.0,94.0,94.0,93.0,93.0,93.0,93.0
1790974435.1,max,94.0,95.0,4400,21.62,2367,6306544,96.0,93.0,3.0,93.0,93.0,96.0,96.0,96.0,96.0,93.0,93.0,93.0,93.0
1790974436.1,max,93.0,95.0,4400,21.87,2373,6320736,94.0,93.0,1.0,94.0,93.0,94.0,94.0,94.0,94.0,93.0,93.0,93.0,93.0
1790974437.1,max,96.0,95.0,4400,21.78,2367,6335096,94.0,93.0,1.0,94.0,93.0,94.0,94.0,94.0,94.0,93.0,93.0,93.0,93.0
1790974438.1,max,93.0,95.0,4400,21.64,2440,6349416,94.0,93.0,1.0,93.0,93.0,94.0,94.0,94.0,94.0,93.0,93.0,93.0,93.0
1790974439.1,max,96.0,95.0,4400,21.75,2467,6363800,94.0,93.0,1.0,93.0,93.0,94.0,94.0,94.0,94.0,93.0,93.0,93.0,93.0
1790974440.2,max,94.0,95.0,4400,21.53,2467,6378096,96.0,93.0,3.0,93.0,93.0,96.0,96.0,96.0,96.0,93.0,93.0,93.0,93.0
1790974441.2,max,94.0,95.0,4400,21.77,2417,6392480,94.0,93.0,1.0,94.0,93.0,94.0,94.0,94.0,94.0,94.0,94.0,94.0,94.0
1790974442.2,max,94.0,95.0,4400,21.61,2465,6406808,94.0,92.0,2.0,93.0,92.0,94.0,94.0,93.0,93.0,93.0,93.0,93.0,93.0
1790974443.2,max,94.0,95.0,4400,21.52,2429,6421032,96.0,92.0,4.0,93.0,92.0,96.0,96.0,94.0,94.0,93.0,93.0,93.0,93.0
1790974444.2,max,94.0,95.0,4400,21.39,2465,6435320,96.0,93.0,3.0,93.0,93.0,96.0,96.0,96.0,96.0,93.0,93.0,93.0,93.0
1790974445.3,max,94.0,95.0,4400,21.57,2367,6449632,96.0,91.0,5.0,94.0,92.0,94.0,96.0,96.0,96.0,93.0,93.0,91.0,91.0
1790974446.3,max,94.0,95.0,4400,21.61,2367,6462792,94.0,92.0,2.0,93.0,92.0,94.0,94.0,94.0,94.0,93.0,93.0,93.0,93.0
1790974447.3,max,96.0,95.0,4400,21.45,2433,6477480,94.0,93.0,1.0,93.0,93.0,94.0,94.0,94.0,94.0,93.0,93.0,93.0,94.0
1790974448.3,max,96.0,95.0,4400,20.93,2367,6491448,94.0,93.0,1.0,94.0,93.0,93.0,94.0,94.0,94.0,93.0,93.0,93.0,93.0
1790974449.3,max,94.0,95.0,4400,21.75,2367,6505832,94.0,93.0,1.0,93.0,93.0,93.0,94.0,94.0,94.0,93.0,93.0,93.0,93.0
1790974450.4,max,94.0,95.0,4400,21.99,2467,6520336,94.0,93.0,1.0,94.0,93.0,94.0,94.0,94.0,94.0,94.0,94.0,93.0,93.0
1790974451.4,max,96.0,95.0,4400,21.64,2370,6534656,96.0,92.0,4.0,93.0,92.0,96.0,96.0,96.0,96.0,93.0,93.0,93.0,93.0
1790974452.4,max,94.0,95.0,4400,21.77,2467,6549320,94.0,93.0,1.0,94.0,93.0,94.0,94.0,94.0,94.0,93.0,93.0,93.0,93.0
1790974453.4,max,94.0,95.0,4400,21.71,2431,6563720,94.0,93.0,1.0,94.0,93.0,94.0,94.0,94.0,94.0,93.0,93.0,93.0,93.0
1790974454.5,max,94.0,95.0,4400,21.53,2435,6577968,94.0,92.0,2.0,92.0,93.0,94.0,94.0,94.0,94.0,93.0,93.0,93.0,93.0
1790974455.5,max,96.0,95.0,4400,21.33,2367,6592232,96.0,92.0,4.0,92.0,92.0,94.0,94.0,96.0,96.0,93.0,93.0,93.0,93.0
1790974456.5,max,94.0,95.0,4400,21.26,2367,6606376,94.0,92.0,2.0,92.0,92.0,94.0,94.0,94.0,94.0,93.0,93.0,93.0,93.0
1790974457.5,max,96.0,95.0,4400,21.4,2367,6620448,94.0,92.0,2.0,92.0,92.0,94.0,94.0,94.0,94.0,93.0,93.0,93.0,93.0
1790974458.5,max,94.0,95.0,4400,21.35,2467,6634752,94.0,93.0,1.0,93.0,93.0,94.0,94.0,94.0,94.0,93.0,93.0,93.0,93.0
1790974459.5,max,94.0,95.0,4400,21.27,2367,6648984,94.0,92.0,2.0,92.0,92.0,94.0,94.0,94.0,94.0,93.0,93.0,93.0,93.0
1790974460.6,max,94.0,95.0,4400,21.44,2465,6663144,94.0,93.0,1.0,94.0,93.0,94.0,94.0,94.0,94.0,93.0,93.0,93.0,93.0
1790974461.6,max,96.0,95.0,4400,21.36,2467,6677408,94.0,93.0,1.0,94.0,93.0,94.0,94.0,94.0,94.0,93.0,93.0,93.0,93.0
1790974462.6,max,96.0,95.0,4400,21.72,2467,6691608,96.0,93.0,3.0,94.0,93.0,96.0,94.0,94.0,94.0,93.0,93.0,93.0,93.0
1790974463.6,max,96.0,95.0,4400,21.37,2367,6705888,96.0,93.0,3.0,93.0,93.0,96.0,96.0,96.0,96.0,93.0,93.0,93.0,93.0
1790974464.6,max,94.0,95.0,4400,21.3,2427,6720160,94.0,92.0,2.0,93.0,92.0,94.0,94.0,94.0,94.0,93.0,93.0,93.0,93.0
1790974465.6,max,94.0,95.0,4400,21.72,2367,6734408,96.0,93.0,3.0,93.0,94.0,96.0,96.0,96.0,96.0,93.0,93.0,93.0,93.0
1790974466.7,max,94.0,95.0,4400,21.12,2367,6748576,96.0,93.0,3.0,96.0,93.0,94.0,94.0,94.0,94.0,93.0,93.0,93.0,93.0
1790974467.7,max,96.0,95.0,4400,21.56,2467,6761920,96.0,93.0,3.0,93.0,93.0,96.0,96.0,96.0,96.0,94.0,94.0,94.0,94.0
1790974468.7,max,94.0,95.0,4400,21.59,2457,6776248,96.0,93.0,3.0,93.0,93.0,96.0,96.0,96.0,96.0,93.0,93.0,93.0,94.0
1790974469.7,max,94.0,95.0,4400,21.38,2367,6790592,96.0,93.0,3.0,93.0,93.0,96.0,96.0,96.0,96.0,93.0,93.0,93.0,93.0
1790974470.7,max,96.0,95.0,4400,21.39,2421,6804912,94.0,92.0,2.0,94.0,92.0,94.0,94.0,94.0,94.0,93.0,93.0,93.0,93.0
1790974471.7,max,93.0,95.0,4400,21.19,2421,6819208,94.0,93.0,1.0,93.0,93.0,94.0,94.0,94.0,94.0,93.0,93.0,93.0,93.0
1790974472.8,max,94.0,95.0,4400,21.56,2367,6833528,96.0,93.0,3.0,93.0,93.0,96.0,96.0,96.0,96.0,93.0,93.0,93.0,93.0
1790974473.8,max,96.0,95.0,4400,21.4,2367,6847720,94.0,93.0,1.0,93.0,93.0,94.0,94.0,94.0,94.0,93.0,93.0,93.0,93.0
1790974474.8,max,96.0,95.0,4400,21.32,2432,6861816,94.0,93.0,1.0,94.0,93.0,94.0,94.0,94.0,94.0,93.0,93.0,93.0,93.0
1790974475.8,max,94.0,95.0,4400,21.38,2428,6876080,94.0,92.0,2.0,94.0,92.0,94.0,94.0,94.0,94.0,93.0,93.0,93.0,93.0
1790974476.8,max,94.0,95.0,4400,21.13,2467,6890328,94.0,93.0,1.0,94.0,94.0,94.0,94.0,94.0,94.0,93.0,93.0,93.0,93.0
1790974477.9,max,94.0,95.0,4400,21.35,2467,6904472,94.0,93.0,1.0,94.0,93.0,94.0,94.0,94.0,94.0,93.0,93.0,93.0,93.0
1790974478.9,max,96.0,95.0,4400,21.21,2467,6918776,94.0,93.0,1.0,94.0,93.0,94.0,94.0,94.0,94.0,93.0,94.0,94.0,94.0
1790974479.9,max,93.0,95.0,4400,21.42,2367,6933088,94.0,93.0,1.0,94.0,93.0,94.0,94.0,94.0,94.0,93.0,93.0,93.0,93.0
1790974480.9,max,94.0,95.0,4400,21.17,2467,6947296,94.0,93.0,1.0,93.0,93.0,94.0,94.0,94.0,94.0,93.0,93.0,93.0,93.0
1790974481.9,max,96.0,95.0,4400,21.74,2423,6961632,94.0,93.0,1.0,93.0,93.0,94.0,94.0,94.0,94.0,93.0,93.0,93.0,94.0
1790974483.0,max,96.0,95.0,4400,21.58,2367,6975984,96.0,92.0,4.0,93.0,92.0,96.0,96.0,96.0,96.0,93.0,93.0,93.0,93.0
1790974484.0,max,94.0,95.0,4400,21.4,2467,6990224,96.0,93.0,3.0,93.0,94.0,96.0,96.0,96.0,96.0,93.0,93.0,93.0,93.0
1790974485.0,max,94.0,95.0,4400,21.38,2367,7004472,96.0,92.0,4.0,93.0,92.0,96.0,96.0,96.0,96.0,93.0,93.0,93.0,93.0
1790974486.0,max,96.0,95.0,4400,21.44,2367,7018648,94.0,93.0,1.0,93.0,93.0,93.0,94.0,94.0,94.0,93.0,93.0,93.0,93.0
1790974487.0,max,96.0,95.0,4400,21.15,2367,7032832,94.0,92.0,2.0,93.0,92.0,94.0,94.0,94.0,94.0,93.0,93.0,93.0,93.0
1790974488.0,max,94.0,95.0,4400,21.43,2267,7046416,94.0,93.0,1.0,93.0,93.0,94.0,94.0,94.0,94.0,93.0,93.0,93.0,93.0
1790974489.1,max,94.0,95.0,4400,21.13,2367,7060168,96.0,93.0,3.0,93.0,93.0,96.0,96.0,96.0,96.0,93.0,93.0,93.0,93.0
1790974490.1,max,94.0,95.0,4400,21.22,2367,7074392,94.0,93.0,1.0,93.0,93.0,94.0,94.0,94.0,94.0,93.0,93.0,93.0,93.0
1790974491.1,max,94.0,95.0,4400,21.32,2367,7088688,94.0,93.0,1.0,93.0,93.0,94.0,94.0,94.0,94.0,93.0,93.0,93.0,93.0
1790974492.1,max,94.0,95.0,4400,21.27,2367,7102968,94.0,93.0,1.0,93.0,93.0,94.0,94.0,94.0,94.0,93.0,93.0,93.0,93.0
1790974493.1,max,96.0,95.0,4400,21.28,2367,7117144,94.0,92.0,2.0,93.0,92.0,94.0,94.0,94.0,94.0,93.0,93.0,93.0,93.0
1790974494.2,max,96.0,95.0,4400,21.23,2367,7131344,94.0,93.0,1.0,93.0,93.0,94.0,94.0,94.0,94.0,94.0,94.0,94.0,94.0
1790974495.2,max,94.0,95.0,4400,21.24,2367,7145544,94.0,92.0,2.0,93.0,92.0,93.0,94.0,94.0,94.0,93.0,93.0,93.0,93.0
1790974496.2,max,96.0,95.0,4400,21.23,2367,7159440,96.0,93.0,3.0,93.0,93.0,94.0,94.0,94.0,96.0,93.0,93.0,93.0,93.0
1790974497.2,max,94.0,95.0,4400,21.19,2367,7173672,94.0,93.0,1.0,93.0,93.0,94.0,94.0,94.0,94.0,93.0,93.0,93.0,93.0
1790974498.2,max,94.0,95.0,4400,21.23,2467,7187928,96.0,93.0,3.0,94.0,93.0,96.0,96.0,96.0,96.0,94.0,94.0,94.0,94.0
1790974499.2,max,94.0,95.0,4400,21.08,2387,7202104,94.0,93.0,1.0,93.0,93.0,94.0,94.0,94.0,94.0,93.0,93.0,93.0,93.0
1790974500.3,max,96.0,95.0,4400,20.88,2367,7216128,96.0,92.0,4.0,92.0,93.0,96.0,96.0,96.0,96.0,93.0,93.0,93.0,93.0
1790974501.3,max,94.0,95.0,4400,21.08,2367,7230160,96.0,92.0,4.0,93.0,92.0,94.0,94.0,96.0,96.0,93.0,93.0,93.0,93.0
1790974502.3,max,94.0,95.0,4400,20.47,2367,7243976,94.0,92.0,2.0,93.0,92.0,94.0,94.0,94.0,94.0,93.0,93.0,93.0,93.0
1790974503.3,max,94.0,95.0,4400,20.75,2457,7258000,96.0,93.0,3.0,94.0,93.0,96.0,96.0,96.0,96.0,93.0,93.0,93.0,93.0
1790974504.3,max,94.0,95.0,4400,20.94,2467,7272040,96.0,93.0,3.0,93.0,93.0,96.0,96.0,96.0,96.0,93.0,93.0,93.0,93.0
1790974505.3,max,94.0,95.0,4400,20.87,2367,7286032,94.0,92.0,2.0,93.0,92.0,94.0,94.0,94.0,94.0,93.0,93.0,93.0,93.0
1790974506.4,max,94.0,95.0,4400,21.16,2367,7300120,94.0,92.0,2.0,94.0,92.0,93.0,94.0,94.0,94.0,93.0,93.0,93.0,93.0
1790974507.4,max,94.0,95.0,4400,20.77,2467,7314224,96.0,92.0,4.0,93.0,92.0,96.0,96.0,96.0,96.0,93.0,93.0,93.0,93.0
1790974508.4,max,94.0,95.0,4400,20.93,2367,7328136,94.0,93.0,1.0,93.0,93.0,94.0,94.0,94.0,94.0,93.0,93.0,93.0,93.0
1790974509.4,max,94.0,95.0,4400,21.18,2467,7341280,96.0,93.0,3.0,94.0,93.0,96.0,96.0,96.0,96.0,93.0,93.0,93.0,93.0
1790974510.4,max,94.0,95.0,4400,21.16,2367,7355296,94.0,93.0,1.0,94.0,93.0,94.0,94.0,94.0,94.0,93.0,93.0,93.0,93.0
1790974511.4,max,96.0,95.0,4400,21.3,2367,7369520,96.0,92.0,4.0,92.0,92.0,94.0,96.0,96.0,96.0,93.0,93.0,93.0,93.0
1790974512.5,max,96.0,95.0,4400,21.27,2367,7383776,94.0,92.0,2.0,92.0,93.0,94.0,94.0,94.0,94.0,93.0,93.0,93.0,93.0
1790974513.5,max,96.0,95.0,4400,21.13,2367,7397928,94.0,93.0,1.0,93.0,93.0,94.0,94.0,94.0,94.0,93.0,93.0,93.0,93.0
1790974514.5,max,94.0,95.0,4400,21.05,2367,7412024,94.0,93.0,1.0,93.0,93.0,94.0,94.0,94.0,94.0,93.0,93.0,93.0,93.0
1790974515.5,max,94.0,95.0,4400,21.09,2447,7425984,94.0,93.0,1.0,93.0,93.0,94.0,94.0,94.0,94.0,93.0,93.0,93.0,93.0
1790974516.5,max,94.0,95.0,4400,20.89,2360,7439768,96.0,93.0,3.0,93.0,93.0,93.0,93.0,96.0,96.0,93.0,93.0,93.0,93.0
1790974517.5,max,96.0,95.0,4400,20.94,2367,7453800,94.0,93.0,1.0,93.0,93.0,94.0,94.0,94.0,94.0,93.0,93.0,93.0,93.0
1790974518.6,max,96.0,95.0,4400,20.88,2349,7467752,94.0,92.0,2.0,93.0,92.0,94.0,94.0,94.0,94.0,93.0,93.0,93.0,93.0
1790974519.6,max,94.0,95.0,4400,21.01,2367,7481928,94.0,93.0,1.0,93.0,93.0,94.0,94.0,94.0,94.0,93.0,93.0,93.0,93.0
1790974520.6,max,93.0,95.0,4400,20.92,2367,7495920,96.0,92.0,4.0,93.0,92.0,96.0,94.0,94.0,94.0,93.0,93.0,93.0,93.0
1790974521.6,max,96.0,95.0,4400,21.41,2367,7509624,94.0,93.0,1.0,93.0,93.0,94.0,94.0,94.0,94.0,93.0,93.0,93.0,93.0
1790974522.6,max,94.0,95.0,4400,20.97,2355,7523720,96.0,92.0,4.0,92.0,93.0,96.0,94.0,94.0,94.0,93.0,93.0,93.0,93.0
1790974523.6,max,94.0,95.0,4400,20.68,2467,7537632,96.0,93.0,3.0,93.0,93.0,96.0,96.0,96.0,94.0,93.0,93.0,93.0,93.0
1790974524.7,max,96.0,95.0,4400,21.25,2367,7551728,94.0,92.0,2.0,93.0,92.0,94.0,94.0,94.0,93.0,93.0,93.0,93.0,93.0
1790974525.7,max,94.0,95.0,4400,20.98,2367,7566200,94.0,92.0,2.0,93.0,92.0,93.0,93.0,93.0,94.0,93.0,93.0,93.0,93.0
1790974526.7,max,94.0,95.0,4400,20.88,2264,7580184,96.0,92.0,4.0,92.0,92.0,96.0,96.0,96.0,96.0,93.0,93.0,93.0,93.0
1790974527.7,max,93.0,95.0,4400,20.83,2367,7594224,96.0,91.0,5.0,92.0,92.0,96.0,96.0,94.0,94.0,91.0,91.0,93.0,93.0
1790974528.8,max,96.0,95.0,4400,21.1,2367,7608464,94.0,93.0,1.0,93.0,93.0,94.0,94.0,94.0,94.0,93.0,93.0,93.0,93.0
1790974529.8,max,96.0,95.0,4400,21.16,2267,7622392,94.0,91.0,3.0,94.0,92.0,94.0,94.0,94.0,94.0,91.0,91.0,91.0,91.0
1790974530.8,max,94.0,95.0,4400,20.98,2367,7636080,96.0,92.0,4.0,93.0,92.0,96.0,96.0,94.0,94.0,93.0,93.0,93.0,93.0
1790974531.8,max,94.0,95.0,4400,20.94,2450,7650080,96.0,92.0,4.0,93.0,92.0,96.0,96.0,96.0,96.0,93.0,93.0,93.0,93.0
1790974532.9,max,94.0,95.0,4400,21.16,2374,7664240,96.0,92.0,4.0,93.0,92.0,94.0,94.0,96.0,96.0,93.0,93.0,93.0,93.0
1790974533.9,max,94.0,95.0,4400,20.79,2467,7678416,96.0,91.0,5.0,94.0,93.0,96.0,96.0,96.0,94.0,91.0,91.0,93.0,93.0
1790974534.9,max,94.0,95.0,4400,20.86,2267,7692584,94.0,92.0,2.0,93.0,92.0,94.0,94.0,94.0,94.0,93.0,93.0,93.0,93.0
1790974535.9,max,94.0,95.0,4400,20.99,2367,7707184,94.0,92.0,2.0,94.0,92.0,94.0,94.0,94.0,94.0,93.0,93.0,93.0,93.0
1790974537.0,max,94.0,95.0,4400,21.16,2367,7721416,94.0,93.0,1.0,93.0,93.0,94.0,94.0,94.0,94.0,93.0,93.0,93.0,93.0
1790974538.0,max,96.0,95.0,4400,20.81,2267,7735568,94.0,92.0,2.0,92.0,92.0,94.0,94.0,94.0,94.0,93.0,93.0,93.0,93.0
1790974539.0,max,96.0,95.0,4400,21.09,2467,7749672,94.0,92.0,2.0,94.0,92.0,94.0,94.0,94.0,94.0,93.0,93.0,93.0,93.0
1790974540.0,max,96.0,95.0,4400,21.16,2367,7763904,94.0,92.0,2.0,92.0,93.0,94.0,94.0,94.0,94.0,93.0,93.0,93.0,93.0
1790974541.0,max,96.0,95.0,4400,20.97,2367,7778104,94.0,93.0,1.0,93.0,93.0,94.0,94.0,94.0,94.0,93.0,93.0,93.0,93.0
1790974542.0,max,94.0,95.0,4400,20.75,2367,7792256,94.0,92.0,2.0,93.0,92.0,94.0,94.0,94.0,94.0,93.0,93.0,93.0,93.0
1790974543.1,max,94.0,95.0,4400,21.15,2359,7806560,94.0,92.0,2.0,93.0,92.0,94.0,94.0,94.0,94.0,93.0,93.0,93.0,93.0
1790974544.1,max,96.0,95.0,4400,21.38,2367,7820864,94.0,92.0,2.0,94.0,92.0,94.0,94.0,94.0,94.0,93.0,93.0,93.0,93.0
1790974545.1,max,94.0,95.0,4400,21.29,2367,7834888,94.0,93.0,1.0,93.0,93.0,94.0,94.0,94.0,94.0,93.0,93.0,93.0,93.0
1790974546.1,max,94.0,95.0,4400,20.78,2454,7848784,94.0,93.0,1.0,93.0,93.0,94.0,94.0,94.0,94.0,93.0,93.0,93.0,93.0
1790974547.1,max,94.0,95.0,4400,21.0,2456,7862824,94.0,93.0,1.0,93.0,93.0,94.0,94.0,94.0,94.0,93.0,93.0,93.0,93.0
1790974548.1,max,96.0,95.0,4400,21.44,2467,7877240,94.0,93.0,1.0,94.0,93.0,94.0,94.0,94.0,94.0,93.0,93.0,93.0,93.0
1790974549.2,max,94.0,95.0,4400,21.25,2367,7891528,94.0,92.0,2.0,92.0,93.0,94.0,94.0,94.0,94.0,93.0,93.0,93.0,93.0
1790974550.2,max,94.0,95.0,4400,21.17,2422,7905832,96.0,93.0,3.0,93.0,93.0,96.0,96.0,96.0,96.0,94.0,94.0,94.0,94.0
1790974551.2,max,94.0,95.0,4400,21.4,2367,7919088,94.0,93.0,1.0,93.0,93.0,94.0,94.0,94.0,94.0,93.0,93.0,93.0,93.0
1790974552.2,max,96.0,95.0,4400,20.84,2367,7933264,94.0,92.0,2.0,93.0,92.0,94.0,94.0,94.0,94.0,93.0,93.0,93.0,93.0
1790974553.2,max,93.0,95.0,4400,20.83,2367,7947376,96.0,93.0,3.0,93.0,93.0,96.0,96.0,96.0,96.0,93.0,93.0,93.0,93.0
1790974554.3,max,96.0,95.0,4400,20.95,2367,7961608,96.0,93.0,3.0,94.0,93.0,94.0,96.0,96.0,96.0,93.0,93.0,93.0,93.0
1790974555.3,max,94.0,95.0,4400,21.1,2367,7975896,96.0,92.0,4.0,92.0,94.0,96.0,96.0,96.0,96.0,93.0,93.0,93.0,93.0
1790974556.3,max,96.0,95.0,4400,21.26,2367,7990104,94.0,93.0,1.0,93.0,93.0,94.0,94.0,94.0,94.0,94.0,93.0,93.0,93.0
1790974557.3,max,96.0,95.0,4400,21.34,2379,8004448,94.0,92.0,2.0,92.0,93.0,94.0,94.0,94.0,94.0,93.0,93.0,93.0,93.0
1790974558.3,max,96.0,95.0,4400,21.27,2367,8018728,94.0,93.0,1.0,93.0,93.0,94.0,94.0,94.0,94.0,94.0,94.0,94.0,94.0
1790974559.3,max,96.0,95.0,4400,21.37,2367,8033040,94.0,93.0,1.0,94.0,93.0,93.0,93.0,93.0,93.0,93.0,93.0,93.0,93.0
1790974560.4,max,96.0,95.0,4400,20.93,2367,8047248,94.0,93.0,1.0,93.0,93.0,94.0,94.0,94.0,94.0,93.0,93.0,93.0,93.0
1790974561.4,max,96.0,95.0,4400,21.03,2367,8061520,96.0,92.0,4.0,92.0,93.0,96.0,96.0,96.0,96.0,93.0,93.0,93.0,93.0
1790974562.4,max,96.0,95.0,4400,20.8,2367,8075688,94.0,93.0,1.0,93.0,93.0,94.0,94.0,94.0,94.0,93.0,93.0,93.0,93.0
1790974563.4,max,94.0,95.0,4400,21.01,2367,8089872,94.0,93.0,1.0,94.0,93.0,94.0,94.0,94.0,94.0,93.0,93.0,93.0,93.0
1790974564.4,max,94.0,95.0,4400,21.06,2467,8104040,94.0,93.0,1.0,93.0,93.0,94.0,94.0,94.0,94.0,93.0,93.0,93.0,93.0
1790974565.4,max,94.0,95.0,4400,21.08,2467,8118312,94.0,93.0,1.0,94.0,93.0,94.0,94.0,94.0,94.0,93.0,93.0,93.0,93.0
1790974566.5,max,94.0,95.0,4400,20.98,2367,8132432,94.0,93.0,1.0,93.0,93.0,94.0,94.0,94.0,94.0,93.0,93.0,93.0,93.0
1790974567.5,max,96.0,95.0,4400,21.35,2467,8146752,94.0,93.0,1.0,94.0,93.0,94.0,94.0,94.0,94.0,94.0,94.0,93.0,93.0
1790974568.5,max,94.0,95.0,4400,21.35,2382,8161112,94.0,93.0,1.0,94.0,93.0,94.0,94.0,94.0,94.0,93.0,94.0,94.0,94.0
1790974569.5,max,96.0,95.0,4400,21.38,2401,8175464,96.0,93.0,3.0,96.0,93.0,94.0,94.0,94.0,94.0,93.0,93.0,93.0,95.0
1790974570.5,max,94.0,95.0,4400,21.34,2467,8189616,96.0,93.0,3.0,94.0,93.0,96.0,96.0,96.0,96.0,93.0,93.0,93.0,93.0
1790974571.5,max,96.0,95.0,4400,21.12,2367,8203864,94.0,93.0,1.0,93.0,93.0,94.0,94.0,94.0,94.0,93.0,93.0,93.0,93.0
1790974572.6,max,94.0,95.0,4400,21.74,2398,8217272,94.0,93.0,1.0,93.0,93.0,94.0,94.0,94.0,94.0,93.0,93.0,93.0,93.0
1790974573.6,max,96.0,95.0,4400,21.27,2267,8231456,94.0,93.0,1.0,94.0,93.0,94.0,94.0,94.0,94.0,93.0,93.0,93.0,93.0
1790974574.6,max,93.0,95.0,4400,21.42,2467,8245688,94.0,93.0,1.0,94.0,93.0,94.0,94.0,94.0,94.0,93.0,93.0,93.0,94.0
1790974575.6,max,94.0,95.0,4400,21.26,2357,8259848,94.0,93.0,1.0,93.0,93.0,94.0,94.0,94.0,94.0,93.0,93.0,93.0,93.0
1790974576.6,max,96.0,95.0,4400,21.04,2367,8274072,94.0,93.0,1.0,93.0,93.0,94.0,94.0,94.0,94.0,93.0,93.0,93.0,93.0
1790974577.6,max,96.0,95.0,4400,21.32,2367,8288320,94.0,92.0,2.0,93.0,92.0,94.0,94.0,94.0,94.0,93.0,93.0,93.0,93.0
1790974578.7,max,96.0,95.0,4400,20.94,2367,8302504,94.0,92.0,2.0,94.0,92.0,94.0,94.0,94.0,94.0,93.0,93.0,94.0,94.0
1790974579.7,max,94.0,95.0,4400,21.11,2399,8316632,94.0,93.0,1.0,94.0,93.0,94.0,94.0,94.0,94.0,93.0,93.0,94.0,94.0
1790974580.7,max,96.0,95.0,4400,21.35,2364,8330976,94.0,93.0,1.0,94.0,93.0,94.0,94.0,94.0,94.0,94.0,94.0,94.0,94.0
1790974581.7,max,94.0,95.0,4400,21.15,2467,8345176,94.0,93.0,1.0,94.0,93.0,94.0,94.0,94.0,94.0,94.0,94.0,94.0,94.0
1790974582.8,max,96.0,95.0,4400,21.57,2367,8359568,96.0,93.0,3.0,93.0,94.0,96.0,96.0,96.0,96.0,93.0,93.0,93.0,93.0
1790974583.8,max,94.0,95.0,4400,21.37,2367,8373448,94.0,93.0,1.0,93.0,93.0,94.0,94.0,94.0,94.0,93.0,93.0,93.0,93.0
1790974584.8,max,96.0,95.0,4400,21.62,2367,8387184,94.0,92.0,2.0,93.0,92.0,94.0,94.0,94.0,93.0,93.0,93.0,93.0,93.0
1790974585.8,max,94.0,95.0,4400,21.09,2458,8401064,95.0,93.0,2.0,93.0,93.0,94.0,94.0,94.0,94.0,95.0,95.0,95.0,95.0
1790974586.8,max,94.0,95.0,4400,20.96,2367,8414952,94.0,93.0,1.0,93.0,93.0,94.0,94.0,94.0,94.0,93.0,93.0,93.0,93.0
1790974587.8,max,96.0,95.0,4400,21.16,2392,8429128,94.0,93.0,1.0,94.0,93.0,94.0,94.0,94.0,94.0,94.0,94.0,93.0,93.0
1790974588.8,max,94.0,95.0,4400,21.13,2367,8443376,96.0,93.0,3.0,93.0,93.0,96.0,96.0,96.0,96.0,93.0,93.0,94.0,94.0
1790974589.9,max,94.0,95.0,4400,20.95,2367,8457536,94.0,93.0,1.0,93.0,93.0,94.0,94.0,94.0,94.0,93.0,93.0,93.0,93.0
1790974590.9,max,96.0,95.0,4400,20.58,2367,8471576,94.0,92.0,2.0,92.0,93.0,94.0,94.0,94.0,94.0,93.0,93.0,93.0,93.0
1790974591.9,max,94.0,95.0,4400,20.67,2414,8485616,94.0,93.0,1.0,93.0,93.0,94.0,94.0,94.0,94.0,94.0,94.0,94.0,93.0
1790974592.9,max,94.0,95.0,4400,21.07,2267,8499336,94.0,93.0,1.0,93.0,93.0,93.0,93.0,93.0,94.0,93.0,93.0,93.0,93.0
1790974593.9,max,94.0,95.0,4400,21.06,2415,8512824,96.0,93.0,3.0,93.0,94.0,96.0,96.0,96.0,96.0,94.0,94.0,94.0,94.0
1790974594.9,max,94.0,95.0,4400,21.07,2399,8526864,96.0,93.0,3.0,93.0,93.0,96.0,96.0,96.0,96.0,94.0,94.0,94.0,94.0
1790974596.0,max,94.0,95.0,4400,20.79,2375,8540784,94.0,92.0,2.0,93.0,92.0,94.0,94.0,94.0,94.0,94.0,94.0,94.0,94.0
1790974597.0,max,94.0,95.0,4400,20.96,2367,8554984,94.0,92.0,2.0,93.0,92.0,94.0,94.0,94.0,94.0,93.0,93.0,93.0,93.0
1790974598.0,max,94.0,95.0,4400,21.09,2367,8569224,93.0,92.0,1.0,92.0,93.0,93.0,93.0,93.0,93.0,93.0,93.0,93.0,93.0
1790974599.0,max,94.0,95.0,4400,20.83,2367,8583392,94.0,93.0,1.0,93.0,93.0,94.0,94.0,94.0,94.0,93.0,93.0,93.0,93.0
1790974600.0,max,94.0,95.0,4400,21.14,2367,8597384,94.0,93.0,1.0,93.0,94.0,94.0,94.0,94.0,94.0,93.0,93.0,93.0,93.0
1790974601.0,max,94.0,95.0,4400,20.77,2415,8611440,94.0,93.0,1.0,94.0,93.0,94.0,94.0,94.0,94.0,93.0,93.0,93.0,93.0
1790974602.0,max,94.0,95.0,4400,20.83,2437,8625592,94.0,93.0,1.0,93.0,93.0,94.0,94.0,94.0,94.0,93.0,93.0,93.0,93.0
1790974603.1,max,96.0,95.0,4400,21.0,2367,8639736,96.0,93.0,3.0,94.0,93.0,94.0,94.0,96.0,96.0,93.0,93.0,93.0,93.0
1790974604.1,max,94.0,95.0,4400,20.5,2367,8653736,94.0,93.0,1.0,93.0,93.0,94.0,94.0,94.0,94.0,93.0,93.0,93.0,93.0
1790974605.1,max,96.0,95.0,4400,20.85,2467,8667880,96.0,94.0,2.0,94.0,94.0,96.0,96.0,96.0,96.0,94.0,94.0,94.0,94.0
1790974606.1,max,96.0,95.0,4400,20.46,2367,8681736,96.0,92.0,4.0,93.0,92.0,96.0,96.0,96.0,96.0,93.0,93.0,93.0,93.0
1790974607.1,max,94.0,95.0,4400,20.4,2367,8695744,96.0,93.0,3.0,93.0,93.0,96.0,96.0,96.0,96.0,93.0,93.0,93.0,93.0
1790974608.1,max,96.0,95.0,4400,20.78,2367,8709880,94.0,92.0,2.0,93.0,92.0,94.0,94.0,94.0,94.0,93.0,93.0,93.0,93.0
1790974609.2,max,96.0,95.0,4400,21.07,2367,8724072,94.0,93.0,1.0,93.0,93.0,94.0,94.0,94.0,94.0,93.0,93.0,93.0,94.0
1790974610.2,max,94.0,95.0,4400,21.04,2467,8738136,96.0,93.0,3.0,96.0,93.0,96.0,96.0,96.0,96.0,94.0,94.0,94.0,94.0
1790974611.2,max,94.0,95.0,4400,21.12,2467,8752152,95.0,94.0,1.0,94.0,94.0,94.0,94.0,94.0,94.0,95.0,95.0,95.0,95.0
1790974612.2,max,93.0,95.0,4400,20.88,2367,8766280,94.0,93.0,1.0,94.0,93.0,93.0,93.0,94.0,94.0,93.0,93.0,93.0,93.0
1790974613.2,max,94.0,95.0,4400,20.66,2367,8780280,94.0,93.0,1.0,93.0,93.0,94.0,94.0,94.0,94.0,94.0,94.0,94.0,94.0
1790974614.2,max,94.0,95.0,4400,20.46,2419,8793144,94.0,92.0,2.0,94.0,92.0,94.0,94.0,94.0,94.0,93.0,93.0,93.0,93.0
1790974615.2,max,96.0,95.0,4400,20.74,2367,8807232,94.0,93.0,1.0,94.0,94.0,94.0,94.0,94.0,94.0,93.0,93.0,93.0,93.0
1790974616.3,max,96.0,95.0,4400,20.9,2367,8821088,94.0,94.0,0.0,94.0,94.0,94.0,94.0,94.0,94.0,94.0,94.0,94.0,94.0
1790974617.3,max,94.0,95.0,4400,21.03,2367,8835376,94.0,93.0,1.0,94.0,94.0,94.0,94.0,94.0,94.0,93.0,93.0,93.0,93.0
1790974618.3,max,96.0,95.0,4400,20.46,2283,8849376,94.0,92.0,2.0,92.0,93.0,93.0,94.0,94.0,94.0,93.0,93.0,93.0,93.0
1790974619.3,max,96.0,95.0,4400,20.75,2267,8863568,96.0,92.0,4.0,93.0,92.0,96.0,96.0,96.0,96.0,93.0,93.0,93.0,93.0
1790974620.3,max,96.0,95.0,4400,20.83,2297,8877680,94.0,93.0,1.0,93.0,93.0,94.0,94.0,94.0,94.0,93.0,93.0,93.0,93.0
1790974621.4,max,96.0,95.0,4400,20.98,2267,8891912,94.0,92.0,2.0,92.0,93.0,94.0,93.0,93.0,93.0,93.0,93.0,93.0,93.0
1790974622.4,max,94.0,95.0,4400,21.17,2423,8906192,94.0,93.0,1.0,93.0,94.0,94.0,94.0,94.0,94.0,94.0,94.0,94.0,94.0
1790974623.4,max,96.0,95.0,4400,20.92,2367,8920264,94.0,93.0,1.0,94.0,93.0,94.0,94.0,94.0,94.0,93.0,93.0,93.0,93.0
1790974624.4,max,94.0,95.0,4400,21.18,2372,8934560,94.0,93.0,1.0,93.0,93.0,94.0,94.0,94.0,94.0,94.0,94.0,94.0,94.0
1790974625.4,max,96.0,95.0,4400,20.82,2367,8948696,94.0,93.0,1.0,93.0,93.0,94.0,94.0,94.0,94.0,93.0,93.0,93.0,93.0
1790974626.4,max,94.0,95.0,4400,21.06,2367,8962832,96.0,93.0,3.0,93.0,93.0,96.0,96.0,94.0,94.0,94.0,94.0,94.0,94.0
1790974627.5,max,94.0,95.0,4400,21.09,2467,8977072,96.0,93.0,3.0,93.0,94.0,96.0,96.0,96.0,96.0,93.0,93.0,93.0,93.0
1790974628.5,max,94.0,95.0,4400,20.76,2367,8991200,94.0,93.0,1.0,94.0,93.0,94.0,94.0,94.0,94.0,93.0,93.0,93.0,93.0
1790974629.5,cooldown,84.0,94.0,4400,4.22,475,0,82.0,81.0,1.0,81.0,81.0,82.0,81.0,82.0,82.0,81.0,82.0,82.0,82.0
1790974630.5,cooldown,82.0,92.0,4400,3.73,465,0,81.0,80.0,1.0,80.0,81.0,81.0,81.0,81.0,81.0,80.0,80.0,80.0,80.0
1790974631.5,cooldown,83.0,90.0,4400,3.64,532,0,81.0,78.0,3.0,78.0,81.0,81.0,80.0,81.0,81.0,80.0,80.0,80.0,80.0
1790974632.6,cooldown,82.0,88.0,4400,3.4,502,0,81.0,79.0,2.0,79.0,80.0,81.0,80.0,80.0,80.0,79.0,79.0,79.0,79.0
1790974633.6,cooldown,82.0,86.0,4400,3.6,463,0,80.0,77.0,3.0,77.0,80.0,78.0,78.0,78.0,78.0,80.0,80.0,79.0,79.0
1790974634.6,cooldown,80.0,85.0,4400,3.51,554,0,80.0,78.0,2.0,80.0,78.0,80.0,80.0,80.0,80.0,79.0,79.0,78.0,78.0
1790974635.6,cooldown,80.0,84.0,4400,7.86,583,0,81.0,80.0,1.0,80.0,80.0,81.0,81.0,80.0,80.0,80.0,80.0,80.0,80.0
1790974636.6,cooldown,80.0,84.0,4400,3.78,519,0,78.0,77.0,1.0,77.0,78.0,78.0,78.0,77.0,77.0,77.0,77.0,77.0,77.0
1790974637.6,cooldown,79.0,83.0,4400,3.55,491,0,78.0,77.0,1.0,78.0,77.0,78.0,78.0,78.0,78.0,77.0,77.0,78.0,78.0
1790974638.6,cooldown,78.0,83.0,4400,3.63,442,0,77.0,76.0,1.0,76.0,77.0,77.0,77.0,77.0,77.0,77.0,77.0,77.0,77.0
1790974639.7,cooldown,80.0,83.0,4400,3.7,442,0,77.0,74.0,3.0,77.0,74.0,77.0,77.0,77.0,77.0,76.0,75.0,75.0,75.0
1790974640.7,cooldown,78.0,82.0,4400,3.89,478,0,78.0,75.0,3.0,76.0,77.0,78.0,78.0,77.0,77.0,75.0,76.0,76.0,76.0
1790974641.7,cooldown,79.0,82.0,4400,3.49,524,0,77.0,75.0,2.0,75.0,76.0,77.0,77.0,77.0,77.0,76.0,76.0,76.0,76.0
1790974642.7,cooldown,78.0,81.0,4400,3.82,453,0,77.0,75.0,2.0,75.0,76.0,77.0,77.0,76.0,76.0,75.0,75.0,75.0,75.0
1790974643.7,cooldown,77.0,81.0,4400,3.44,463,0,77.0,75.0,2.0,75.0,76.0,77.0,77.0,77.0,77.0,75.0,75.0,75.0,75.0
1790974644.7,cooldown,78.0,81.0,4400,3.4,533,0,76.0,74.0,2.0,75.0,74.0,76.0,76.0,74.0,74.0,75.0,75.0,75.0,75.0
1790974645.8,cooldown,78.0,81.0,4400,4.44,467,0,76.0,73.0,3.0,73.0,74.0,76.0,76.0,76.0,76.0,74.0,74.0,74.0,74.0
1790974646.8,cooldown,76.0,80.0,4400,3.85,513,0,76.0,73.0,3.0,75.0,74.0,76.0,76.0,76.0,76.0,74.0,73.0,73.0,73.0
1790974647.8,cooldown,76.0,80.0,4400,3.44,508,0,76.0,73.0,3.0,73.0,73.0,74.0,74.0,76.0,76.0,75.0,73.0,73.0,73.0
1790974648.8,cooldown,75.0,80.0,4400,3.87,484,0,74.0,73.0,1.0,74.0,74.0,74.0,74.0,74.0,74.0,74.0,73.0,73.0,73.0
1790974649.8,cooldown,75.0,80.0,4400,3.43,466,0,76.0,72.0,4.0,72.0,73.0,76.0,76.0,76.0,74.0,73.0,73.0,73.0,73.0
1790974650.9,cooldown,75.0,80.0,4400,3.84,471,0,74.0,73.0,1.0,73.0,73.0,74.0,74.0,74.0,74.0,73.0,73.0,73.0,73.0
1790974651.9,cooldown,75.0,80.0,4400,4.67,460,0,74.0,73.0,1.0,74.0,73.0,73.0,73.0,73.0,74.0,73.0,73.0,73.0,73.0
1790974652.9,cooldown,74.0,79.0,4400,3.47,483,0,74.0,71.0,3.0,73.0,73.0,74.0,74.0,73.0,73.0,73.0,73.0,71.0,71.0
1790974653.9,cooldown,74.0,79.0,4400,3.34,535,0,74.0,72.0,2.0,73.0,73.0,74.0,74.0,73.0,73.0,72.0,72.0,72.0,72.0
1790974654.9,cooldown,77.0,79.0,4400,7.46,600,0,76.0,74.0,2.0,74.0,76.0,74.0,74.0,76.0,76.0,74.0,74.0,74.0,74.0
1790974655.9,cooldown,75.0,78.0,4400,5.44,487,0,73.0,71.0,2.0,73.0,71.0,73.0,73.0,73.0,73.0,72.0,72.0,73.0,73.0
1790974657.0,cooldown,74.0,78.0,4400,3.67,484,0,73.0,72.0,1.0,72.0,73.0,73.0,73.0,73.0,73.0,72.0,72.0,72.0,72.0
1790974658.0,cooldown,73.0,78.0,4400,3.42,482,0,73.0,71.0,2.0,72.0,72.0,73.0,73.0,73.0,73.0,71.0,71.0,71.0,71.0
1790974659.0,cooldown,72.0,77.0,4400,3.67,1116,0,78.0,72.0,6.0,73.0,78.0,74.0,74.0,74.0,74.0,72.0,72.0,72.0,73.0
1790974660.0,cooldown,72.0,77.0,4400,3.43,462,0,73.0,71.0,2.0,72.0,73.0,72.0,72.0,73.0,73.0,71.0,72.0,72.0,72.0
1790974661.0,cooldown,73.0,77.0,4400,3.27,471,0,73.0,69.0,4.0,72.0,69.0,73.0,72.0,72.0,72.0,71.0,71.0,71.0,71.0
1790974662.0,cooldown,72.0,77.0,4400,3.46,459,0,72.0,69.0,3.0,71.0,69.0,72.0,72.0,72.0,72.0,70.0,70.0,70.0,70.0
1790974663.1,cooldown,72.0,76.0,4400,3.55,502,0,72.0,70.0,2.0,71.0,71.0,72.0,72.0,72.0,72.0,71.0,70.0,70.0,70.0
1790974664.1,cooldown,72.0,76.0,4400,3.23,507,0,72.0,69.0,3.0,70.0,71.0,72.0,72.0,72.0,71.0,69.0,69.0,69.0,69.0
1790974665.1,cooldown,71.0,76.0,4400,3.97,479,0,73.0,70.0,3.0,71.0,71.0,73.0,72.0,72.0,72.0,70.0,70.0,70.0,70.0
1790974666.1,cooldown,71.0,76.0,4400,4.13,490,0,72.0,69.0,3.0,69.0,71.0,71.0,72.0,72.0,72.0,69.0,69.0,69.0,69.0
1790974667.1,cooldown,72.0,76.0,4400,3.48,439,0,72.0,69.0,3.0,69.0,71.0,70.0,70.0,70.0,72.0,69.0,69.0,69.0,69.0
1790974668.1,cooldown,72.0,76.0,4400,3.46,474,0,72.0,69.0,3.0,69.0,71.0,70.0,70.0,72.0,71.0,69.0,69.0,71.0,71.0
1790974669.2,cooldown,71.0,76.0,4400,3.61,497,0,71.0,69.0,2.0,69.0,69.0,71.0,71.0,71.0,71.0,69.0,69.0,69.0,69.0
1790974670.2,cooldown,71.0,75.0,4400,3.32,522,0,72.0,68.0,4.0,69.0,68.0,69.0,72.0,72.0,72.0,69.0,69.0,69.0,69.0
1790974671.2,cooldown,71.0,75.0,4400,3.39,507,0,70.0,68.0,2.0,69.0,68.0,70.0,70.0,70.0,70.0,69.0,69.0,69.0,69.0
1790974672.2,cooldown,71.0,75.0,4400,3.42,458,0,71.0,68.0,3.0,69.0,68.0,71.0,70.0,70.0,69.0,69.0,69.0,69.0,69.0
1790974673.2,cooldown,71.0,75.0,4400,3.57,440,0,69.0,68.0,1.0,69.0,68.0,69.0,69.0,69.0,69.0,68.0,69.0,69.0,69.0
1790974674.3,cooldown,71.0,75.0,4400,3.31,486,0,69.0,68.0,1.0,69.0,68.0,69.0,69.0,69.0,69.0,69.0,68.0,68.0,68.0
1790974675.3,cooldown,71.0,76.0,4400,8.01,484,0,69.0,68.0,1.0,69.0,68.0,69.0,69.0,69.0,69.0,69.0,69.0,69.0,69.0
1790974676.3,cooldown,70.0,76.0,4400,3.94,476,0,69.0,68.0,1.0,68.0,68.0,69.0,69.0,68.0,68.0,68.0,68.0,68.0,68.0
1790974677.3,cooldown,70.0,76.0,4400,3.3,484,0,69.0,66.0,3.0,68.0,66.0,69.0,69.0,69.0,68.0,66.0,68.0,68.0,68.0
1790974678.3,cooldown,69.0,76.0,4400,3.19,536,0,69.0,68.0,1.0,68.0,69.0,68.0,68.0,69.0,69.0,68.0,68.0,68.0,68.0
1790974679.3,cooldown,70.0,76.0,4400,3.28,494,0,69.0,68.0,1.0,68.0,68.0,69.0,68.0,68.0,68.0,68.0,68.0,68.0,68.0
1790974680.4,cooldown,68.0,76.0,4400,3.28,466,0,68.0,67.0,1.0,68.0,67.0,68.0,68.0,68.0,68.0,68.0,68.0,68.0,68.0
1790974681.4,cooldown,70.0,74.0,4400,3.44,463,0,68.0,66.0,2.0,68.0,68.0,68.0,68.0,68.0,68.0,66.0,66.0,66.0,66.0
1790974682.4,cooldown,69.0,74.0,4400,3.61,514,0,68.0,66.0,2.0,68.0,68.0,68.0,68.0,68.0,68.0,67.0,66.0,66.0,68.0
1790974683.4,cooldown,68.0,74.0,4400,3.34,470,0,69.0,66.0,3.0,66.0,66.0,68.0,68.0,68.0,69.0,66.0,66.0,66.0,66.0
1790974684.4,cooldown,70.0,73.0,4400,3.42,530,0,68.0,66.0,2.0,68.0,67.0,68.0,68.0,68.0,68.0,66.0,66.0,66.0,66.0
1790974685.4,cooldown,69.0,73.0,4400,3.36,483,0,68.0,66.0,2.0,67.0,68.0,67.0,67.0,68.0,68.0,66.0,66.0,66.0,66.0
1790974686.5,cooldown,68.0,73.0,4400,3.84,465,0,68.0,65.0,3.0,65.0,65.0,68.0,68.0,68.0,68.0,66.0,67.0,67.0,67.0
1790974687.5,cooldown,67.0,73.0,4400,3.6,441,0,68.0,66.0,2.0,67.0,67.0,68.0,68.0,68.0,68.0,66.0,66.0,66.0,66.0
1790974688.5,cooldown,70.0,73.0,4400,4.03,474,0,68.0,65.0,3.0,66.0,67.0,68.0,68.0,68.0,68.0,65.0,65.0,65.0,65.0
1790974689.5,cooldown,68.0,73.0,4400,3.26,445,0,67.0,65.0,2.0,65.0,67.0,66.0,66.0,66.0,67.0,66.0,66.0,66.0,66.0
1790974690.5,cooldown,67.0,72.0,4400,3.26,463,0,67.0,65.0,2.0,65.0,67.0,67.0,66.0,66.0,66.0,65.0,65.0,66.0,66.0
1790974691.5,cooldown,68.0,72.0,4400,3.66,479,0,67.0,65.0,2.0,65.0,65.0,67.0,67.0,67.0,67.0,66.0,65.0,65.0,65.0
1790974692.6,cooldown,68.0,72.0,4400,3.24,472,0,68.0,65.0,3.0,65.0,65.0,68.0,68.0,68.0,67.0,65.0,65.0,65.0,65.0
1790974693.6,cooldown,67.0,72.0,4400,3.37,538,0,66.0,65.0,1.0,66.0,65.0,66.0,66.0,66.0,66.0,65.0,65.0,65.0,65.0
1790974694.6,cooldown,67.0,72.0,4400,3.39,540,0,67.0,65.0,2.0,65.0,65.0,67.0,66.0,66.0,67.0,65.0,65.0,65.0,65.0
1790974695.6,cooldown,68.0,72.0,4400,8.97,482,0,68.0,65.0,3.0,67.0,65.0,68.0,68.0,68.0,68.0,65.0,66.0,66.0,66.0
1790974696.6,cooldown,67.0,72.0,4400,3.31,442,0,67.0,65.0,2.0,65.0,67.0,67.0,67.0,67.0,67.0,65.0,65.0,65.0,65.0
1790974697.6,cooldown,67.0,72.0,4400,3.35,465,0,67.0,64.0,3.0,65.0,64.0,66.0,67.0,67.0,67.0,66.0,65.0,65.0,65.0
1790974698.7,cooldown,67.0,72.0,4400,3.38,467,0,66.0,64.0,2.0,64.0,65.0,66.0,66.0,66.0,66.0,66.0,66.0,66.0,66.0
1790974699.7,cooldown,67.0,71.0,4400,3.53,464,0,67.0,64.0,3.0,64.0,65.0,67.0,66.0,66.0,66.0,65.0,65.0,65.0,65.0
1790974700.7,cooldown,67.0,71.0,4400,3.1,492,0,66.0,64.0,2.0,64.0,65.0,66.0,65.0,66.0,66.0,64.0,64.0,64.0,64.0
1790974701.7,cooldown,66.0,71.0,4400,3.14,443,0,66.0,63.0,3.0,64.0,65.0,66.0,66.0,66.0,66.0,64.0,64.0,63.0,63.0
1790974702.7,cooldown,65.0,71.0,4400,3.35,448,0,66.0,64.0,2.0,64.0,64.0,65.0,66.0,66.0,66.0,65.0,65.0,65.0,65.0
1790974703.7,cooldown,66.0,71.0,4400,3.39,439,0,65.0,63.0,2.0,64.0,63.0,65.0,65.0,65.0,65.0,64.0,64.0,64.0,64.0
1790974704.8,cooldown,66.0,71.0,4400,3.3,467,0,65.0,64.0,1.0,64.0,64.0,64.0,65.0,65.0,65.0,64.0,64.0,64.0,64.0
1790974705.8,cooldown,67.0,70.0,4400,4.4,464,0,66.0,64.0,2.0,64.0,65.0,66.0,65.0,65.0,65.0,65.0,65.0,64.0,64.0
1790974706.8,cooldown,66.0,70.0,4400,3.34,481,0,65.0,63.0,2.0,64.0,64.0,64.0,65.0,64.0,64.0,64.0,63.0,63.0,63.0
1790974707.8,cooldown,66.0,70.0,4400,3.86,426,0,65.0,64.0,1.0,64.0,65.0,65.0,65.0,65.0,65.0,64.0,64.0,64.0,64.0
1790974708.8,cooldown,65.0,70.0,4400,3.34,454,0,64.0,63.0,1.0,64.0,63.0,64.0,64.0,64.0,64.0,63.0,63.0,63.0,63.0
1790974709.9,cooldown,66.0,70.0,4400,3.16,541,0,65.0,61.0,4.0,61.0,64.0,64.0,65.0,65.0,65.0,62.0,62.0,62.0,62.0
1790974710.9,cooldown,66.0,70.0,4400,3.2,496,0,65.0,64.0,1.0,64.0,64.0,65.0,65.0,65.0,65.0,64.0,64.0,64.0,64.0
1790974711.9,cooldown,64.0,70.0,4400,3.49,437,0,64.0,64.0,0.0,64.0,64.0,64.0,64.0,64.0,64.0,64.0,64.0,64.0,64.0
1790974712.9,cooldown,66.0,70.0,4400,3.26,472,0,65.0,63.0,2.0,63.0,63.0,65.0,65.0,64.0,64.0,64.0,64.0,64.0,64.0
1790974713.9,cooldown,64.0,70.0,4400,3.09,491,0,64.0,61.0,3.0,64.0,61.0,64.0,64.0,64.0,64.0,62.0,62.0,62.0,62.0
1790974714.9,cooldown,66.0,70.0,4400,8.67,460,0,66.0,65.0,1.0,65.0,65.0,65.0,65.0,66.0,66.0,65.0,65.0,65.0,65.0
1790974716.0,cooldown,64.0,70.0,4400,3.99,454,0,65.0,63.0,2.0,63.0,64.0,65.0,65.0,64.0,64.0,64.0,64.0,64.0,64.0
1790974717.0,cooldown,66.0,71.0,4400,3.37,456,0,65.0,63.0,2.0,64.0,63.0,64.0,64.0,65.0,64.0,63.0,63.0,63.0,64.0
1790974718.0,cooldown,64.0,71.0,4400,3.61,464,0,65.0,64.0,1.0,65.0,64.0,64.0,64.0,64.0,64.0,64.0,64.0,64.0,64.0
1790974719.0,cooldown,64.0,71.0,4400,3.33,480,0,64.0,62.0,2.0,62.0,63.0,64.0,64.0,64.0,64.0,62.0,62.0,62.0,62.0
1790974720.0,cooldown,64.0,70.0,4400,3.14,494,0,64.0,62.0,2.0,62.0,63.0,64.0,63.0,63.0,64.0,62.0,62.0,62.0,62.0
1790974721.0,cooldown,64.0,70.0,4400,3.12,503,0,64.0,63.0,1.0,64.0,63.0,64.0,64.0,64.0,64.0,64.0,64.0,64.0,64.0
1790974722.1,cooldown,63.0,70.0,4400,3.41,503,0,64.0,62.0,2.0,62.0,63.0,62.0,63.0,64.0,64.0,62.0,62.0,62.0,62.0
1790974723.1,cooldown,63.0,70.0,4400,3.2,462,0,63.0,61.0,2.0,62.0,63.0,63.0,63.0,63.0,62.0,61.0,62.0,62.0,62.0
1790974724.1,cooldown,64.0,69.0,4400,3.41,482,0,64.0,62.0,2.0,62.0,63.0,63.0,64.0,64.0,64.0,64.0,64.0,63.0,63.0
1790974725.1,cooldown,64.0,69.0,4400,3.3,524,0,64.0,62.0,2.0,62.0,63.0,64.0,64.0,64.0,64.0,62.0,62.0,62.0,62.0
1790974726.1,cooldown,63.0,69.0,4400,3.89,510,0,63.0,61.0,2.0,62.0,61.0,63.0,63.0,62.0,62.0,62.0,62.0,61.0,61.0
1790974727.1,cooldown,64.0,69.0,4400,3.3,437,0,63.0,61.0,2.0,63.0,63.0,63.0,63.0,63.0,63.0,61.0,61.0,61.0,61.0
1790974728.2,cooldown,64.0,69.0,4400,3.29,475,0,63.0,61.0,2.0,62.0,61.0,63.0,63.0,63.0,63.0,62.0,62.0,62.0,62.0
1790974729.2,cooldown,63.0,69.0,4400,3.3,477,0,63.0,61.0,2.0,62.0,63.0,63.0,62.0,62.0,62.0,61.0,62.0,62.0,62.0
1790974730.2,cooldown,63.0,68.0,4400,3.36,529,0,63.0,61.0,2.0,62.0,63.0,61.0,61.0,61.0,61.0,61.0,61.0,61.0,61.0
1790974731.2,cooldown,63.0,68.0,4400,3.22,507,0,62.0,60.0,2.0,60.0,61.0,62.0,62.0,62.0,62.0,61.0,61.0,61.0,61.0
1790974732.2,cooldown,63.0,68.0,4400,3.14,529,0,62.0,61.0,1.0,62.0,61.0,62.0,61.0,61.0,61.0,61.0,61.0,61.0,61.0
1790974733.2,cooldown,63.0,68.0,4400,3.3,498,0,62.0,60.0,2.0,61.0,60.0,61.0,62.0,62.0,62.0,61.0,61.0,61.0,61.0
1790974734.3,cooldown,63.0,68.0,4400,3.14,482,0,61.0,60.0,1.0,61.0,60.0,61.0,61.0,61.0,61.0,61.0,61.0,61.0,61.0
1790974735.3,cooldown,63.0,68.0,4400,8.37,496,0,62.0,61.0,1.0,61.0,61.0,62.0,62.0,62.0,62.0,61.0,61.0,61.0,61.0
1790974736.3,cooldown,63.0,68.0,4100,4.08,454,0,62.0,61.0,1.0,61.0,61.0,62.0,61.0,61.0,61.0,61.0,61.0,61.0,61.0
1790974737.3,cooldown,63.0,68.0,3900,3.2,471,0,63.0,60.0,3.0,60.0,61.0,63.0,62.0,63.0,63.0,61.0,61.0,61.0,61.0
1790974738.3,cooldown,62.0,68.0,3800,3.21,576,0,61.0,60.0,1.0,61.0,61.0,61.0,61.0,61.0,61.0,60.0,60.0,60.0,61.0
1790974739.3,cooldown,63.0,68.0,3900,3.27,443,0,62.0,61.0,1.0,62.0,61.0,61.0,61.0,61.0,61.0,61.0,61.0,61.0,61.0
1790974740.4,cooldown,64.0,68.0,3900,3.23,969,0,66.0,60.0,6.0,66.0,60.0,62.0,62.0,62.0,62.0,61.0,61.0,61.0,61.0
1790974741.4,cooldown,62.0,68.0,3900,3.28,484,0,62.0,60.0,2.0,60.0,60.0,62.0,62.0,62.0,62.0,60.0,60.0,60.0,60.0
1790974742.4,cooldown,62.0,67.0,3900,3.57,461,0,62.0,59.0,3.0,59.0,60.0,61.0,62.0,62.0,61.0,59.0,60.0,60.0,60.0
1790974743.4,cooldown,63.0,67.0,3900,3.5,473,0,63.0,59.0,4.0,61.0,60.0,63.0,63.0,62.0,62.0,59.0,59.0,60.0,60.0
1790974744.4,cooldown,62.0,67.0,3900,3.29,450,0,61.0,59.0,2.0,60.0,59.0,61.0,61.0,61.0,61.0,60.0,60.0,60.0,60.0
1790974745.4,cooldown,62.0,67.0,3900,3.14,482,0,61.0,59.0,2.0,60.0,60.0,61.0,61.0,61.0,61.0,59.0,59.0,59.0,59.0
1790974746.5,cooldown,62.0,67.0,3900,3.73,467,0,61.0,59.0,2.0,60.0,60.0,61.0,61.0,61.0,61.0,59.0,59.0,59.0,59.0
1790974747.5,cooldown,62.0,67.0,3900,3.24,464,0,62.0,59.0,3.0,60.0,60.0,62.0,61.0,61.0,61.0,60.0,59.0,59.0,59.0
1790974748.5,cooldown,62.0,67.0,3900,3.51,442,0,61.0,59.0,2.0,60.0,61.0,61.0,61.0,61.0,61.0,59.0,59.0,59.0,59.0
1790974749.5,cooldown,62.0,67.0,3900,3.05,499,0,61.0,59.0,2.0,60.0,60.0,61.0,61.0,61.0,61.0,59.0,59.0,60.0,60.0
1790974750.5,cooldown,61.0,67.0,3900,3.12,481,0,61.0,60.0,1.0,60.0,61.0,61.0,61.0,61.0,61.0,61.0,60.0,60.0,60.0
1790974751.5,cooldown,62.0,67.0,3900,3.12,514,0,61.0,58.0,3.0,60.0,58.0,61.0,61.0,61.0,61.0,59.0,60.0,60.0,60.0
1790974752.6,cooldown,62.0,67.0,3900,3.13,477,0,61.0,60.0,1.0,60.0,60.0,61.0,61.0,61.0,61.0,60.0,60.0,60.0,60.0
1790974753.6,cooldown,60.0,66.0,3900,3.16,536,0,61.0,58.0,3.0,59.0,60.0,61.0,61.0,61.0,61.0,60.0,58.0,58.0,58.0
1790974754.6,cooldown,60.0,66.0,3900,3.42,897,0,75.0,59.0,16.0,75.0,64.0,62.0,62.0,62.0,62.0,59.0,59.0,59.0,59.0
1790974755.6,cooldown,62.0,68.0,3900,8.94,505,0,62.0,60.0,2.0,62.0,60.0,62.0,62.0,62.0,62.0,60.0,60.0,60.0,60.0
1790974756.6,cooldown,60.0,68.0,3900,3.13,453,0,61.0,59.0,2.0,61.0,59.0,61.0,61.0,61.0,61.0,60.0,60.0,60.0,60.0
1790974757.6,cooldown,61.0,67.0,3900,3.16,513,0,61.0,58.0,3.0,58.0,60.0,61.0,60.0,60.0,60.0,59.0,59.0,59.0,59.0
1790974758.7,cooldown,61.0,67.0,3900,3.25,472,0,61.0,57.0,4.0,59.0,57.0,61.0,60.0,60.0,60.0,60.0,60.0,59.0,59.0
1790974759.7,cooldown,61.0,67.0,3900,3.5,449,0,61.0,58.0,3.0,59.0,60.0,61.0,60.0,60.0,59.0,59.0,58.0,58.0,58.0
1790974760.7,cooldown,61.0,67.0,3900,3.3,446,0,61.0,59.0,2.0,60.0,59.0,61.0,59.0,59.0,61.0,59.0,59.0,59.0,59.0
1790974761.7,cooldown,61.0,66.0,3900,3.07,453,0,60.0,58.0,2.0,60.0,59.0,60.0,60.0,59.0,59.0,58.0,58.0,58.0,58.0
1790974762.7,cooldown,60.0,66.0,3900,3.11,476,0,60.0,58.0,2.0,60.0,60.0,59.0,59.0,59.0,59.0,58.0,58.0,58.0,58.0
1790974763.7,cooldown,61.0,66.0,3900,3.15,472,0,60.0,58.0,2.0,60.0,60.0,60.0,60.0,60.0,59.0,58.0,58.0,58.0,58.0
1790974764.8,cooldown,61.0,66.0,3900,3.12,454,0,60.0,58.0,2.0,60.0,60.0,60.0,60.0,59.0,59.0,58.0,59.0,59.0,59.0
1790974765.8,cooldown,60.0,66.0,3900,3.76,471,0,60.0,57.0,3.0,60.0,57.0,60.0,60.0,60.0,60.0,59.0,59.0,59.0,59.0
1790974766.8,cooldown,61.0,66.0,3900,3.35,557,0,60.0,59.0,1.0,60.0,59.0,59.0,59.0,59.0,59.0,59.0,59.0,59.0,59.0
1790974767.8,cooldown,60.0,66.0,3900,3.07,495,0,60.0,57.0,3.0,60.0,57.0,60.0,60.0,60.0,60.0,58.0,58.0,58.0,58.0
1790974768.8,cooldown,60.0,66.0,3900,3.36,478,0,60.0,57.0,3.0,60.0,57.0,60.0,60.0,60.0,60.0,58.0,58.0,59.0,59.0
1790974769.8,cooldown,61.0,66.0,3900,3.05,428,0,59.0,57.0,2.0,59.0,57.0,59.0,59.0,59.0,59.0,58.0,58.0,58.0,58.0
1790974770.9,cooldown,61.0,66.0,3900,3.0,446,0,60.0,57.0,3.0,57.0,59.0,60.0,59.0,59.0,60.0,58.0,58.0,58.0,58.0
1790974771.9,cooldown,61.0,66.0,3900,3.26,467,0,60.0,58.0,2.0,58.0,59.0,60.0,60.0,60.0,59.0,58.0,58.0,58.0,58.0
1790974772.9,cooldown,61.0,66.0,3900,3.35,483,0,59.0,57.0,2.0,59.0,57.0,58.0,59.0,59.0,59.0,58.0,58.0,58.0,58.0
1790974773.9,cooldown,59.0,66.0,3900,3.27,456,0,60.0,57.0,3.0,60.0,57.0,59.0,59.0,59.0,59.0,57.0,58.0,58.0,58.0
1790974774.9,cooldown,63.0,66.0,3900,8.51,498,0,62.0,60.0,2.0,60.0,61.0,61.0,61.0,61.0,62.0,61.0,61.0,61.0,61.0
1790974776.0,cooldown,61.0,66.0,3900,3.78,439,0,60.0,57.0,3.0,59.0,57.0,60.0,60.0,60.0,59.0,58.0,58.0,58.0,58.0
1790974777.0,cooldown,60.0,66.0,3900,3.25,520,0,59.0,58.0,1.0,58.0,59.0,59.0,59.0,59.0,59.0,58.0,58.0,58.0,58.0
1790974778.0,cooldown,59.0,66.0,3900,3.05,464,0,59.0,58.0,1.0,59.0,59.0,59.0,59.0,59.0,59.0,58.0,58.0,58.0,58.0
1790974779.0,cooldown,59.0,66.0,3900,3.39,465,0,59.0,57.0,2.0,59.0,57.0,59.0,59.0,59.0,59.0,58.0,58.0,58.0,58.0
1790974780.0,cooldown,59.0,66.0,3900,3.13,540,0,60.0,57.0,3.0,58.0,57.0,60.0,60.0,60.0,60.0,57.0,57.0,57.0,57.0
1790974781.0,cooldown,59.0,66.0,3900,2.97,454,0,59.0,57.0,2.0,59.0,57.0,59.0,57.0,57.0,59.0,58.0,58.0,58.0,58.0
1790974782.1,cooldown,59.0,66.0,3900,2.97,532,0,59.0,57.0,2.0,57.0,57.0,57.0,57.0,59.0,59.0,58.0,58.0,58.0,58.0
1790974783.1,cooldown,59.0,65.0,3900,3.06,501,0,60.0,57.0,3.0,58.0,59.0,60.0,60.0,60.0,59.0,57.0,57.0,57.0,57.0
1790974784.1,cooldown,59.0,65.0,3900,3.0,464,0,59.0,56.0,3.0,58.0,57.0,59.0,59.0,59.0,59.0,57.0,57.0,56.0,56.0
1790974785.1,cooldown,59.0,65.0,3900,3.65,492,0,59.0,57.0,2.0,57.0,57.0,59.0,59.0,59.0,59.0,57.0,57.0,57.0,57.0
1790974786.1,cooldown,59.0,65.0,3900,3.76,430,0,59.0,56.0,3.0,56.0,57.0,59.0,59.0,59.0,59.0,58.0,58.0,58.0,58.0
1790974787.1,cooldown,58.0,65.0,3900,3.15,489,0,59.0,56.0,3.0,57.0,57.0,59.0,58.0,57.0,57.0,56.0,56.0,56.0,56.0
1790974788.2,cooldown,59.0,65.0,3800,3.12,476,0,59.0,57.0,2.0,59.0,57.0,57.0,58.0,59.0,59.0,58.0,58.0,58.0,58.0
1790974789.2,cooldown,59.0,65.0,3600,3.14,465,0,59.0,56.0,3.0,56.0,57.0,59.0,59.0,58.0,58.0,56.0,56.0,56.0,56.0
1790974790.2,cooldown,59.0,65.0,3500,3.01,502,0,59.0,57.0,2.0,57.0,57.0,57.0,57.0,57.0,59.0,57.0,57.0,58.0,58.0
1790974791.2,cooldown,59.0,65.0,3500,3.38,473,0,59.0,56.0,3.0,57.0,57.0,59.0,57.0,57.0,59.0,56.0,56.0,56.0,56.0
1790974792.2,cooldown,58.0,65.0,3500,3.0,440,0,59.0,57.0,2.0,58.0,57.0,57.0,58.0,58.0,59.0,57.0,57.0,57.0,57.0
1790974793.3,cooldown,58.0,65.0,3500,2.98,462,0,59.0,56.0,3.0,58.0,56.0,59.0,59.0,59.0,59.0,57.0,57.0,57.0,57.0
1790974794.3,cooldown,59.0,65.0,3500,3.17,457,0,57.0,56.0,1.0,57.0,56.0,57.0,57.0,57.0,57.0,56.0,56.0,56.0,56.0
1790974795.3,cooldown,59.0,65.0,3500,8.31,427,0,59.0,56.0,3.0,56.0,57.0,59.0,59.0,59.0,59.0,58.0,58.0,58.0,58.0
1790974796.3,cooldown,59.0,65.0,3500,4.06,468,0,59.0,56.0,3.0,56.0,57.0,59.0,59.0,57.0,57.0,58.0,58.0,58.0,58.0
1790974797.3,cooldown,58.0,65.0,3500,3.29,474,0,59.0,55.0,4.0,56.0,56.0,59.0,59.0,59.0,57.0,56.0,55.0,55.0,55.0
1790974798.3,cooldown,59.0,65.0,3500,3.01,506,0,59.0,55.0,4.0,56.0,56.0,59.0,59.0,59.0,59.0,55.0,55.0,55.0,55.0
1790974799.4,cooldown,59.0,65.0,3500,3.03,507,0,57.0,56.0,1.0,56.0,57.0,57.0,57.0,57.0,57.0,56.0,56.0,56.0,56.0
1790974800.4,cooldown,59.0,65.0,3500,3.04,481,0,59.0,56.0,3.0,56.0,56.0,57.0,59.0,59.0,59.0,57.0,57.0,56.0,56.0
1790974801.4,cooldown,58.0,64.0,3500,3.04,468,0,59.0,55.0,4.0,57.0,56.0,59.0,57.0,57.0,59.0,55.0,55.0,56.0,56.0
1790974802.4,cooldown,59.0,64.0,3500,3.24,443,0,59.0,56.0,3.0,56.0,56.0,59.0,59.0,57.0,57.0,56.0,56.0,56.0,56.0
1790974803.4,cooldown,58.0,64.0,3500,3.49,483,0,57.0,57.0,0.0,57.0,57.0,57.0,57.0,57.0,57.0,57.0,57.0,57.0,57.0
1790974804.4,cooldown,58.0,64.0,3500,3.15,448,0,57.0,56.0,1.0,56.0,56.0,57.0,57.0,57.0,56.0,56.0,56.0,56.0,56.0
1790974805.5,cooldown,58.0,64.0,3500,3.03,475,0,57.0,55.0,2.0,56.0,57.0,57.0,57.0,57.0,57.0,56.0,55.0,55.0,55.0
1790974806.5,cooldown,58.0,64.0,3500,3.82,494,0,57.0,55.0,2.0,56.0,56.0,57.0,57.0,57.0,57.0,55.0,55.0,55.0,55.0
1790974807.5,cooldown,58.0,64.0,3500,3.21,494,0,57.0,55.0,2.0,56.0,56.0,57.0,57.0,57.0,57.0,55.0,55.0,55.0,55.0
1790974808.5,cooldown,57.0,64.0,3500,3.38,463,0,58.0,55.0,3.0,57.0,56.0,58.0,58.0,56.0,56.0,56.0,56.0,55.0,55.0
1790974809.5,cooldown,58.0,64.0,3500,3.2,500,0,57.0,56.0,1.0,56.0,56.0,57.0,57.0,57.0,57.0,57.0,57.0,57.0,57.0
1790974810.5,cooldown,58.0,64.0,3500,2.98,428,0,57.0,54.0,3.0,57.0,56.0,57.0,56.0,56.0,57.0,54.0,54.0,54.0,54.0
1790974811.6,cooldown,58.0,64.0,3500,3.12,498,0,57.0,55.0,2.0,56.0,56.0,57.0,56.0,56.0,56.0,55.0,55.0,57.0,57.0
1790974812.6,cooldown,57.0,64.0,3500,2.97,471,0,59.0,53.0,6.0,56.0,53.0,59.0,59.0,57.0,57.0,55.0,55.0,55.0,55.0
1790974813.6,cooldown,57.0,64.0,3500,3.08,468,0,57.0,55.0,2.0,56.0,56.0,57.0,57.0,57.0,57.0,55.0,55.0,55.0,55.0
1790974814.6,cooldown,57.0,64.0,3500,3.34,479,0,57.0,55.0,2.0,56.0,55.0,57.0,57.0,57.0,57.0,55.0,55.0,56.0,56.0
1790974815.6,cooldown,57.0,64.0,3500,9.14,501,0,58.0,55.0,3.0,56.0,56.0,58.0,58.0,57.0,57.0,56.0,56.0,55.0,55.0
1790974816.7,cooldown,58.0,64.0,3500,3.28,542,0,57.0,55.0,2.0,56.0,55.0,57.0,57.0,57.0,57.0,55.0,55.0,55.0,55.0
1790974817.7,cooldown,57.0,64.0,3500,3.02,528,0,57.0,55.0,2.0,56.0,56.0,57.0,56.0,56.0,56.0,55.0,55.0,55.0,55.0
1790974818.7,cooldown,57.0,64.0,3500,3.14,510,0,57.0,54.0,3.0,56.0,55.0,56.0,57.0,57.0,57.0,55.0,54.0,54.0,54.0
1790974819.7,cooldown,58.0,64.0,3500,3.2,497,0,57.0,56.0,1.0,56.0,56.0,56.0,57.0,57.0,57.0,56.0,56.0,56.0,56.0
1790974820.7,cooldown,57.0,64.0,3500,3.16,434,0,57.0,55.0,2.0,56.0,55.0,56.0,56.0,56.0,57.0,55.0,55.0,55.0,55.0
1790974821.7,cooldown,57.0,64.0,3500,3.09,435,0,57.0,54.0,3.0,54.0,55.0,56.0,56.0,56.0,57.0,55.0,55.0,55.0,55.0
1790974822.8,cooldown,57.0,64.0,3500,3.17,496,0,57.0,55.0,2.0,56.0,56.0,57.0,57.0,57.0,57.0,55.0,55.0,55.0,55.0
1790974823.8,cooldown,57.0,64.0,3500,3.06,425,0,56.0,54.0,2.0,56.0,55.0,56.0,56.0,56.0,56.0,54.0,55.0,55.0,55.0
1790974824.8,cooldown,56.0,63.0,3500,2.99,454,0,56.0,54.0,2.0,54.0,56.0,56.0,56.0,56.0,56.0,54.0,54.0,55.0,55.0
1790974825.8,cooldown,57.0,63.0,3500,3.71,462,0,57.0,55.0,2.0,56.0,56.0,57.0,57.0,57.0,57.0,55.0,55.0,55.0,55.0
1790974826.8,cooldown,57.0,63.0,3500,3.48,533,0,56.0,54.0,2.0,56.0,56.0,56.0,56.0,56.0,56.0,55.0,55.0,55.0,54.0
1790974827.8,cooldown,57.0,63.0,3500,3.35,454,0,57.0,55.0,2.0,56.0,56.0,56.0,57.0,57.0,57.0,55.0,55.0,55.0,55.0
1790974828.9,cooldown,57.0,63.0,3500,3.07,472,0,56.0,55.0,1.0,55.0,56.0,56.0,56.0,56.0,56.0,55.0,55.0,55.0,55.0
1790974829.9,cooldown,57.0,63.0,3500,3.04,450,0,57.0,54.0,3.0,55.0,56.0,56.0,56.0,57.0,57.0,54.0,54.0,54.0,55.0
1790974830.9,cooldown,57.0,63.0,3500,3.19,456,0,56.0,55.0,1.0,56.0,55.0,56.0,56.0,56.0,56.0,55.0,55.0,55.0,55.0
1790974831.9,cooldown,57.0,63.0,3500,3.07,453,0,56.0,55.0,1.0,55.0,55.0,55.0,56.0,56.0,56.0,55.0,55.0,55.0,55.0
1790974832.9,cooldown,56.0,63.0,3500,3.18,458,0,57.0,55.0,2.0,55.0,56.0,57.0,57.0,57.0,57.0,55.0,55.0,55.0,55.0
1790974833.9,cooldown,57.0,63.0,3500,3.15,465,0,57.0,55.0,2.0,55.0,55.0,57.0,57.0,57.0,57.0,55.0,55.0,55.0,55.0
1790974835.0,cooldown,58.0,64.0,3500,8.38,602,0,59.0,57.0,2.0,58.0,57.0,59.0,59.0,59.0,59.0,57.0,57.0,58.0,58.0
1790974836.0,cooldown,56.0,64.0,3500,3.68,436,0,56.0,55.0,1.0,55.0,56.0,56.0,56.0,56.0,56.0,55.0,55.0,55.0,55.0
1790974837.0,cooldown,57.0,63.0,3500,3.15,493,0,56.0,55.0,1.0,55.0,56.0,56.0,56.0,56.0,56.0,55.0,55.0,55.0,55.0
1790974838.0,cooldown,57.0,63.0,3500,3.2,471,0,56.0,54.0,2.0,54.0,55.0,56.0,56.0,56.0,55.0,55.0,55.0,55.0,55.0
1790974839.0,cooldown,56.0,63.0,3500,3.56,497,0,56.0,54.0,2.0,56.0,56.0,55.0,56.0,56.0,56.0,54.0,54.0,54.0,54.0
1790974840.0,cooldown,56.0,63.0,3500,3.26,514,0,56.0,54.0,2.0,56.0,55.0,56.0,56.0,56.0,56.0,55.0,55.0,55.0,54.0
1790974841.1,cooldown,57.0,62.0,3300,2.97,445,0,56.0,55.0,1.0,55.0,55.0,56.0,56.0,56.0,56.0,55.0,55.0,55.0,55.0
1790974842.1,cooldown,57.0,62.0,3300,3.02,465,0,56.0,55.0,1.0,55.0,55.0,56.0,56.0,56.0,56.0,55.0,55.0,55.0,55.0
1790974843.1,cooldown,55.0,62.0,3300,3.54,448,0,56.0,54.0,2.0,56.0,55.0,56.0,56.0,56.0,54.0,54.0,54.0,54.0,54.0
1790974844.1,cooldown,56.0,62.0,3300,3.28,452,0,56.0,53.0,3.0,55.0,53.0,56.0,56.0,56.0,56.0,54.0,54.0,54.0,54.0
1790974845.1,cooldown,56.0,62.0,3300,3.08,476,0,56.0,54.0,2.0,55.0,55.0,56.0,56.0,56.0,56.0,54.0,54.0,54.0,54.0
1790974846.2,cooldown,56.0,62.0,3300,4.01,518,0,57.0,54.0,3.0,55.0,55.0,56.0,56.0,57.0,57.0,55.0,54.0,54.0,54.0
1790974847.2,cooldown,55.0,62.0,3300,3.25,521,0,55.0,54.0,1.0,54.0,55.0,55.0,55.0,55.0,54.0,55.0,55.0,54.0,54.0
1790974848.2,cooldown,56.0,62.0,3300,3.26,509,0,55.0,53.0,2.0,55.0,55.0,55.0,55.0,55.0,55.0,53.0,54.0,54.0,54.0
1790974849.2,cooldown,55.0,62.0,3300,3.12,438,0,56.0,53.0,3.0,55.0,53.0,56.0,56.0,56.0,56.0,55.0,55.0,54.0,54.0
1790974850.2,cooldown,55.0,62.0,3300,3.11,437,0,56.0,54.0,2.0,55.0,56.0,55.0,55.0,55.0,55.0,54.0,54.0,54.0,55.0
1790974851.2,cooldown,57.0,62.0,3300,3.05,445,0,56.0,54.0,2.0,55.0,55.0,56.0,56.0,56.0,56.0,54.0,54.0,54.0,54.0
1790974852.3,cooldown,57.0,62.0,3300,3.27,439,0,56.0,54.0,2.0,54.0,55.0,55.0,55.0,56.0,56.0,55.0,55.0,55.0,55.0
1790974853.3,cooldown,55.0,62.0,3300,3.18,426,0,55.0,53.0,2.0,55.0,53.0,54.0,54.0,54.0,54.0,54.0,54.0,54.0,54.0
1790974854.3,cooldown,56.0,62.0,3300,3.09,443,0,55.0,54.0,1.0,54.0,55.0,55.0,55.0,55.0,55.0,54.0,55.0,55.0,55.0
1790974855.3,cooldown,55.0,62.0,3300,8.29,440,0,56.0,55.0,1.0,55.0,55.0,56.0,55.0,55.0,55.0,55.0,55.0,55.0,55.0
1790974856.3,cooldown,55.0,62.0,3300,3.69,489,0,55.0,53.0,2.0,54.0,53.0,55.0,55.0,55.0,55.0,55.0,55.0,55.0,55.0
1790974857.3,cooldown,55.0,62.0,3300,3.05,465,0,56.0,51.0,5.0,52.0,51.0,56.0,56.0,56.0,55.0,54.0,54.0,54.0,54.0
1790974858.4,cooldown,55.0,62.0,3300,3.72,519,0,55.0,55.0,0.0,55.0,55.0,55.0,55.0,55.0,55.0,55.0,55.0,55.0,55.0
1790974859.4,cooldown,56.0,62.0,3300,3.16,468,0,55.0,54.0,1.0,55.0,55.0,55.0,55.0,55.0,55.0,55.0,54.0,54.0,54.0
1790974860.4,cooldown,55.0,62.0,3300,3.16,425,0,55.0,53.0,2.0,53.0,55.0,54.0,54.0,54.0,54.0,55.0,55.0,55.0,55.0
1790974861.4,cooldown,57.0,62.0,3300,3.0,433,0,55.0,53.0,2.0,54.0,53.0,54.0,54.0,55.0,55.0,55.0,55.0,55.0,54.0
1790974862.4,cooldown,54.0,62.0,3300,3.14,457,0,56.0,51.0,5.0,53.0,51.0,56.0,56.0,56.0,54.0,53.0,53.0,54.0,54.0
1790974863.5,cooldown,55.0,62.0,3300,3.08,491,0,55.0,54.0,1.0,55.0,55.0,54.0,55.0,55.0,55.0,55.0,54.0,54.0,54.0
1790974864.5,cooldown,55.0,62.0,3300,3.43,438,0,56.0,54.0,2.0,55.0,55.0,55.0,56.0,56.0,56.0,54.0,54.0,54.0,54.0
1790974865.5,cooldown,56.0,62.0,3300,3.11,570,0,55.0,53.0,2.0,53.0,55.0,54.0,54.0,54.0,54.0,53.0,53.0,53.0,53.0
1790974866.5,cooldown,55.0,62.0,3300,3.76,471,0,54.0,53.0,1.0,53.0,53.0,54.0,54.0,54.0,54.0,54.0,54.0,54.0,54.0
1790974867.5,cooldown,55.0,62.0,3300,3.15,508,0,55.0,52.0,3.0,52.0,52.0,54.0,55.0,55.0,54.0,55.0,55.0,55.0,55.0
1790974868.5,cooldown,55.0,62.0,3300,3.19,486,0,55.0,53.0,2.0,53.0,53.0,54.0,54.0,54.0,54.0,54.0,55.0,55.0,55.0
1790974869.6,cooldown,55.0,61.0,3300,3.32,453,0,55.0,53.0,2.0,55.0,53.0,55.0,55.0,55.0,55.0,54.0,54.0,54.0,54.0
1790974870.6,cooldown,55.0,61.0,3300,3.24,448,0,54.0,53.0,1.0,54.0,53.0,53.0,54.0,54.0,54.0,54.0,54.0,54.0,54.0
1790974871.6,cooldown,55.0,61.0,3300,3.13,471,0,55.0,52.0,3.0,52.0,53.0,55.0,54.0,54.0,54.0,54.0,54.0,54.0,54.0
1790974872.6,cooldown,54.0,61.0,3300,3.19,496,0,54.0,53.0,1.0,53.0,53.0,54.0,54.0,54.0,54.0,54.0,54.0,54.0,54.0
1790974873.6,cooldown,57.0,61.0,3300,3.34,462,0,55.0,53.0,2.0,55.0,53.0,54.0,54.0,54.0,54.0,54.0,54.0,54.0,54.0
1790974874.6,cooldown,80.0,61.0,3300,4.41,2927,0,67.0,57.0,10.0,67.0,57.0,65.0,65.0,65.0,65.0,64.0,64.0,64.0,64.0
1790974875.7,cooldown,55.0,61.0,3300,8.08,470,0,55.0,53.0,2.0,55.0,53.0,54.0,54.0,54.0,54.0,54.0,54.0,54.0,54.0
1790974876.7,cooldown,55.0,61.0,3300,3.32,439,0,55.0,53.0,2.0,54.0,53.0,54.0,54.0,55.0,55.0,54.0,54.0,54.0,54.0
1790974877.7,cooldown,55.0,61.0,3300,3.12,460,0,55.0,51.0,4.0,55.0,51.0,55.0,55.0,55.0,55.0,53.0,53.0,53.0,53.0
1790974878.7,cooldown,54.0,61.0,3300,3.5,498,0,54.0,53.0,1.0,54.0,53.0,53.0,53.0,54.0,54.0,53.0,54.0,54.0,54.0
1790974879.7,cooldown,54.0,61.0,3300,3.47,505,0,55.0,53.0,2.0,53.0,55.0,53.0,53.0,53.0,54.0,53.0,53.0,53.0,53.0
1790974880.7,cooldown,54.0,61.0,3300,3.11,496,0,55.0,53.0,2.0,54.0,55.0,53.0,53.0,54.0,54.0,54.0,54.0,53.0,53.0
1790974881.8,cooldown,54.0,61.0,3300,2.94,436,0,55.0,53.0,2.0,54.0,53.0,55.0,55.0,55.0,55.0,53.0,53.0,53.0,53.0
1790974882.8,cooldown,54.0,61.0,3300,3.24,512,0,54.0,53.0,1.0,54.0,53.0,54.0,53.0,53.0,53.0,54.0,54.0,53.0,53.0
1790974883.8,cooldown,54.0,61.0,3300,3.19,489,0,55.0,53.0,2.0,54.0,55.0,54.0,54.0,54.0,54.0,53.0,53.0,54.0,54.0
1790974884.8,cooldown,55.0,61.0,3300,3.07,433,0,55.0,52.0,3.0,52.0,53.0,55.0,53.0,53.0,53.0,53.0,53.0,53.0,53.0
1790974885.8,cooldown,54.0,61.0,3300,3.6,459,0,55.0,52.0,3.0,54.0,53.0,55.0,55.0,55.0,55.0,53.0,53.0,53.0,52.0
1790974886.8,cooldown,54.0,61.0,3300,3.11,491,0,55.0,52.0,3.0,52.0,53.0,54.0,54.0,55.0,55.0,53.0,53.0,53.0,53.0
1790974887.9,cooldown,54.0,61.0,3300,3.02,508,0,56.0,51.0,5.0,53.0,51.0,56.0,56.0,56.0,54.0,52.0,52.0,51.0,51.0
1790974888.9,cooldown,54.0,61.0,3300,3.46,478,0,55.0,52.0,3.0,52.0,53.0,55.0,55.0,55.0,55.0,53.0,52.0,52.0,52.0
1790974889.9,cooldown,54.0,61.0,3300,3.04,466,0,55.0,52.0,3.0,52.0,55.0,55.0,53.0,53.0,53.0,53.0,53.0,53.0,53.0
1790974890.9,cooldown,54.0,61.0,3300,3.09,464,0,54.0,52.0,2.0,52.0,53.0,54.0,54.0,54.0,54.0,52.0,52.0,52.0,52.0
1790974891.9,cooldown,55.0,61.0,3300,3.2,496,0,54.0,51.0,3.0,54.0,51.0,53.0,53.0,53.0,53.0,52.0,52.0,52.0,51.0
1790974892.9,cooldown,54.0,61.0,3300,3.33,548,0,54.0,52.0,2.0,52.0,53.0,54.0,54.0,54.0,54.0,52.0,52.0,52.0,52.0
1790974894.0,cooldown,54.0,61.0,3300,3.23,459,0,53.0,53.0,0.0,53.0,53.0,53.0,53.0,53.0,53.0,53.0,53.0,53.0,53.0
1790974895.0,cooldown,55.0,61.0,3300,8.75,485,0,55.0,54.0,1.0,55.0,54.0,55.0,55.0,55.0,55.0,55.0,55.0,55.0,55.0
1790974896.0,cooldown,54.0,61.0,3300,3.88,464,0,55.0,52.0,3.0,52.0,52.0,55.0,55.0,53.0,53.0,53.0,53.0,52.0,52.0
1790974897.0,cooldown,55.0,61.0,3300,3.22,486,0,54.0,51.0,3.0,53.0,53.0,53.0,54.0,54.0,54.0,51.0,51.0,51.0,51.0
1790974898.0,cooldown,54.0,61.0,3300,3.4,420,0,54.0,52.0,2.0,52.0,53.0,53.0,53.0,53.0,54.0,52.0,53.0,53.0,53.0
1790974899.1,cooldown,54.0,61.0,3300,3.18,449,0,53.0,51.0,2.0,51.0,52.0,53.0,53.0,53.0,53.0,53.0,53.0,53.0,53.0
1790974900.1,cooldown,55.0,61.0,3300,3.07,466,0,54.0,52.0,2.0,53.0,52.0,53.0,53.0,54.0,54.0,53.0,53.0,53.0,53.0
1790974901.1,cooldown,54.0,61.0,3300,3.38,436,0,53.0,52.0,1.0,52.0,52.0,53.0,53.0,53.0,53.0,53.0,53.0,53.0,53.0
1790974902.1,cooldown,54.0,61.0,3300,3.39,482,0,53.0,52.0,1.0,52.0,52.0,53.0,53.0,53.0,53.0,53.0,52.0,52.0,52.0
1790974903.1,cooldown,54.0,61.0,3300,3.11,452,0,55.0,53.0,2.0,53.0,53.0,53.0,53.0,55.0,55.0,53.0,53.0,53.0,53.0
1790974904.1,cooldown,54.0,60.0,3300,3.06,429,0,54.0,49.0,5.0,52.0,49.0,54.0,53.0,53.0,53.0,52.0,53.0,53.0,53.0
1790974905.2,cooldown,53.0,60.0,3300,3.16,524,0,54.0,52.0,2.0,52.0,52.0,53.0,53.0,53.0,54.0,52.0,53.0,53.0,53.0
1790974906.2,cooldown,53.0,60.0,3300,3.99,460,0,53.0,52.0,1.0,52.0,52.0,53.0,53.0,53.0,53.0,53.0,53.0,53.0,53.0
1790974907.2,cooldown,53.0,60.0,3300,3.2,492,0,53.0,52.0,1.0,52.0,52.0,53.0,53.0,53.0,53.0,52.0,52.0,52.0,52.0
1790974908.2,cooldown,53.0,60.0,3300,3.32,556,0,54.0,51.0,3.0,52.0,51.0,53.0,53.0,54.0,54.0,51.0,52.0,51.0,51.0
1790974909.2,cooldown,54.0,60.0,3300,3.5,586,0,53.0,51.0,2.0,52.0,52.0,53.0,53.0,53.0,53.0,51.0,51.0,53.0,53.0
1790974910.3,cooldown,53.0,60.0,3300,3.26,459,0,53.0,51.0,2.0,52.0,52.0,53.0,53.0,53.0,53.0,53.0,51.0,53.0,53.0
1790974911.3,cooldown,54.0,60.0,3300,3.14,465,0,53.0,51.0,2.0,52.0,52.0,53.0,53.0,53.0,53.0,51.0,51.0,51.0,53.0
1790974912.3,cooldown,53.0,60.0,3300,3.16,452,0,53.0,52.0,1.0,52.0,52.0,53.0,53.0,53.0,53.0,53.0,53.0,53.0,53.0
1790974913.3,cooldown,53.0,60.0,3300,3.14,473,0,53.0,51.0,2.0,51.0,52.0,53.0,53.0,53.0,53.0,51.0,51.0,53.0,53.0
1790974914.3,cooldown,53.0,60.0,3300,3.0,426,0,53.0,51.0,2.0,52.0,52.0,53.0,53.0,53.0,53.0,51.0,51.0,51.0,51.0
1790974915.3,cooldown,53.0,61.0,3300,8.5,476,0,53.0,52.0,1.0,52.0,52.0,53.0,53.0,53.0,53.0,52.0,52.0,52.0,52.0
1790974916.4,cooldown,53.0,61.0,3300,3.67,481,0,52.0,51.0,1.0,52.0,52.0,52.0,52.0,52.0,52.0,51.0,51.0,51.0,51.0
1790974917.4,cooldown,54.0,61.0,3300,3.15,492,0,53.0,51.0,2.0,52.0,52.0,52.0,52.0,53.0,53.0,51.0,51.0,51.0,53.0
1790974918.4,cooldown,53.0,61.0,3300,3.15,467,0,53.0,51.0,2.0,53.0,51.0,53.0,53.0,53.0,53.0,51.0,53.0,53.0,53.0
1790974919.4,cooldown,54.0,61.0,3300,3.22,428,0,53.0,52.0,1.0,52.0,52.0,53.0,53.0,53.0,53.0,53.0,53.0,53.0,53.0
1790974920.4,cooldown,53.0,61.0,3300,3.15,478,0,53.0,51.0,2.0,52.0,52.0,53.0,53.0,53.0,53.0,51.0,53.0,53.0,53.0
1790974921.4,cooldown,53.0,60.0,3300,3.41,433,0,52.0,51.0,1.0,52.0,52.0,52.0,52.0,52.0,52.0,51.0,51.0,51.0,51.0
1790974922.5,cooldown,53.0,60.0,3300,3.12,494,0,52.0,51.0,1.0,52.0,52.0,52.0,52.0,52.0,52.0,51.0,51.0,52.0,52.0
1790974923.5,cooldown,54.0,60.0,3300,3.31,495,0,52.0,49.0,3.0,52.0,49.0,52.0,52.0,52.0,52.0,51.0,51.0,51.0,51.0
1790974924.5,cooldown,54.0,60.0,3300,3.13,481,0,53.0,50.0,3.0,51.0,51.0,53.0,53.0,52.0,52.0,50.0,50.0,50.0,50.0
1790974925.5,cooldown,53.0,60.0,3200,3.05,502,0,53.0,50.0,3.0,52.0,51.0,52.0,53.0,53.0,53.0,50.0,50.0,50.0,51.0
1790974926.5,cooldown,53.0,60.0,3100,3.7,503,0,53.0,51.0,2.0,52.0,52.0,52.0,52.0,53.0,53.0,51.0,51.0,51.0,51.0
1790974927.6,cooldown,53.0,60.0,3100,3.21,464,0,53.0,51.0,2.0,52.0,52.0,53.0,53.0,53.0,53.0,53.0,51.0,51.0,51.0
1790974928.6,cooldown,54.0,60.0,3100,3.36,730,0,53.0,51.0,2.0,52.0,52.0,53.0,53.0,53.0,53.0,51.0,51.0,51.0,51.0
1790974929.6,cooldown,54.0,60.0,3100,3.1,502,0,52.0,51.0,1.0,52.0,52.0,52.0,52.0,52.0,52.0,51.0,51.0,51.0,51.0
1790974930.6,cooldown,53.0,60.0,3100,2.96,470,0,53.0,51.0,2.0,52.0,51.0,53.0,53.0,53.0,53.0,53.0,53.0,53.0,53.0
1790974931.6,cooldown,53.0,60.0,3100,2.95,463,0,53.0,51.0,2.0,52.0,51.0,53.0,52.0,52.0,53.0,51.0,51.0,51.0,51.0
1790974932.6,cooldown,53.0,60.0,3100,3.29,452,0,53.0,51.0,2.0,52.0,51.0,53.0,53.0,53.0,53.0,51.0,51.0,51.0,51.0
1790974933.7,cooldown,53.0,60.0,3100,2.95,457,0,53.0,50.0,3.0,51.0,52.0,52.0,51.0,53.0,53.0,50.0,50.0,50.0,50.0
